node,name,RTT_ms,interest_receive_time,interest_sent_time,interest_latency,data_receive_time,data_sent_time,data_latency,parsing,processing,sending_time,functions
/dlsu/goks/cam,/dlsu/goks/cam,0.000000,60996.24327492714,0,,0,60996.282948970795,,3.54,41.98,11271.16,[]
/dlsu/goks/cam,/dlsu/goks/cam,0.000000,61012.58414411545,0,,0,0,,1.08,1.90,25.18,[]
/dlsu/goks/cam,/dlsu/goks/cam,0.000000,61012.638215065,0,,0,0,,0.09,1.48,20.47,[]
/dlsu/goks/cam,/dlsu/goks/cam,0.000000,0,0,,0,0,,0.01,0.00,25.08,[]
/dlsu/goks/cam,/dlsu/goks/cam,0.000000,61012.76625204086,0,,0,0,,0.08,0.64,20.21,[]
/dlsu/goks/cam,/dlsu/goks/cam,0.000000,61012.79640007019,0,,0,0,,0.04,0.77,21.33,[]
/dlsu/goks/cam,/dlsu/goks/cam,0.000000,61012.86853790283,0,,0,0,,0.08,1.24,23.19,[]
/dlsu/goks/cam,/dlsu/goks/cam,0.000000,61012.894361019135,0,,0,0,,0.02,0.61,22.99,[]
/dlsu/goks/cam,/dlsu/goks/cam,0.000000,0,0,,0,0,,0.01,0.00,25.10,[]
/dlsu/goks/cam,/dlsu/goks/cam,0.000000,61012.937141895294,0,,0,0,,0.10,0.31,24.46,[]
/dlsu/goks/cam,/dlsu/goks/cam,0.000000,61012.980737924576,0,,0,0,,0.04,0.78,21.03,[]
/dlsu/goks/cam,/dlsu/goks/cam,0.000000,61013.043154001236,0,,0,0,,0.04,0.87,22.78,[]
/dlsu/goks/cam,/dlsu/goks/cam,0.000000,61013.08442592621,0,,0,0,,0.05,0.49,25.32,[]
/dlsu/goks/cam,/dlsu/goks/cam,0.000000,61013.14441204071,0,,0,0,,0.04,0.56,20.90,[]
/dlsu/goks/cam,/dlsu/goks/cam,0.000000,61013.18187999725,0,,0,0,,0.04,0.19,20.96,[]
/dlsu/goks/cam,/dlsu/goks/cam,0.000000,61013.23370909691,0,,0,0,,0.06,0.92,22.26,[]
/dlsu/goks/cam,/dlsu/goks/cam,0.000000,0,0,,0,0,,0.01,0.00,25.09,[]
/dlsu/goks/cam,/dlsu/goks/cam,0.000000,61013.26781797409,0,,0,0,,0.09,0.58,22.77,[]
/dlsu/goks/cam,/dlsu/goks/cam,0.000000,61013.294729948044,0,,0,0,,0.03,0.58,25.08,[]
/dlsu/goks/cam,/dlsu/goks/cam,0.000000,61013.34393000603,0,,0,0,,0.03,0.62,20.36,[]
/dlsu/goks/cam,/dlsu/goks/cam,0.000000,61013.38618397713,0,,0,0,,0.04,0.76,25.16,[]
/dlsu/goks/cam,/dlsu/goks/cam,0.000000,61013.44975590706,0,,0,0,,0.05,1.02,22.10,[]
/dlsu/goks/cam,/dlsu/goks/cam,0.000000,0,0,,0,0,,0.01,0.00,25.09,[]
/dlsu/goks/cam,/dlsu/goks/cam,0.000000,61013.54663705826,0,,0,0,,0.04,0.85,22.57,[]
/dlsu/goks/cam,/dlsu/goks/cam,0.000000,61013.6237680912,0,,0,0,,0.05,0.55,21.60,[]
/dlsu/goks/cam,/dlsu/goks/cam,0.000000,61013.660619974136,0,,0,0,,0.03,0.89,25.12,[]
/dlsu/goks/cam,/dlsu/goks/cam,0.000000,61013.7758910656,0,,0,0,,0.06,0.84,25.35,[]
/dlsu/goks/cam,/dlsu/goks/cam,0.000000,61013.84589409828,0,,0,0,,0.07,0.96,25.44,[]
/dlsu/goks/cam,/dlsu/goks/cam,0.000000,0,0,,0,0,,0.01,0.00,22.35,[]
/dlsu/goks/cam,/dlsu/goks/cam,0.000000,61013.888488054276,0,,0,0,,0.03,0.56,22.83,[]
/dlsu/goks/cam,/dlsu/goks/cam,0.000000,61013.93030190468,0,,0,0,,0.06,0.91,22.19,[]
/dlsu/goks/cam,/dlsu/goks/cam,0.000000,0,0,,0,0,,0.01,0.00,25.07,[]
/dlsu/goks/cam,/dlsu/goks/cam,0.000000,61013.97926211357,0,,0,0,,0.03,0.53,22.79,[]
/dlsu/goks/cam,/dlsu/goks/cam,0.000000,61014.06444001198,0,,0,0,,0.07,0.98,25.36,[]
/dlsu/goks/cam,/dlsu/goks/cam,0.000000,61014.08073210716,0,,0,0,,0.02,0.37,20.59,[]
/dlsu/goks/cam,/dlsu/goks/cam,0.000000,61014.09653401375,0,,0,0,,0.02,0.37,25.35,[]
/dlsu/goks/cam,/dlsu/goks/cam,0.000000,0,0,,0,0,,0.01,0.00,25.08,[]
/dlsu/goks/cam,/dlsu/goks/cam,0.000000,61014.15199804306,0,,0,0,,0.04,0.70,25.35,[]
/dlsu/goks/cam,/dlsu/goks/cam,0.000000,61014.193819999695,0,,0,0,,0.02,0.61,21.81,[]
/dlsu/goks/cam,/dlsu/goks/cam,0.000000,61014.239917993546,0,,0,0,,0.03,0.74,25.15,[]
/dlsu/goks/cam,/dlsu/goks/cam,0.000000,61014.302982091904,0,,0,0,,0.04,0.43,24.74,[]
/dlsu/goks/cam,/dlsu/goks/cam,0.000000,61014.35825705528,0,,0,0,,0.05,0.63,22.95,[]
/dlsu/goks/cam,/dlsu/goks/cam,0.000000,0,0,,0,0,,0.00,0.00,21.93,[]
/dlsu/goks/cam,/dlsu/goks/cam,0.000000,61014.419243097305,0,,0,0,,0.03,1.00,25.16,[]
/dlsu/goks/cam,/dlsu/goks/cam,0.000000,61014.507941007614,0,,0,0,,0.05,1.01,20.87,[]
/dlsu/goks/cam,/dlsu/goks/cam,0.000000,0,0,,0,0,,0.00,0.00,23.23,[]
/dlsu/goks/cam,/dlsu/goks/cam,0.000000,61014.54237008095,0,,0,0,,0.09,0.50,23.79,[]
/dlsu/goks/cam,/dlsu/goks/cam,0.000000,61014.57748389244,0,,0,0,,0.03,0.46,20.99,[]
/dlsu/goks/cam,/dlsu/goks/cam,0.000000,61014.636451005936,0,,0,0,,0.03,0.67,25.14,[]
/dlsu/goks/cam,/dlsu/goks/cam,0.000000,61014.70507502556,0,,0,0,,0.05,0.95,21.58,[]
/dlsu/goks/cam,/dlsu/goks/cam,0.000000,0,0,,0,0,,0.00,0.00,25.06,[]
/dlsu/goks/cam,/dlsu/goks/cam,0.000000,61014.77382993698,0,,0,0,,0.05,1.04,24.26,[]
/dlsu/goks/cam,/dlsu/goks/cam,0.000000,0,0,,0,0,,0.01,0.00,24.74,[]
/dlsu/goks/cam,/dlsu/goks/cam,0.000000,61014.85794496536,0,,0,0,,0.05,0.56,25.14,[]
/dlsu/goks/cam,/dlsu/goks/cam,0.000000,61014.92735910416,0,,0,0,,0.06,1.30,25.06,[]
/dlsu/goks/cam,/dlsu/goks/cam,0.000000,61014.94372391701,0,,0,0,,0.02,0.59,25.11,[]
/dlsu/goks/cam,/dlsu/goks/cam,0.000000,0,0,,0,0,,0.01,0.00,24.03,[]
/dlsu/goks/cam,/dlsu/goks/cam,0.000000,61015.001625061035,0,,0,0,,0.02,0.52,23.45,[]
/dlsu/goks/cam,/dlsu/goks/cam,0.000000,61015.05928993225,0,,0,0,,0.04,0.56,25.12,[]
/dlsu/goks/cam,/dlsu/goks/cam,0.000000,61019.63169503212,0,,0,0,,0.13,0.68,21.68,[]
/dlsu/goks/cam,/dlsu/goks/cam,0.000000,61019.66378593445,0,,0,0,,0.04,0.60,21.40,[]
/dlsu/goks/cam,/dlsu/goks/cam,0.000000,0,0,,0,0,,0.01,0.00,21.07,[]
/dlsu/goks/cam,/dlsu/goks/cam,0.000000,61019.856739997864,0,,0,0,,0.11,0.99,22.39,[]
/dlsu/goks/cam,/dlsu/goks/cam,0.000000,61019.87247610092,0,,0,0,,0.02,0.72,22.90,[]
/dlsu/goks/cam,/dlsu/goks/cam,0.000000,61019.900374889374,0,,0,0,,0.02,0.73,22.44,[]
/dlsu/goks/cam,/dlsu/goks/cam,0.000000,61019.9313249588,0,,0,0,,0.03,0.42,25.27,[]
/dlsu/goks/cam,/dlsu/goks/cam,0.000000,61019.944480895996,0,,0,0,,0.08,0.85,25.08,[]
/dlsu/goks/cam,/dlsu/goks/cam,0.000000,0,0,,0,0,,0.01,0.00,20.78,[]
/dlsu/goks/cam,/dlsu/goks/cam,0.000000,61020.06245803833,0,,0,0,,0.05,0.56,25.14,[]
/dlsu/goks/cam,/dlsu/goks/cam,0.000000,61020.18307900429,0,,0,0,,2.10,2.34,23.41,[]
/dlsu/goks/cam,/dlsu/goks/cam,0.000000,61020.21597790718,0,,0,0,,0.07,3.71,22.27,[]
/dlsu/goks/cam,/dlsu/goks/cam,0.000000,61020.27351498604,0,,0,0,,0.35,17.69,30.79,[]
/dlsu/goks/cam,/dlsu/goks/cam,0.000000,61020.300088882446,0,,0,0,,0.08,0.82,26.12,[]
/dlsu/goks/cam,/dlsu/goks/cam,0.000000,61020.33049798012,0,,0,0,,0.11,0.25,25.09,[]
/dlsu/goks/cam,/dlsu/goks/cam,0.000000,0,0,,0,0,,0.01,0.00,25.12,[]
/dlsu/goks/cam,/dlsu/goks/cam,0.000000,61020.38858604431,0,,0,0,,0.03,0.68,25.12,[]
/dlsu/goks/cam,/dlsu/goks/cam,0.000000,61020.4254219532,0,,0,0,,0.03,0.43,24.02,[]
/dlsu/goks/cam,/dlsu/goks/cam,0.000000,0,0,,0,0,,0.01,0.00,25.07,[]
/dlsu/goks/cam,/dlsu/goks/cam,0.000000,61020.49388599396,0,,0,0,,0.06,1.11,20.93,[]
/dlsu/goks/cam,/dlsu/goks/cam,0.000000,0,0,,0,0,,0.00,0.00,25.06,[]
/dlsu/goks/cam,/dlsu/goks/cam,0.000000,0,0,,0,0,,0.01,0.00,25.08,[]
/dlsu/goks/cam,/dlsu/goks/cam,0.000000,61025.62744092941,0,,0,0,,0.11,0.76,21.16,[]
/dlsu/goks/cam,/dlsu/goks/cam,0.000000,61025.67502593994,0,,0,0,,0.04,0.62,20.48,[]
/dlsu/goks/cam,/dlsu/goks/cam,0.000000,61025.76453590393,0,,0,0,,0.14,0.79,20.98,[]
/dlsu/goks/cam,/dlsu/goks/cam,0.000000,0,0,,0,0,,0.00,0.00,24.60,[]
/dlsu/goks/cam,/dlsu/goks/cam,0.000000,61025.83571791649,0,,0,0,,0.05,1.52,20.56,[]
/dlsu/goks/cam,/dlsu/goks/cam,0.000000,0,0,,0,0,,0.01,0.00,20.82,[]
/dlsu/goks/cam,/dlsu/goks/cam,0.000000,61025.87311196327,0,,0,0,,0.06,1.25,25.27,[]
/dlsu/goks/cam,/dlsu/goks/cam,0.000000,61025.960300922394,0,,0,0,,0.24,2.12,25.21,[]
/dlsu/goks/cam,/dlsu/goks/cam,0.000000,0,0,,0,0,,0.01,0.00,23.51,[]
/dlsu/goks/cam,/dlsu/goks/cam,0.000000,61026.022773981094,0,,0,0,,0.03,0.50,25.12,[]
14

/dlsu/goks/cam,/dlsu/goks/cam,0.000000,61053.76210689545,0,,0,61053.7802169323,,6.89,20.27,16348.90,[]
/dlsu/goks/cam,/dlsu/goks/cam,0.000000,61075.67603588104,0,,0,0,,1.12,3.32,21.62,[]
/dlsu/goks/cam,/dlsu/goks/cam,0.000000,61075.71294307709,0,,0,0,,0.79,5.39,22.18,[]
/dlsu/goks/cam,/dlsu/goks/cam,0.000000,61075.75141406059,0,,0,0,,0.32,5.34,22.12,[]
/dlsu/goks/cam,/dlsu/goks/cam,0.000000,61075.83638906479,0,,0,0,,0.64,10.05,24.22,[]
/dlsu/goks/cam,/dlsu/goks/cam,0.000000,0,0,,0,0,,0.05,0.00,21.06,[]
/dlsu/goks/cam,/dlsu/goks/cam,0.000000,61075.898673057556,0,,0,0,,0.23,2.51,22.80,[]
/dlsu/goks/cam,/dlsu/goks/cam,0.000000,61075.993757009506,0,,0,0,,2.56,7.07,23.85,[]
/dlsu/goks/cam,/dlsu/goks/cam,0.000000,0,0,,0,0,,0.02,0.00,20.88,[]
/dlsu/goks/cam,/dlsu/goks/cam,0.000000,61076.04425406456,0,,0,0,,0.84,6.30,25.30,[]
/dlsu/goks/cam,/dlsu/goks/cam,0.000000,61076.06914806366,0,,0,0,,0.14,6.27,22.00,[]
/dlsu/goks/cam,/dlsu/goks/cam,0.000000,0,0,,0,0,,0.02,0.00,21.57,[]
/dlsu/goks/cam,/dlsu/goks/cam,0.000000,61076.190908908844,0,,0,0,,0.61,2.94,21.71,[]
/dlsu/goks/cam,/dlsu/goks/cam,0.000000,0,0,,0,0,,0.04,0.00,21.72,[]
/dlsu/goks/cam,/dlsu/goks/cam,0.000000,61076.23919391632,0,,0,0,,0.17,0.66,21.64,[]
/dlsu/goks/cam,/dlsu/goks/cam,0.000000,61076.28274798393,0,,0,0,,4.83,1.81,22.46,[]
/dlsu/goks/cam,/dlsu/goks/cam,0.000000,61076.31892490387,0,,0,0,,1.46,4.36,22.09,[]
/dlsu/goks/cam,/dlsu/goks/cam,0.000000,61076.37187600136,0,,0,0,,0.59,1.84,23.80,[]
/dlsu/goks/cam,/dlsu/goks/cam,0.000000,61076.44684410095,0,,0,0,,1.11,14.04,24.49,[]
/dlsu/goks/cam,/dlsu/goks/cam,0.000000,0,0,,0,0,,0.04,0.00,22.13,[]
/dlsu/goks/cam,/dlsu/goks/cam,0.000000,61076.487932920456,0,,0,0,,0.13,3.53,23.83,[]
/dlsu/goks/cam,/dlsu/goks/cam,0.000000,61076.577337026596,0,,0,0,,1.78,5.02,29.08,[]
/dlsu/goks/cam,/dlsu/goks/cam,0.000000,0,0,,0,0,,0.04,9.43,22.49,[]
/dlsu/goks/cam,/dlsu/goks/cam,0.000000,61076.62515211105,0,,0,0,,0.11,8.46,24.19,[]
/dlsu/goks/cam,/dlsu/goks/cam,0.000000,0,0,,0,0,,0.03,0.00,21.54,[]
/dlsu/goks/cam,/dlsu/goks/cam,0.000000,61076.713705062866,0,,0,0,,0.49,7.32,23.57,[]
/dlsu/goks/cam,/dlsu/goks/cam,0.000000,0,0,,0,0,,0.05,0.00,21.56,[]
/dlsu/goks/cam,/dlsu/goks/cam,0.000000,61076.7727060318,0,,0,0,,0.29,8.85,24.28,[]
/dlsu/goks/cam,/dlsu/goks/cam,0.000000,61076.8083589077,0,,0,0,,0.15,2.97,21.29,[]
/dlsu/goks/cam,/dlsu/goks/cam,0.000000,0,0,,0,0,,0.03,0.00,21.09,[]
/dlsu/goks/cam,/dlsu/goks/cam,0.000000,0,0,,0,0,,0.08,3.24,23.63,[]
/dlsu/goks/cam,/dlsu/goks/cam,0.000000,61076.88361406326,0,,0,0,,0.14,5.89,23.52,[]
/dlsu/goks/cam,/dlsu/goks/cam,0.000000,61076.930790901184,0,,0,0,,2.52,1.54,21.07,[]
/dlsu/goks/cam,/dlsu/goks/cam,0.000000,61076.981852054596,0,,0,0,,0.73,4.04,21.75,[]
/dlsu/goks/cam,/dlsu/goks/cam,0.000000,0,0,,0,0,,0.01,0.00,21.70,[]
/dlsu/goks/cam,/dlsu/goks/cam,0.000000,61077.03757596016,0,,0,0,,0.14,0.39,21.71,[]
/dlsu/goks/cam,/dlsu/goks/cam,0.000000,61077.06904101372,0,,0,0,,0.22,1.80,22.49,[]
/dlsu/goks/cam,/dlsu/goks/cam,0.000000,61077.15393304825,0,,0,0,,0.29,4.08,25.75,[]
/dlsu/goks/cam,/dlsu/goks/cam,0.000000,61077.234801054,0,,0,0,,2.48,8.52,29.96,[]
/dlsu/goks/cam,/dlsu/goks/cam,0.000000,0,0,,0,0,,0.06,0.00,29.62,[]
/dlsu/goks/cam,/dlsu/goks/cam,0.000000,61077.30085206032,0,,0,0,,2.17,0.44,21.61,[]
/dlsu/goks/cam,/dlsu/goks/cam,0.000000,61077.389265060425,0,,0,0,,0.29,3.11,21.33,[]
/dlsu/goks/cam,/dlsu/goks/cam,0.000000,61077.44483590126,0,,0,0,,0.74,8.28,25.21,[]
/dlsu/goks/cam,/dlsu/goks/cam,0.000000,61077.48134589195,0,,0,0,,0.63,5.35,21.81,[]
/dlsu/goks/cam,/dlsu/goks/cam,0.000000,0,0,,0,0,,0.02,5.01,24.49,[]
/dlsu/goks/cam,/dlsu/goks/cam,0.000000,61077.51296496391,0,,0,0,,0.31,6.20,27.31,[]
/dlsu/goks/cam,/dlsu/goks/cam,0.000000,61077.560916900635,0,,0,0,,0.76,2.77,23.68,[]
/dlsu/goks/cam,/dlsu/goks/cam,0.000000,0,0,,0,0,,0.05,0.00,21.24,[]
/dlsu/goks/cam,/dlsu/goks/cam,0.000000,61077.62771105766,0,,0,0,,1.78,7.92,23.08,[]
/dlsu/goks/cam,/dlsu/goks/cam,0.000000,0,0,,0,0,,0.04,0.00,23.51,[]
/dlsu/goks/cam,/dlsu/goks/cam,0.000000,61077.70153903961,0,,0,0,,0.35,8.25,23.57,[]
/dlsu/goks/cam,/dlsu/goks/cam,0.000000,0,0,,0,0,,0.03,0.00,21.04,[]
/dlsu/goks/cam,/dlsu/goks/cam,0.000000,61077.74857997894,0,,0,0,,0.37,2.14,21.95,[]
/dlsu/goks/cam,/dlsu/goks/cam,0.000000,61077.852142095566,0,,0,0,,0.53,0.87,21.48,[]
/dlsu/goks/cam,/dlsu/goks/cam,0.000000,61077.89192008972,0,,0,0,,0.60,1.08,21.82,[]
/dlsu/goks/cam,/dlsu/goks/cam,0.000000,61077.95814204216,0,,0,0,,2.13,10.78,25.40,[]
/dlsu/goks/cam,/dlsu/goks/cam,0.000000,61077.97902202606,0,,0,0,,0.13,6.05,21.48,[]
/dlsu/goks/cam,/dlsu/goks/cam,0.000000,0,0,,0,0,,0.02,0.00,22.39,[]
/dlsu/goks/cam,/dlsu/goks/cam,0.000000,61078.040399074554,0,,0,0,,0.24,3.19,25.45,[]
/dlsu/goks/cam,/dlsu/goks/cam,0.000000,61078.09129905701,0,,0,0,,0.42,7.17,26.04,[]
/dlsu/goks/cam,/dlsu/goks/cam,0.000000,0,0,,0,0,,0.03,0.00,21.41,[]
/dlsu/goks/cam,/dlsu/goks/cam,0.000000,61078.17794895172,0,,0,0,,0.27,10.01,22.87,[]
/dlsu/goks/cam,/dlsu/goks/cam,0.000000,0,0,,0,0,,0.00,0.00,21.23,[]
/dlsu/goks/cam,/dlsu/goks/cam,0.000000,61078.22693300247,0,,0,0,,0.35,4.52,25.01,[]
/dlsu/goks/cam,/dlsu/goks/cam,0.000000,61078.286037921906,0,,0,0,,0.37,10.57,26.15,[]
/dlsu/goks/cam,/dlsu/goks/cam,0.000000,61078.30062890053,0,,0,0,,0.07,1.85,22.48,[]
/dlsu/goks/cam,/dlsu/goks/cam,0.000000,61078.336268901825,0,,0,0,,0.45,7.38,23.11,[]
/dlsu/goks/cam,/dlsu/goks/cam,0.000000,0,0,,0,0,,0.00,0.00,21.31,[]
/dlsu/goks/cam,/dlsu/goks/cam,0.000000,61078.407136917114,0,,0,0,,0.33,7.84,26.27,[]
/dlsu/goks/cam,/dlsu/goks/cam,0.000000,61078.44535398483,0,,0,0,,0.26,0.00,22.16,[]
/dlsu/goks/cam,/dlsu/goks/cam,0.000000,0,0,,0,0,,0.04,6.36,25.97,[]
/dlsu/goks/cam,/dlsu/goks/cam,0.000000,61078.48268389702,0,,0,0,,0.22,5.60,26.13,[]
/dlsu/goks/cam,/dlsu/goks/cam,0.000000,61078.53579711914,0,,0,0,,0.26,1.57,21.04,[]
/dlsu/goks/cam,/dlsu/goks/cam,0.000000,61078.56955909729,0,,0,0,,0.70,0.95,21.35,[]
/dlsu/goks/cam,/dlsu/goks/cam,0.000000,61078.60949611664,0,,0,0,,0.19,1.56,21.49,[]
/dlsu/goks/cam,/dlsu/goks/cam,0.000000,61078.682796001434,0,,0,0,,0.84,3.24,22.05,[]
/dlsu/goks/cam,/dlsu/goks/cam,0.000000,61078.721621990204,0,,0,0,,0.86,6.14,21.91,[]
/dlsu/goks/cam,/dlsu/goks/cam,0.000000,0,0,,0,0,,0.04,0.00,21.58,[]
/dlsu/goks/cam,/dlsu/goks/cam,0.000000,61078.803029060364,0,,0,0,,1.49,10.43,27.53,[]
/dlsu/goks/cam,/dlsu/goks/cam,0.000000,61078.83122396469,0,,0,0,,0.82,6.43,21.83,[]
/dlsu/goks/cam,/dlsu/goks/cam,0.000000,0,0,,0,0,,0.02,0.00,21.43,[]
/dlsu/goks/cam,/dlsu/goks/cam,0.000000,61078.87632703781,0,,0,0,,0.44,4.06,25.02,[]
/dlsu/goks/cam,/dlsu/goks/cam,0.000000,61078.966103076935,0,,0,0,,2.44,10.20,22.93,[]
/dlsu/goks/cam,/dlsu/goks/cam,0.000000,0,0,,0,0,,0.02,0.00,23.67,[]
/dlsu/goks/cam,/dlsu/goks/cam,0.000000,61079.00962305069,0,,0,0,,0.23,4.05,24.12,[]
/dlsu/goks/cam,/dlsu/goks/cam,0.000000,61079.089888095856,0,,0,0,,3.71,11.45,25.54,[]
/dlsu/goks/cam,/dlsu/goks/cam,0.000000,0,0,,0,0,,1.45,0.00,22.72,[]
/dlsu/goks/cam,/dlsu/goks/cam,0.000000,61079.19419693947,0,,0,0,,3.45,11.47,22.82,[]
/dlsu/goks/cam,/dlsu/goks/cam,0.000000,0,0,,0,0,,0.12,0.00,21.21,[]
/dlsu/goks/cam,/dlsu/goks/cam,0.000000,61079.254173994064,0,,0,0,,0.28,2.30,20.76,[]
/dlsu/goks/cam,/dlsu/goks/cam,0.000000,0,0,,0,0,,0.02,0.00,21.16,[]
/dlsu/goks/cam,/dlsu/goks/cam,0.000000,0,0,,0,0,,0.01,0.00,22.55,[]
/dlsu/goks/cam,/dlsu/goks/cam,0.000000,61079.31021308899,0,,0,0,,0.02,4.60,24.04,[]
/dlsu/goks/cam,/dlsu/goks/cam,0.000000,61079.350434064865,0,,0,0,,0.69,2.43,21.50,[]
/dlsu/goks/cam,/dlsu/goks/cam,0.000000,61079.394011974335,0,,0,0,,1.74,2.54,20.45,[]
/dlsu/goks/cam,/dlsu/goks/cam,0.000000,61084.72645807266,0,,0,0,,1.15,1.02,21.06,[]
/dlsu/goks/cam,/dlsu/goks/cam,0.000000,61084.77730703354,0,,0,0,,0.46,3.26,23.46,[]
/dlsu/goks/cam,/dlsu/goks/cam,0.000000,61084.83815193176,0,,0,0,,0.18,6.40,24.51,[]
/dlsu/goks/cam,/dlsu/goks/cam,0.000000,61084.910026073456,0,,0,0,,0.19,10.32,23.28,[]
/dlsu/goks/cam,/dlsu/goks/cam,0.000000,61084.936193943024,0,,0,0,,0.16,0.65,21.25,[]
/dlsu/goks/cam,/dlsu/goks/cam,0.000000,0,0,,0,0,,0.00,0.00,23.35,[]
/dlsu/goks/cam,/dlsu/goks/cam,0.000000,61084.99667596817,0,,0,0,,0.22,0.84,21.56,[]
/dlsu/goks/cam,/dlsu/goks/cam,0.000000,61085.13633298874,0,,0,0,,0.68,0.98,28.18,[]
/dlsu/goks/cam,/dlsu/goks/cam,0.000000,61085.167248010635,0,,0,0,,0.64,21.44,23.68,[]
/dlsu/goks/cam,/dlsu/goks/cam,0.000000,0,0,,0,0,,0.02,0.00,21.79,[]
/dlsu/goks/cam,/dlsu/goks/cam,0.000000,61085.25446295738,0,,0,0,,0.31,13.93,25.29,[]
/dlsu/goks/cam,/dlsu/goks/cam,0.000000,0,0,,0,0,,0.00,0.00,21.31,[]
/dlsu/goks/cam,/dlsu/goks/cam,0.000000,61085.29453110695,0,,0,0,,1.71,8.90,67.38,[]
/dlsu/goks/cam,/dlsu/goks/cam,0.000000,61085.401591062546,0,,0,0,,0.14,44.76,23.23,[]
/dlsu/goks/cam,/dlsu/goks/cam,0.000000,61085.420238018036,0,,0,0,,0.10,3.18,21.83,[]
/dlsu/goks/cam,/dlsu/goks/cam,0.000000,0,0,,0,0,,0.03,0.00,21.57,[]
/dlsu/goks/cam,/dlsu/goks/cam,0.000000,61085.46727490425,0,,0,0,,0.06,0.94,22.28,[]
/dlsu/goks/cam,/dlsu/goks/cam,0.000000,61085.50903606415,0,,0,0,,0.07,3.27,21.08,[]
/dlsu/goks/cam,/dlsu/goks/cam,0.000000,61085.535522937775,0,,0,0,,0.09,0.00,22.04,[]
/dlsu/goks/cam,/dlsu/goks/cam,0.000000,0,0,,0,0,,0.02,0.00,20.67,[]
/dlsu/goks/cam,/dlsu/goks/cam,0.000000,0,0,,0,0,,0.04,0.00,22.97,[]
/dlsu/goks/cam,/dlsu/goks/cam,0.000000,61085.60142493248,0,,0,0,,0.17,6.05,21.53,[]
/dlsu/goks/cam,/dlsu/goks/cam,0.000000,61085.633392095566,0,,0,0,,0.31,0.00,21.51,[]
/dlsu/goks/cam,/dlsu/goks/cam,0.000000,61085.65748810768,0,,0,0,,0.14,10.16,27.05,[]
/dlsu/goks/cam,/dlsu/goks/cam,0.000000,0,0,,0,0,,0.02,0.00,20.36,[]
/dlsu/goks/cam,/dlsu/goks/cam,0.000000,61090.74504804611,0,,0,0,,0.63,2.85,21.42,[]
/dlsu/goks/cam,/dlsu/goks/cam,0.000000,61090.80872297287,0,,0,0,,0.26,5.37,25.26,[]
/dlsu/goks/cam,/dlsu/goks/cam,0.000000,61090.888879060745,0,,0,0,,2.16,7.48,25.71,[]
/dlsu/goks/cam,/dlsu/goks/cam,0.000000,61090.91247200966,0,,0,0,,0.08,6.01,21.33,[]
/dlsu/goks/cam,/dlsu/goks/cam,0.000000,0,0,,0,0,,0.02,0.00,21.70,[]
1

/dlsu/goks/cam,/dlsu/goks/cam,0.000000,61803.36801600456,0,,0,61803.619455099106,,44.48,252.62,114762.23,[]
/dlsu/goks/cam,/dlsu/goks/cam,0.000000,61923.67814397812,0,,0,0,,1.05,2.39,25.33,[]
/dlsu/goks/cam,/dlsu/goks/cam,0.000000,61923.70863008499,0,,0,0,,0.03,0.91,20.18,[]
/dlsu/goks/cam,/dlsu/goks/cam,0.000000,61923.75642609596,0,,0,0,,0.08,0.78,21.79,[]
/dlsu/goks/cam,/dlsu/goks/cam,0.000000,61923.80623102188,0,,0,0,,0.16,1.74,23.42,[]
/dlsu/goks/cam,/dlsu/goks/cam,0.000000,0,0,,0,0,,0.00,0.00,25.15,[]
/dlsu/goks/cam,/dlsu/goks/cam,0.000000,61923.86529588699,0,,0,0,,0.05,0.85,25.17,[]
/dlsu/goks/cam,/dlsu/goks/cam,0.000000,61923.911089897156,0,,0,0,,0.04,0.86,20.56,[]
/dlsu/goks/cam,/dlsu/goks/cam,0.000000,61923.94229888916,0,,0,0,,0.04,0.80,21.57,[]
/dlsu/goks/cam,/dlsu/goks/cam,0.000000,61923.991403102875,0,,0,0,,0.05,0.96,25.15,[]
/dlsu/goks/cam,/dlsu/goks/cam,0.000000,61924.03140807152,0,,0,0,,0.04,0.88,25.13,[]
/dlsu/goks/cam,/dlsu/goks/cam,0.000000,61924.07459497452,0,,0,0,,0.03,0.77,25.13,[]
/dlsu/goks/cam,/dlsu/goks/cam,0.000000,61924.1049580574,0,,0,0,,0.03,0.74,20.59,[]
/dlsu/goks/cam,/dlsu/goks/cam,0.000000,61924.14839506149,0,,0,0,,0.03,0.79,21.07,[]
/dlsu/goks/cam,/dlsu/goks/cam,0.000000,61924.21049809456,0,,0,0,,0.04,2.00,25.09,[]
/dlsu/goks/cam,/dlsu/goks/cam,0.000000,0,0,,0,0,,0.01,0.00,25.10,[]
/dlsu/goks/cam,/dlsu/goks/cam,0.000000,61924.26859807968,0,,0,0,,0.04,0.73,24.79,[]
/dlsu/goks/cam,/dlsu/goks/cam,0.000000,61924.31674194336,0,,0,0,,0.08,1.88,25.14,[]
/dlsu/goks/cam,/dlsu/goks/cam,0.000000,0,0,,0,0,,0.01,0.00,25.09,[]
/dlsu/goks/cam,/dlsu/goks/cam,0.000000,61924.43575501442,0,,0,0,,0.09,0.95,20.51,[]
/dlsu/goks/cam,/dlsu/goks/cam,0.000000,61924.50687003136,0,,0,0,,0.05,1.51,21.10,[]
/dlsu/goks/cam,/dlsu/goks/cam,0.000000,0,0,,0,0,,0.01,0.00,23.16,[]
/dlsu/goks/cam,/dlsu/goks/cam,0.000000,61924.595298051834,0,,0,0,,0.06,1.34,21.63,[]
/dlsu/goks/cam,/dlsu/goks/cam,0.000000,61924.62242889404,0,,0,0,,0.03,0.80,25.33,[]
/dlsu/goks/cam,/dlsu/goks/cam,0.000000,61924.635289907455,0,,0,0,,0.03,0.74,25.10,[]
/dlsu/goks/cam,/dlsu/goks/cam,0.000000,0,0,,0,0,,0.01,0.00,25.10,[]
/dlsu/goks/cam,/dlsu/goks/cam,0.000000,61924.70431494713,0,,0,0,,0.04,0.66,21.87,[]
/dlsu/goks/cam,/dlsu/goks/cam,0.000000,61924.779818058014,0,,0,0,,0.04,1.57,22.68,[]
/dlsu/goks/cam,/dlsu/goks/cam,0.000000,0,0,,0,0,,0.01,0.00,24.26,[]
/dlsu/goks/cam,/dlsu/goks/cam,0.000000,61924.843364953995,0,,0,0,,0.05,0.46,26.10,[]
/dlsu/goks/cam,/dlsu/goks/cam,0.000000,61924.87064909935,0,,0,0,,0.09,0.87,22.71,[]
/dlsu/goks/cam,/dlsu/goks/cam,0.000000,61924.93966007233,0,,0,0,,2.45,12.96,21.62,[]
/dlsu/goks/cam,/dlsu/goks/cam,0.000000,61924.9849820137,0,,0,0,,0.14,4.20,26.56,[]
/dlsu/goks/cam,/dlsu/goks/cam,0.000000,61925.01015496254,0,,0,0,,0.05,1.90,22.97,[]
/dlsu/goks/cam,/dlsu/goks/cam,0.000000,0,0,,0,0,,0.05,0.00,25.08,[]
/dlsu/goks/cam,/dlsu/goks/cam,0.000000,61925.06341505051,0,,0,0,,0.16,0.93,20.94,[]
/dlsu/goks/cam,/dlsu/goks/cam,0.000000,0,0,,0,0,,0.01,0.00,21.06,[]
/dlsu/goks/cam,/dlsu/goks/cam,0.000000,61925.12089705467,0,,0,0,,0.04,1.15,22.87,[]
/dlsu/goks/cam,/dlsu/goks/cam,0.000000,61925.15998506546,0,,0,0,,0.03,0.94,21.03,[]
/dlsu/goks/cam,/dlsu/goks/cam,0.000000,61925.22866296768,0,,0,0,,0.05,1.77,21.19,[]
/dlsu/goks/cam,/dlsu/goks/cam,0.000000,0,0,,0,0,,0.01,0.00,25.40,[]
/dlsu/goks/cam,/dlsu/goks/cam,0.000000,61925.29373407364,0,,0,0,,0.04,0.90,21.62,[]
/dlsu/goks/cam,/dlsu/goks/cam,0.000000,61925.33465504646,0,,0,0,,0.05,1.33,23.78,[]
/dlsu/goks/cam,/dlsu/goks/cam,0.000000,61925.36335492134,0,,0,0,,0.03,0.87,20.41,[]
/dlsu/goks/cam,/dlsu/goks/cam,0.000000,61925.41158294678,0,,0,0,,0.04,1.04,23.13,[]
/dlsu/goks/cam,/dlsu/goks/cam,0.000000,61925.454735040665,0,,0,0,,0.03,0.80,20.67,[]
/dlsu/goks/cam,/dlsu/goks/cam,0.000000,61925.523622989655,0,,0,0,,0.04,1.08,21.84,[]
/dlsu/goks/cam,/dlsu/goks/cam,0.000000,61925.61571598053,0,,0,0,,0.54,1.71,30.13,[]
/dlsu/goks/cam,/dlsu/goks/cam,0.000000,0,0,,0,0,,0.02,0.00,23.66,[]
/dlsu/goks/cam,/dlsu/goks/cam,0.000000,61925.653546094894,0,,0,0,,0.06,1.02,23.31,[]
/dlsu/goks/cam,/dlsu/goks/cam,0.000000,61925.71263098717,0,,0,0,,0.05,1.73,23.91,[]
/dlsu/goks/cam,/dlsu/goks/cam,0.000000,0,0,,0,0,,0.01,0.00,25.12,[]
/dlsu/goks/cam,/dlsu/goks/cam,0.000000,61925.77588105202,0,,0,0,,0.04,0.78,25.48,[]
/dlsu/goks/cam,/dlsu/goks/cam,0.000000,61925.80985403061,0,,0,0,,0.03,0.66,25.12,[]
/dlsu/goks/cam,/dlsu/goks/cam,0.000000,61925.864135980606,0,,0,0,,0.06,1.08,25.37,[]
/dlsu/goks/cam,/dlsu/goks/cam,0.000000,61925.89339804649,0,,0,0,,0.05,0.89,25.10,[]
/dlsu/goks/cam,/dlsu/goks/cam,0.000000,0,0,,0,0,,0.01,0.00,22.94,[]
/dlsu/goks/cam,/dlsu/goks/cam,0.000000,61925.9642829895,0,,0,0,,0.04,1.51,25.16,[]
/dlsu/goks/cam,/dlsu/goks/cam,0.000000,61925.99451708794,0,,0,0,,0.02,0.90,20.79,[]
/dlsu/goks/cam,/dlsu/goks/cam,0.000000,0,0,,0,0,,0.00,0.00,25.04,[]
/dlsu/goks/cam,/dlsu/goks/cam,0.000000,61926.05109000206,0,,0,0,,0.05,2.15,20.39,[]
/dlsu/goks/cam,/dlsu/goks/cam,0.000000,0,0,,0,0,,0.01,0.00,25.13,[]
/dlsu/goks/cam,/dlsu/goks/cam,0.000000,61926.14958906174,0,,0,0,,0.10,1.83,26.19,[]
/dlsu/goks/cam,/dlsu/goks/cam,0.000000,0,0,,0,0,,0.01,0.00,25.02,[]
/dlsu/goks/cam,/dlsu/goks/cam,0.000000,61926.19708490372,0,,0,0,,0.03,0.71,24.72,[]
/dlsu/goks/cam,/dlsu/goks/cam,0.000000,61926.21317601204,0,,0,0,,0.03,0.75,25.09,[]
/dlsu/goks/cam,/dlsu/goks/cam,0.000000,0,0,,0,0,,0.01,0.00,25.10,[]
/dlsu/goks/cam,/dlsu/goks/cam,0.000000,61926.283667087555,0,,0,0,,0.10,1.56,25.36,[]
/dlsu/goks/cam,/dlsu/goks/cam,0.000000,0,0,,0,0,,0.01,0.00,20.22,[]
/dlsu/goks/cam,/dlsu/goks/cam,0.000000,61926.34880399704,0,,0,0,,0.07,1.21,20.73,[]
/dlsu/goks/cam,/dlsu/goks/cam,0.000000,61926.404905080795,0,,0,0,,0.06,1.63,25.10,[]
/dlsu/goks/cam,/dlsu/goks/cam,0.000000,0,0,,0,0,,0.00,0.00,23.56,[]
/dlsu/goks/cam,/dlsu/goks/cam,0.000000,61926.50140309334,0,,0,0,,0.10,1.55,24.17,[]
/dlsu/goks/cam,/dlsu/goks/cam,0.000000,0,0,,0,0,,0.01,0.00,25.09,[]
/dlsu/goks/cam,/dlsu/goks/cam,0.000000,61926.57667207718,0,,0,0,,0.06,1.09,24.50,[]
/dlsu/goks/cam,/dlsu/goks/cam,0.000000,61926.63531088829,0,,0,0,,0.06,1.60,25.11,[]
/dlsu/goks/cam,/dlsu/goks/cam,0.000000,0,0,,0,0,,0.01,0.00,21.89,[]
/dlsu/goks/cam,/dlsu/goks/cam,0.000000,61926.683779001236,0,,0,0,,0.03,1.03,22.70,[]
/dlsu/goks/cam,/dlsu/goks/cam,0.000000,61926.736485004425,0,,0,0,,0.07,1.30,20.58,[]
/dlsu/goks/cam,/dlsu/goks/cam,0.000000,0,0,,0,0,,0.01,0.00,25.07,[]
/dlsu/goks/cam,/dlsu/goks/cam,0.000000,61926.803231954575,0,,0,0,,0.04,0.99,25.15,[]
/dlsu/goks/cam,/dlsu/goks/cam,0.000000,61926.830363988876,0,,0,0,,0.02,0.74,21.57,[]
/dlsu/goks/cam,/dlsu/goks/cam,0.000000,61926.88922691345,0,,0,0,,0.04,0.76,20.53,[]
/dlsu/goks/cam,/dlsu/goks/cam,0.000000,61926.92904496193,0,,0,0,,0.04,0.90,24.60,[]
/dlsu/goks/cam,/dlsu/goks/cam,0.000000,61927.02475309372,0,,0,0,,0.10,1.49,22.30,[]
/dlsu/goks/cam,/dlsu/goks/cam,0.000000,0,0,,0,0,,0.00,0.00,22.55,[]
/dlsu/goks/cam,/dlsu/goks/cam,0.000000,61927.07246589661,0,,0,0,,0.05,1.64,21.85,[]
/dlsu/goks/cam,/dlsu/goks/cam,0.000000,61927.098007917404,0,,0,0,,0.03,1.46,23.94,[]
/dlsu/goks/cam,/dlsu/goks/cam,0.000000,0,0,,0,0,,0.02,0.00,21.67,[]
/dlsu/goks/cam,/dlsu/goks/cam,0.000000,61927.22805809975,0,,0,0,,0.05,0.76,25.18,[]
/dlsu/goks/cam,/dlsu/goks/cam,0.000000,61927.270626068115,0,,0,0,,0.05,1.39,21.44,[]
/dlsu/goks/cam,/dlsu/goks/cam,0.000000,61927.286839962006,0,,0,0,,0.03,0.79,25.10,[]
/dlsu/goks/cam,/dlsu/goks/cam,0.000000,61927.3238658905,0,,0,0,,0.03,0.70,24.89,[]
/dlsu/goks/cam,/dlsu/goks/cam,0.000000,0,0,,0,0,,0.01,0.00,23.89,[]
/dlsu/goks/cam,/dlsu/goks/cam,0.000000,61927.352565050125,0,,0,0,,0.02,1.08,23.62,[]
/dlsu/goks/cam,/dlsu/goks/cam,0.000000,61927.40212106705,0,,0,0,,0.03,0.80,25.01,[]
/dlsu/goks/cam,/dlsu/goks/cam,0.000000,61927.45823788643,0,,0,0,,0.05,0.45,23.18,[]
/dlsu/goks/cam,/dlsu/goks/cam,0.000000,61927.50323200226,0,,0,0,,0.04,0.77,25.28,[]
/dlsu/goks/cam,/dlsu/goks/cam,0.000000,61927.553637981415,0,,0,0,,0.06,1.64,21.32,[]
/dlsu/goks/cam,/dlsu/goks/cam,0.000000,0,0,,0,0,,0.01,0.00,25.09,[]
/dlsu/goks/cam,/dlsu/goks/cam,0.000000,61927.64486408234,0,,0,0,,0.06,1.47,25.15,[]
/dlsu/goks/cam,/dlsu/goks/cam,0.000000,61927.66605806351,0,,0,0,,0.03,0.68,24.31,[]
/dlsu/goks/cam,/dlsu/goks/cam,0.000000,0,0,,0,0,,0.01,0.00,25.10,[]
/dlsu/goks/cam,/dlsu/goks/cam,0.000000,61927.71318793297,0,,0,0,,0.04,0.78,25.11,[]
/dlsu/goks/cam,/dlsu/goks/cam,0.000000,61927.75558710098,0,,0,0,,0.04,0.82,22.21,[]
/dlsu/goks/cam,/dlsu/goks/cam,0.000000,61927.79764389992,0,,0,0,,0.04,0.82,20.58,[]
/dlsu/goks/cam,/dlsu/goks/cam,0.000000,61927.85265088081,0,,0,0,,0.04,0.95,23.70,[]
/dlsu/goks/cam,/dlsu/goks/cam,0.000000,61927.88382291794,0,,0,0,,0.03,0.72,25.10,[]
/dlsu/goks/cam,/dlsu/goks/cam,0.000000,61927.9232840538,0,,0,0,,0.04,0.76,20.80,[]
/dlsu/goks/cam,/dlsu/goks/cam,0.000000,61927.9593000412,0,,0,0,,0.03,0.83,25.12,[]
/dlsu/goks/cam,/dlsu/goks/cam,0.000000,61927.98576307297,0,,0,0,,0.04,0.80,24.41,[]
/dlsu/goks/cam,/dlsu/goks/cam,0.000000,61928.03150296211,0,,0,0,,0.08,2.09,22.29,[]
/dlsu/goks/cam,/dlsu/goks/cam,0.000000,61928.06834888458,0,,0,0,,0.02,0.70,24.74,[]
/dlsu/goks/cam,/dlsu/goks/cam,0.000000,61928.093842983246,0,,0,0,,0.03,0.00,24.90,[]
/dlsu/goks/cam,/dlsu/goks/cam,0.000000,0,0,,0,0,,0.01,1.36,23.06,[]
/dlsu/goks/cam,/dlsu/goks/cam,0.000000,61928.19639110565,0,,0,0,,0.07,1.15,20.96,[]
/dlsu/goks/cam,/dlsu/goks/cam,0.000000,61928.255455970764,0,,0,0,,0.14,0.54,25.24,[]
/dlsu/goks/cam,/dlsu/goks/cam,0.000000,61928.293864011765,0,,0,0,,0.05,1.14,25.53,[]
/dlsu/goks/cam,/dlsu/goks/cam,0.000000,61928.36405611038,0,,0,0,,0.06,1.98,25.04,[]
/dlsu/goks/cam,/dlsu/goks/cam,0.000000,0,0,,0,0,,0.01,0.00,24.61,[]
/dlsu/goks/cam,/dlsu/goks/cam,0.000000,61928.448409080505,0,,0,0,,0.10,1.56,21.77,[]
/dlsu/goks/cam,/dlsu/goks/cam,0.000000,61928.47631192207,0,,0,0,,0.04,0.63,25.13,[]
/dlsu/goks/cam,/dlsu/goks/cam,0.000000,0,0,,0,0,,0.01,0.00,23.95,[]
/dlsu/goks/cam,/dlsu/goks/cam,0.000000,61928.51899290085,0,,0,0,,0.07,0.75,24.54,[]
/dlsu/goks/cam,/dlsu/goks/cam,0.000000,61928.59900689125,0,,0,0,,0.05,1.75,24.04,[]
/dlsu/goks/cam,/dlsu/goks/cam,0.000000,0,0,,0,0,,0.01,0.00,25.32,[]
/dlsu/goks/cam,/dlsu/goks/cam,0.000000,61928.638727903366,0,,0,0,,0.03,0.73,20.89,[]
/dlsu/goks/cam,/dlsu/goks/cam,0.000000,61928.70624899864,0,,0,0,,0.06,0.98,21.00,[]
/dlsu/goks/cam,/dlsu/goks/cam,0.000000,61928.78570604324,0,,0,0,,0.06,1.55,23.14,[]
/dlsu/goks/cam,/dlsu/goks/cam,0.000000,61928.801662921906,0,,0,0,,0.05,0.91,25.05,[]
/dlsu/goks/cam,/dlsu/goks/cam,0.000000,0,0,,0,0,,0.01,0.00,20.58,[]
/dlsu/goks/cam,/dlsu/goks/cam,0.000000,61928.854883909225,0,,0,0,,0.04,0.75,25.18,[]
/dlsu/goks/cam,/dlsu/goks/cam,0.000000,61928.96479392052,0,,0,0,,0.05,1.06,24.27,[]
/dlsu/goks/cam,/dlsu/goks/cam,0.000000,61929.07824110985,0,,0,0,,0.07,0.88,25.25,[]
/dlsu/goks/cam,/dlsu/goks/cam,0.000000,61929.13869190216,0,,0,0,,0.04,0.78,22.00,[]
/dlsu/goks/cam,/dlsu/goks/cam,0.000000,61929.19448804855,0,,0,0,,0.04,1.55,25.17,[]
/dlsu/goks/cam,/dlsu/goks/cam,0.000000,61929.23382091522,0,,0,0,,0.07,1.35,23.26,[]
/dlsu/goks/cam,/dlsu/goks/cam,0.000000,0,0,,0,0,,0.01,0.00,25.08,[]
/dlsu/goks/cam,/dlsu/goks/cam,0.000000,0,0,,0,0,,0.01,0.00,24.30,[]
/dlsu/goks/cam,/dlsu/goks/cam,0.000000,61929.292077064514,0,,0,0,,0.05,0.98,25.15,[]
/dlsu/goks/cam,/dlsu/goks/cam,0.000000,61929.32187604904,0,,0,0,,0.05,0.72,22.39,[]
/dlsu/goks/cam,/dlsu/goks/cam,0.000000,61929.390604019165,0,,0,0,,0.07,1.91,20.48,[]
/dlsu/goks/cam,/dlsu/goks/cam,0.000000,0,0,,0,0,,0.01,0.00,25.08,[]
/dlsu/goks/cam,/dlsu/goks/cam,0.000000,61929.44278407097,0,,0,0,,0.03,0.92,25.16,[]
/dlsu/goks/cam,/dlsu/goks/cam,0.000000,61929.49076294899,0,,0,0,,0.11,2.13,20.40,[]
/dlsu/goks/cam,/dlsu/goks/cam,0.000000,0,0,,0,0,,0.01,0.00,22.41,[]
/dlsu/goks/cam,/dlsu/goks/cam,0.000000,61929.54679489136,0,,0,0,,0.04,0.82,21.23,[]
/dlsu/goks/cam,/dlsu/goks/cam,0.000000,61929.590341091156,0,,0,0,,0.05,1.69,25.44,[]
/dlsu/goks/cam,/dlsu/goks/cam,0.000000,0,0,,0,0,,0.00,0.00,21.29,[]
/dlsu/goks/cam,/dlsu/goks/cam,0.000000,61929.66785907745,0,,0,0,,0.12,0.95,25.14,[]
/dlsu/goks/cam,/dlsu/goks/cam,0.000000,61929.729231119156,0,,0,0,,0.03,1.25,21.05,[]
/dlsu/goks/cam,/dlsu/goks/cam,0.000000,61929.78582906723,0,,0,0,,0.05,1.23,24.77,[]
/dlsu/goks/cam,/dlsu/goks/cam,0.000000,0,0,,0,0,,0.01,0.00,22.88,[]
/dlsu/goks/cam,/dlsu/goks/cam,0.000000,61929.85850405693,0,,0,0,,0.05,1.61,22.13,[]
/dlsu/goks/cam,/dlsu/goks/cam,0.000000,0,0,,0,0,,0.00,0.00,25.18,[]
/dlsu/goks/cam,/dlsu/goks/cam,0.000000,61929.92617893219,0,,0,0,,0.05,0.92,25.12,[]
/dlsu/goks/cam,/dlsu/goks/cam,0.000000,61929.95752096176,0,,0,0,,0.06,0.67,22.06,[]
/dlsu/goks/cam,/dlsu/goks/cam,0.000000,61929.98697090149,0,,0,0,,0.05,0.96,23.03,[]
/dlsu/goks/cam,/dlsu/goks/cam,0.000000,61930.049829006195,0,,0,0,,0.07,1.97,25.21,[]
/dlsu/goks/cam,/dlsu/goks/cam,0.000000,0,0,,0,0,,0.01,0.00,23.62,[]
/dlsu/goks/cam,/dlsu/goks/cam,0.000000,0,0,,0,0,,0.01,0.00,25.09,[]
/dlsu/goks/cam,/dlsu/goks/cam,0.000000,61930.12699007988,0,,0,0,,0.29,1.94,22.02,[]
/dlsu/goks/cam,/dlsu/goks/cam,0.000000,0,0,,0,0,,0.01,0.00,23.42,[]
/dlsu/goks/cam,/dlsu/goks/cam,0.000000,61930.169138908386,0,,0,0,,0.03,0.82,24.68,[]
/dlsu/goks/cam,/dlsu/goks/cam,0.000000,61930.201927900314,0,,0,0,,0.03,0.78,24.57,[]
/dlsu/goks/cam,/dlsu/goks/cam,0.000000,61930.255726099014,0,,0,0,,0.05,0.88,22.33,[]
/dlsu/goks/cam,/dlsu/goks/cam,0.000000,61930.30358695984,0,,0,0,,0.07,1.07,25.13,[]
/dlsu/goks/cam,/dlsu/goks/cam,0.000000,61930.364511966705,0,,0,0,,0.04,0.87,22.68,[]
/dlsu/goks/cam,/dlsu/goks/cam,0.000000,61930.41649198532,0,,0,0,,0.05,0.78,25.14,[]
/dlsu/goks/cam,/dlsu/goks/cam,0.000000,61930.44715809822,0,,0,0,,0.03,0.95,20.30,[]
/dlsu/goks/cam,/dlsu/goks/cam,0.000000,61930.52114009857,0,,0,0,,0.31,10.06,34.28,[]
/dlsu/goks/cam,/dlsu/goks/cam,0.000000,61930.57015109062,0,,0,0,,0.14,1.82,23.76,[]
/dlsu/goks/cam,/dlsu/goks/cam,0.000000,0,0,,0,0,,0.10,0.00,28.63,[]
/dlsu/goks/cam,/dlsu/goks/cam,0.000000,61930.6250269413,0,,0,0,,1.12,4.83,26.47,[]
/dlsu/goks/cam,/dlsu/goks/cam,0.000000,0,0,,0,0,,0.03,0.00,25.96,[]
/dlsu/goks/cam,/dlsu/goks/cam,0.000000,61930.71968102455,0,,0,0,,0.08,1.33,21.54,[]
/dlsu/goks/cam,/dlsu/goks/cam,0.000000,0,0,,0,0,,0.01,0.00,25.09,[]
/dlsu/goks/cam,/dlsu/goks/cam,0.000000,61930.769969940186,0,,0,0,,0.05,0.96,25.10,[]
/dlsu/goks/cam,/dlsu/goks/cam,0.000000,61930.80421996117,0,,0,0,,0.16,0.85,22.63,[]
/dlsu/goks/cam,/dlsu/goks/cam,0.000000,61930.83004808426,0,,0,0,,0.09,0.66,25.36,[]
/dlsu/goks/cam,/dlsu/goks/cam,0.000000,61930.88200902939,0,,0,0,,0.06,1.06,25.51,[]
/dlsu/goks/cam,/dlsu/goks/cam,0.000000,61930.93866896629,0,,0,0,,0.07,1.61,25.13,[]
/dlsu/goks/cam,/dlsu/goks/cam,0.000000,0,0,,0,0,,0.01,0.00,25.83,[]
/dlsu/goks/cam,/dlsu/goks/cam,0.000000,61930.972615003586,0,,0,0,,0.04,1.08,20.40,[]
/dlsu/goks/cam,/dlsu/goks/cam,0.000000,61930.99710202217,0,,0,0,,0.07,0.76,20.87,[]
/dlsu/goks/cam,/dlsu/goks/cam,0.000000,61931.09192800522,0,,0,0,,0.08,2.08,21.13,[]
/dlsu/goks/cam,/dlsu/goks/cam,0.000000,0,0,,0,0,,0.01,0.00,20.88,[]
/dlsu/goks/cam,/dlsu/goks/cam,0.000000,61931.129023075104,0,,0,0,,0.03,0.70,20.74,[]
/dlsu/goks/cam,/dlsu/goks/cam,0.000000,61931.20498204231,0,,0,0,,0.07,1.60,25.13,[]
/dlsu/goks/cam,/dlsu/goks/cam,0.000000,0,0,,0,0,,0.01,0.00,23.48,[]
/dlsu/goks/cam,/dlsu/goks/cam,0.000000,61931.250473976135,0,,0,0,,0.03,0.74,21.62,[]
/dlsu/goks/cam,/dlsu/goks/cam,0.000000,61931.322737932205,0,,0,0,,0.07,1.72,22.21,[]
/dlsu/goks/cam,/dlsu/goks/cam,0.000000,0,0,,0,0,,0.01,0.00,20.80,[]
/dlsu/goks/cam,/dlsu/goks/cam,0.000000,61931.4740819931,0,,0,0,,0.13,0.39,26.07,[]
/dlsu/goks/cam,/dlsu/goks/cam,0.000000,61931.5133869648,0,,0,0,,0.03,0.91,25.14,[]
/dlsu/goks/cam,/dlsu/goks/cam,0.000000,61931.58174991608,0,,0,0,,0.08,1.54,21.72,[]
/dlsu/goks/cam,/dlsu/goks/cam,0.000000,61931.5976190567,0,,0,0,,0.02,0.73,25.14,[]
/dlsu/goks/cam,/dlsu/goks/cam,0.000000,0,0,,0,0,,0.01,0.00,25.10,[]
/dlsu/goks/cam,/dlsu/goks/cam,0.000000,61931.64906692505,0,,0,0,,0.08,1.03,20.91,[]
/dlsu/goks/cam,/dlsu/goks/cam,0.000000,61931.715536117554,0,,0,0,,0.10,1.59,20.44,[]
/dlsu/goks/cam,/dlsu/goks/cam,0.000000,0,0,,0,0,,0.01,0.00,25.06,[]
/dlsu/goks/cam,/dlsu/goks/cam,0.000000,61931.754573106766,0,,0,0,,0.03,0.73,22.26,[]
/dlsu/goks/cam,/dlsu/goks/cam,0.000000,61931.80885004997,0,,0,0,,0.04,0.78,25.17,[]
/dlsu/goks/cam,/dlsu/goks/cam,0.000000,61931.85264611244,0,,0,0,,0.05,1.26,21.17,[]
/dlsu/goks/cam,/dlsu/goks/cam,0.000000,0,0,,0,0,,0.01,0.00,20.70,[]
/dlsu/goks/cam,/dlsu/goks/cam,0.000000,61931.92884492874,0,,0,0,,0.04,1.17,25.22,[]
/dlsu/goks/cam,/dlsu/goks/cam,0.000000,61931.99501609802,0,,0,0,,0.05,1.55,25.04,[]
/dlsu/goks/cam,/dlsu/goks/cam,0.000000,0,0,,0,0,,0.01,0.00,23.40,[]
/dlsu/goks/cam,/dlsu/goks/cam,0.000000,61932.05367588997,0,,0,0,,0.04,1.18,22.47,[]
/dlsu/goks/cam,/dlsu/goks/cam,0.000000,61932.095562934875,0,,0,0,,0.03,0.82,22.92,[]
/dlsu/goks/cam,/dlsu/goks/cam,0.000000,61932.15173602104,0,,0,0,,0.04,1.04,25.17,[]
/dlsu/goks/cam,/dlsu/goks/cam,0.000000,61932.239329099655,0,,0,0,,0.05,0.81,20.89,[]
/dlsu/goks/cam,/dlsu/goks/cam,0.000000,61932.290190935135,0,,0,0,,0.06,1.46,25.66,[]
/dlsu/goks/cam,/dlsu/goks/cam,0.000000,61932.321706056595,0,,0,0,,0.03,0.00,20.60,[]
/dlsu/goks/cam,/dlsu/goks/cam,0.000000,0,0,,0,0,,0.01,0.00,25.06,[]
/dlsu/goks/cam,/dlsu/goks/cam,0.000000,61932.36162304878,0,,0,0,,0.03,0.76,25.16,[]
/dlsu/goks/cam,/dlsu/goks/cam,0.000000,61932.40091609955,0,,0,0,,0.03,1.04,25.11,[]
/dlsu/goks/cam,/dlsu/goks/cam,0.000000,61932.464624881744,0,,0,0,,0.07,1.26,22.33,[]
/dlsu/goks/cam,/dlsu/goks/cam,0.000000,0,0,,0,0,,0.01,0.00,21.21,[]
/dlsu/goks/cam,/dlsu/goks/cam,0.000000,61932.501760959625,0,,0,0,,0.04,0.86,24.89,[]
/dlsu/goks/cam,/dlsu/goks/cam,0.000000,61932.53686904907,0,,0,0,,0.03,0.85,23.25,[]
/dlsu/goks/cam,/dlsu/goks/cam,0.000000,61932.59325194359,0,,0,0,,0.03,0.76,20.59,[]
/dlsu/goks/cam,/dlsu/goks/cam,0.000000,61932.66243004799,0,,0,0,,0.04,1.01,25.10,[]
/dlsu/goks/cam,/dlsu/goks/cam,0.000000,61932.73580288887,0,,0,0,,0.04,1.22,22.71,[]
/dlsu/goks/cam,/dlsu/goks/cam,0.000000,61932.80076408386,0,,0,0,,0.06,1.50,24.13,[]
/dlsu/goks/cam,/dlsu/goks/cam,0.000000,0,0,,0,0,,0.01,0.00,24.99,[]
/dlsu/goks/cam,/dlsu/goks/cam,0.000000,61932.86218500137,0,,0,0,,0.07,1.53,25.09,[]
/dlsu/goks/cam,/dlsu/goks/cam,0.000000,0,0,,0,0,,0.01,0.00,23.40,[]
/dlsu/goks/cam,/dlsu/goks/cam,0.000000,61932.942797899246,0,,0,0,,0.08,1.55,21.02,[]
/dlsu/goks/cam,/dlsu/goks/cam,0.000000,0,0,,0,0,,0.00,0.00,25.08,[]
/dlsu/goks/cam,/dlsu/goks/cam,0.000000,61932.99260401726,0,,0,0,,0.05,0.87,25.17,[]
/dlsu/goks/cam,/dlsu/goks/cam,0.000000,61933.04025411606,0,,0,0,,0.06,1.16,25.50,[]
/dlsu/goks/cam,/dlsu/goks/cam,0.000000,0,0,,0,0,,0.02,0.00,24.20,[]
/dlsu/goks/cam,/dlsu/goks/cam,0.000000,61933.193965911865,0,,0,0,,0.11,1.62,25.21,[]
/dlsu/goks/cam,/dlsu/goks/cam,0.000000,0,0,,0,0,,0.01,0.00,22.41,[]
/dlsu/goks/cam,/dlsu/goks/cam,0.000000,61933.24734711647,0,,0,0,,0.13,1.07,23.00,[]
/dlsu/goks/cam,/dlsu/goks/cam,0.000000,61933.29580903053,0,,0,0,,0.05,1.27,22.02,[]
/dlsu/goks/cam,/dlsu/goks/cam,0.000000,61933.36122393608,0,,0,0,,0.05,1.98,25.16,[]
/dlsu/goks/cam,/dlsu/goks/cam,0.000000,0,0,,0,0,,0.01,0.00,25.05,[]
/dlsu/goks/cam,/dlsu/goks/cam,0.000000,61933.462430000305,0,,0,0,,0.08,1.68,22.03,[]
/dlsu/goks/cam,/dlsu/goks/cam,0.000000,0,0,,0,0,,0.02,0.00,24.06,[]
/dlsu/goks/cam,/dlsu/goks/cam,0.000000,61933.502387046814,0,,0,0,,0.11,1.15,25.11,[]
/dlsu/goks/cam,/dlsu/goks/cam,0.000000,61933.529791116714,0,,0,0,,0.04,0.93,25.14,[]
/dlsu/goks/cam,/dlsu/goks/cam,0.000000,61933.57118391991,0,,0,0,,0.04,0.84,21.41,[]
/dlsu/goks/cam,/dlsu/goks/cam,0.000000,61933.603451013565,0,,0,0,,0.03,0.83,23.43,[]
/dlsu/goks/cam,/dlsu/goks/cam,0.000000,61933.66659903526,0,,0,0,,0.04,0.90,24.98,[]
/dlsu/goks/cam,/dlsu/goks/cam,0.000000,61933.73592209816,0,,0,0,,0.22,2.39,23.64,[]
/dlsu/goks/cam,/dlsu/goks/cam,0.000000,61933.76397395134,0,,0,0,,0.07,2.30,23.19,[]
/dlsu/goks/cam,/dlsu/goks/cam,0.000000,0,0,,0,0,,0.01,0.00,25.09,[]
/dlsu/goks/cam,/dlsu/goks/cam,0.000000,61933.799454927444,0,,0,0,,0.03,1.35,25.26,[]
/dlsu/goks/cam,/dlsu/goks/cam,0.000000,61933.851211071014,0,,0,0,,0.12,2.04,25.17,[]
/dlsu/goks/cam,/dlsu/goks/cam,0.000000,0,0,,0,0,,0.01,0.00,25.13,[]
/dlsu/goks/cam,/dlsu/goks/cam,0.000000,61933.899430036545,0,,0,0,,0.05,1.14,25.15,[]
/dlsu/goks/cam,/dlsu/goks/cam,0.000000,61933.93307304382,0,,0,0,,0.05,1.10,25.13,[]
/dlsu/goks/cam,/dlsu/goks/cam,0.000000,61933.97574901581,0,,0,0,,0.05,0.89,25.08,[]
/dlsu/goks/cam,/dlsu/goks/cam,0.000000,61934.012998104095,0,,0,0,,0.07,0.93,22.28,[]
/dlsu/goks/cam,/dlsu/goks/cam,0.000000,61934.0876660347,0,,0,0,,0.19,2.06,24.30,[]
/dlsu/goks/cam,/dlsu/goks/cam,0.000000,61934.13340306282,0,,0,0,,0.11,1.32,25.25,[]
/dlsu/goks/cam,/dlsu/goks/cam,0.000000,61934.20126199722,0,,0,0,,0.17,1.70,21.05,[]
/dlsu/goks/cam,/dlsu/goks/cam,0.000000,0,0,,0,0,,0.01,0.00,23.55,[]
/dlsu/goks/cam,/dlsu/goks/cam,0.000000,61934.245445013046,0,,0,0,,0.18,1.77,21.72,[]
/dlsu/goks/cam,/dlsu/goks/cam,0.000000,61934.30727601051,0,,0,0,,0.08,0.94,20.85,[]
/dlsu/goks/cam,/dlsu/goks/cam,0.000000,61934.391593933105,0,,0,0,,0.07,1.01,22.29,[]
/dlsu/goks/cam,/dlsu/goks/cam,0.000000,61934.41798090935,0,,0,0,,0.03,0.84,21.96,[]
/dlsu/goks/cam,/dlsu/goks/cam,0.000000,61934.47156095505,0,,0,0,,0.06,1.95,24.02,[]
/dlsu/goks/cam,/dlsu/goks/cam,0.000000,0,0,,0,0,,0.02,0.00,24.62,[]
/dlsu/goks/cam,/dlsu/goks/cam,0.000000,61934.51494002342,0,,0,0,,0.05,0.91,20.61,[]
/dlsu/goks/cam,/dlsu/goks/cam,0.000000,61934.58845305443,0,,0,0,,0.03,0.87,20.92,[]
/dlsu/goks/cam,/dlsu/goks/cam,0.000000,61934.63556909561,0,,0,0,,0.04,0.96,24.09,[]
/dlsu/goks/cam,/dlsu/goks/cam,0.000000,61934.66938495636,0,,0,0,,0.08,0.78,23.22,[]
/dlsu/goks/cam,/dlsu/goks/cam,0.000000,61934.706094026566,0,,0,0,,0.04,1.12,25.43,[]
/dlsu/goks/cam,/dlsu/goks/cam,0.000000,0,0,,0,0,,0.01,1.00,22.59,[]
/dlsu/goks/cam,/dlsu/goks/cam,0.000000,61934.796349048615,0,,0,0,,0.03,0.78,25.14,[]
/dlsu/goks/cam,/dlsu/goks/cam,0.000000,61934.84496688843,0,,0,0,,0.03,0.77,22.07,[]
/dlsu/goks/cam,/dlsu/goks/cam,0.000000,61934.89745593071,0,,0,0,,0.10,1.76,25.18,[]
/dlsu/goks/cam,/dlsu/goks/cam,0.000000,61934.940624952316,0,,0,0,,0.03,0.00,22.40,[]
/dlsu/goks/cam,/dlsu/goks/cam,0.000000,0,0,,0,0,,0.01,0.00,20.98,[]
/dlsu/goks/cam,/dlsu/goks/cam,0.000000,61934.98332500458,0,,0,0,,0.03,0.76,25.18,[]
/dlsu/goks/cam,/dlsu/goks/cam,0.000000,61935.04099392891,0,,0,0,,0.09,1.81,23.70,[]
/dlsu/goks/cam,/dlsu/goks/cam,0.000000,61935.052205085754,0,,0,0,,0.04,0.61,22.03,[]
/dlsu/goks/cam,/dlsu/goks/cam,0.000000,0,0,,0,0,,0.01,0.00,25.18,[]
/dlsu/goks/cam,/dlsu/goks/cam,0.000000,61935.123545885086,0,,0,0,,0.06,1.97,20.91,[]
/dlsu/goks/cam,/dlsu/goks/cam,0.000000,0,0,,0,0,,0.00,0.00,25.08,[]
/dlsu/goks/cam,/dlsu/goks/cam,0.000000,61935.16696500778,0,,0,0,,0.03,0.90,20.77,[]
/dlsu/goks/cam,/dlsu/goks/cam,0.000000,61935.1969230175,0,,0,0,,0.03,0.85,21.22,[]
/dlsu/goks/cam,/dlsu/goks/cam,0.000000,61935.28539299965,0,,0,0,,0.07,1.28,25.20,[]
/dlsu/goks/cam,/dlsu/goks/cam,0.000000,0,0,,0,0,,0.01,0.00,20.19,[]
/dlsu/goks/cam,/dlsu/goks/cam,0.000000,61935.33220791817,0,,0,0,,0.03,0.77,25.21,[]
/dlsu/goks/cam,/dlsu/goks/cam,0.000000,61935.391468048096,0,,0,0,,0.06,1.28,21.04,[]
/dlsu/goks/cam,/dlsu/goks/cam,0.000000,61935.464056015015,0,,0,0,,0.07,0.47,25.31,[]
/dlsu/goks/cam,/dlsu/goks/cam,0.000000,61935.503839969635,0,,0,0,,0.05,1.16,25.15,[]
/dlsu/goks/cam,/dlsu/goks/cam,0.000000,61935.531989097595,0,,0,0,,0.08,0.83,25.13,[]
/dlsu/goks/cam,/dlsu/goks/cam,0.000000,61935.56074309349,0,,0,0,,0.03,0.70,25.08,[]
/dlsu/goks/cam,/dlsu/goks/cam,0.000000,61935.596605062485,0,,0,0,,0.06,0.00,21.13,[]
/dlsu/goks/cam,/dlsu/goks/cam,0.000000,0,0,,0,0,,0.01,0.00,25.09,[]
/dlsu/goks/cam,/dlsu/goks/cam,0.000000,61935.66045689583,0,,0,0,,0.04,0.83,25.09,[]
/dlsu/goks/cam,/dlsu/goks/cam,0.000000,61935.700117111206,0,,0,0,,0.03,0.77,25.17,[]
/dlsu/goks/cam,/dlsu/goks/cam,0.000000,61935.74471998215,0,,0,0,,0.06,1.01,22.53,[]
/dlsu/goks/cam,/dlsu/goks/cam,0.000000,61935.823513031006,0,,0,0,,0.07,1.53,25.19,[]
/dlsu/goks/cam,/dlsu/goks/cam,0.000000,0,0,,0,0,,0.01,0.00,24.39,[]
/dlsu/goks/cam,/dlsu/goks/cam,0.000000,61935.870373010635,0,,0,0,,0.03,0.67,22.27,[]
/dlsu/goks/cam,/dlsu/goks/cam,0.000000,61935.9200129509,0,,0,0,,0.03,0.89,23.32,[]
/dlsu/goks/cam,/dlsu/goks/cam,0.000000,61935.94708299637,0,,0,0,,0.03,0.86,20.87,[]
/dlsu/goks/cam,/dlsu/goks/cam,0.000000,61935.97831988335,0,,0,0,,0.13,0.90,25.17,[]
/dlsu/goks/cam,/dlsu/goks/cam,0.000000,61936.00554704666,0,,0,0,,0.03,0.71,25.15,[]
/dlsu/goks/cam,/dlsu/goks/cam,0.000000,61936.036079883575,0,,0,0,,0.18,1.02,25.17,[]
/dlsu/goks/cam,/dlsu/goks/cam,0.000000,61936.07652306557,0,,0,0,,0.04,0.76,24.48,[]
/dlsu/goks/cam,/dlsu/goks/cam,0.000000,61936.128776073456,0,,0,0,,0.04,1.34,25.65,[]
/dlsu/goks/cam,/dlsu/goks/cam,0.000000,61936.156832933426,0,,0,0,,0.03,0.43,23.17,[]
/dlsu/goks/cam,/dlsu/goks/cam,0.000000,0,0,,0,0,,0.01,0.00,25.07,[]
/dlsu/goks/cam,/dlsu/goks/cam,0.000000,61936.23104095459,0,,0,0,,0.04,0.77,24.16,[]
/dlsu/goks/cam,/dlsu/goks/cam,0.000000,61936.264238119125,0,,0,0,,0.06,0.97,20.62,[]
/dlsu/goks/cam,/dlsu/goks/cam,0.000000,61936.30024409294,0,,0,0,,0.05,0.76,23.18,[]
/dlsu/goks/cam,/dlsu/goks/cam,0.000000,0,0,,0,0,,0.01,0.00,24.94,[]
/dlsu/goks/cam,/dlsu/goks/cam,0.000000,0,0,,0,0,,0.00,0.00,24.76,[]
/dlsu/goks/cam,/dlsu/goks/cam,0.000000,61936.369601011276,0,,0,0,,0.05,1.03,23.89,[]
/dlsu/goks/cam,/dlsu/goks/cam,0.000000,61936.407803058624,0,,0,0,,0.09,0.98,25.16,[]
/dlsu/goks/cam,/dlsu/goks/cam,0.000000,61936.445904016495,0,,0,0,,0.02,1.64,25.07,[]
/dlsu/goks/cam,/dlsu/goks/cam,0.000000,61936.49168801308,0,,0,0,,0.12,0.94,25.15,[]
/dlsu/goks/cam,/dlsu/goks/cam,0.000000,61936.53933310509,0,,0,0,,0.05,1.91,21.49,[]
/dlsu/goks/cam,/dlsu/goks/cam,0.000000,0,0,,0,0,,0.01,0.00,25.09,[]
/dlsu/goks/cam,/dlsu/goks/cam,0.000000,61936.58245205879,0,,0,0,,0.04,1.06,22.46,[]
/dlsu/goks/cam,/dlsu/goks/cam,0.000000,61936.61203289032,0,,0,0,,0.04,1.47,25.22,[]
/dlsu/goks/cam,/dlsu/goks/cam,0.000000,61936.68754911423,0,,0,0,,0.06,1.48,23.25,[]
/dlsu/goks/cam,/dlsu/goks/cam,0.000000,0,0,,0,0,,0.01,0.00,25.09,[]
/dlsu/goks/cam,/dlsu/goks/cam,0.000000,61936.7685239315,0,,0,0,,0.07,2.14,25.15,[]
/dlsu/goks/cam,/dlsu/goks/cam,0.000000,0,0,,0,0,,0.01,0.00,25.08,[]
/dlsu/goks/cam,/dlsu/goks/cam,0.000000,61936.81433391571,0,,0,0,,0.06,0.77,25.15,[]
/dlsu/goks/cam,/dlsu/goks/cam,0.000000,61936.84519505501,0,,0,0,,0.03,0.86,25.11,[]
/dlsu/goks/cam,/dlsu/goks/cam,0.000000,0,0,,0,0,,0.01,0.00,21.15,[]
/dlsu/goks/cam,/dlsu/goks/cam,0.000000,61936.91107606888,0,,0,0,,0.04,0.93,25.16,[]
/dlsu/goks/cam,/dlsu/goks/cam,0.000000,61936.956465005875,0,,0,0,,0.04,0.98,20.60,[]
/dlsu/goks/cam,/dlsu/goks/cam,0.000000,61936.999855041504,0,,0,0,,0.04,0.75,20.46,[]
/dlsu/goks/cam,/dlsu/goks/cam,0.000000,61937.042072057724,0,,0,0,,0.04,0.84,22.44,[]
/dlsu/goks/cam,/dlsu/goks/cam,0.000000,61937.07346200943,0,,0,0,,0.04,0.78,21.47,[]
/dlsu/goks/cam,/dlsu/goks/cam,0.000000,61937.14637589455,0,,0,0,,0.04,0.99,21.51,[]
/dlsu/goks/cam,/dlsu/goks/cam,0.000000,61937.18575000763,0,,0,0,,0.03,0.45,22.25,[]
/dlsu/goks/cam,/dlsu/goks/cam,0.000000,61937.22775197029,0,,0,0,,0.03,1.00,23.33,[]
/dlsu/goks/cam,/dlsu/goks/cam,0.000000,61937.273840904236,0,,0,0,,0.05,0.91,23.21,[]
/dlsu/goks/cam,/dlsu/goks/cam,0.000000,61937.30570101738,0,,0,0,,0.04,0.99,23.09,[]
/dlsu/goks/cam,/dlsu/goks/cam,0.000000,61937.348012924194,0,,0,0,,0.05,1.48,24.06,[]
/dlsu/goks/cam,/dlsu/goks/cam,0.000000,0,0,,0,0,,0.01,0.00,23.16,[]
/dlsu/goks/cam,/dlsu/goks/cam,0.000000,61937.44059610367,0,,0,0,,0.06,1.34,25.09,[]
/dlsu/goks/cam,/dlsu/goks/cam,0.000000,61937.459132909775,0,,0,0,,0.04,0.66,25.08,[]
/dlsu/goks/cam,/dlsu/goks/cam,0.000000,0,0,,0,0,,0.01,0.00,24.11,[]
/dlsu/goks/cam,/dlsu/goks/cam,0.000000,61937.526268959045,0,,0,0,,0.06,1.56,25.48,[]
/dlsu/goks/cam,/dlsu/goks/cam,0.000000,61937.586121082306,0,,0,0,,0.05,1.42,23.43,[]
/dlsu/goks/cam,/dlsu/goks/cam,0.000000,0,0,,0,0,,0.00,0.00,23.72,[]
/dlsu/goks/cam,/dlsu/goks/cam,0.000000,61937.6739718914,0,,0,0,,0.10,1.10,25.59,[]
/dlsu/goks/cam,/dlsu/goks/cam,0.000000,0,0,,0,0,,0.01,0.00,25.11,[]
/dlsu/goks/cam,/dlsu/goks/cam,0.000000,61937.7369658947,0,,0,0,,0.04,1.11,21.52,[]
/dlsu/goks/cam,/dlsu/goks/cam,0.000000,61937.769453048706,0,,0,0,,0.03,0.82,25.18,[]
/dlsu/goks/cam,/dlsu/goks/cam,0.000000,61937.795697927475,0,,0,0,,0.03,0.93,20.33,[]
/dlsu/goks/cam,/dlsu/goks/cam,0.000000,61937.848392009735,0,,0,0,,0.14,0.88,25.21,[]
/dlsu/goks/cam,/dlsu/goks/cam,0.000000,61937.917301893234,0,,0,0,,0.05,0.72,21.06,[]
/dlsu/goks/cam,/dlsu/goks/cam,0.000000,61937.97262907028,0,,0,0,,0.06,1.44,20.53,[]
/dlsu/goks/cam,/dlsu/goks/cam,0.000000,0,0,,0,0,,0.01,0.00,23.91,[]
/dlsu/goks/cam,/dlsu/goks/cam,0.000000,61938.03148603439,0,,0,0,,0.04,0.84,23.80,[]
/dlsu/goks/cam,/dlsu/goks/cam,0.000000,61938.05701088905,0,,0,0,,0.03,0.96,21.65,[]
/dlsu/goks/cam,/dlsu/goks/cam,0.000000,61938.113296985626,0,,0,0,,0.05,1.69,24.49,[]
/dlsu/goks/cam,/dlsu/goks/cam,0.000000,0,0,,0,0,,0.01,0.00,25.09,[]
/dlsu/goks/cam,/dlsu/goks/cam,0.000000,61938.15820002556,0,,0,0,,0.05,0.87,25.12,[]
/dlsu/goks/cam,/dlsu/goks/cam,0.000000,61938.23993897438,0,,0,0,,0.05,0.93,23.21,[]
/dlsu/goks/cam,/dlsu/goks/cam,0.000000,61938.29363107681,0,,0,0,,0.07,1.67,21.36,[]
/dlsu/goks/cam,/dlsu/goks/cam,0.000000,0,0,,0,0,,0.00,0.00,25.13,[]
/dlsu/goks/cam,/dlsu/goks/cam,0.000000,61938.37272500992,0,,0,0,,0.08,1.11,21.14,[]
/dlsu/goks/cam,/dlsu/goks/cam,0.000000,0,0,,0,0,,0.01,0.00,25.09,[]
/dlsu/goks/cam,/dlsu/goks/cam,0.000000,61938.42581796646,0,,0,0,,0.05,0.89,25.02,[]
/dlsu/goks/cam,/dlsu/goks/cam,0.000000,61938.512398958206,0,,0,0,,0.06,1.20,24.01,[]
/dlsu/goks/cam,/dlsu/goks/cam,0.000000,61938.578458070755,0,,0,0,,0.04,1.01,22.20,[]
/dlsu/goks/cam,/dlsu/goks/cam,0.000000,61938.62057900429,0,,0,0,,0.04,0.88,25.18,[]
/dlsu/goks/cam,/dlsu/goks/cam,0.000000,61938.677372932434,0,,0,0,,0.04,0.91,25.16,[]
/dlsu/goks/cam,/dlsu/goks/cam,0.000000,61938.724199056625,0,,0,0,,0.14,1.51,25.11,[]
/dlsu/goks/cam,/dlsu/goks/cam,0.000000,0,0,,0,0,,0.01,0.00,22.22,[]
/dlsu/goks/cam,/dlsu/goks/cam,0.000000,61938.812494039536,0,,0,0,,0.06,1.21,24.29,[]
/dlsu/goks/cam,/dlsu/goks/cam,0.000000,61938.821185112,0,,0,0,,0.02,9.93,25.73,[]
/dlsu/goks/cam,/dlsu/goks/cam,0.000000,61938.8707780838,0,,0,0,,0.16,7.01,24.89,[]
/dlsu/goks/cam,/dlsu/goks/cam,0.000000,61938.90605902672,0,,0,0,,0.05,1.81,25.20,[]
/dlsu/goks/cam,/dlsu/goks/cam,0.000000,61938.94701504707,0,,0,0,,3.91,7.56,24.70,[]
/dlsu/goks/cam,/dlsu/goks/cam,0.000000,61938.99281001091,0,,0,0,,0.15,6.11,34.35,[]
/dlsu/goks/cam,/dlsu/goks/cam,0.000000,61939.0780339241,0,,0,0,,0.10,1.80,22.90,[]
/dlsu/goks/cam,/dlsu/goks/cam,0.000000,61939.09949493408,0,,0,0,,0.03,0.73,24.30,[]
/dlsu/goks/cam,/dlsu/goks/cam,0.000000,61939.131951093674,0,,0,0,,0.03,0.71,24.78,[]
/dlsu/goks/cam,/dlsu/goks/cam,0.000000,0,0,,0,0,,0.01,0.00,25.08,[]
/dlsu/goks/cam,/dlsu/goks/cam,0.000000,61939.19450688362,0,,0,0,,0.06,1.02,25.11,[]
/dlsu/goks/cam,/dlsu/goks/cam,0.000000,61939.22740602493,0,,0,0,,0.03,0.81,23.95,[]
/dlsu/goks/cam,/dlsu/goks/cam,0.000000,61939.26891589165,0,,0,0,,0.03,0.70,23.74,[]
/dlsu/goks/cam,/dlsu/goks/cam,0.000000,61939.300992012024,0,,0,0,,0.04,0.76,20.89,[]
/dlsu/goks/cam,/dlsu/goks/cam,0.000000,61939.35837602615,0,,0,0,,0.05,1.14,25.36,[]
/dlsu/goks/cam,/dlsu/goks/cam,0.000000,61939.41690993309,0,,0,0,,0.06,1.35,24.30,[]
/dlsu/goks/cam,/dlsu/goks/cam,0.000000,0,0,,0,0,,0.01,0.00,23.77,[]
/dlsu/goks/cam,/dlsu/goks/cam,0.000000,61939.46829509735,0,,0,0,,0.07,1.10,25.10,[]
/dlsu/goks/cam,/dlsu/goks/cam,0.000000,61939.53012704849,0,,0,0,,0.06,1.88,25.43,[]
/dlsu/goks/cam,/dlsu/goks/cam,0.000000,0,0,,0,0,,0.01,0.00,24.27,[]
/dlsu/goks/cam,/dlsu/goks/cam,0.000000,61939.57815408707,0,,0,0,,0.03,0.96,21.16,[]
/dlsu/goks/cam,/dlsu/goks/cam,0.000000,61939.63927602768,0,,0,0,,0.05,0.79,25.16,[]
/dlsu/goks/cam,/dlsu/goks/cam,0.000000,0,0,,0,0,,0.01,0.00,22.52,[]
/dlsu/goks/cam,/dlsu/goks/cam,0.000000,61939.70041489601,0,,0,0,,0.06,1.22,25.34,[]
/dlsu/goks/cam,/dlsu/goks/cam,0.000000,0,0,,0,0,,0.01,0.00,23.70,[]
/dlsu/goks/cam,/dlsu/goks/cam,0.000000,61939.74474096298,0,,0,0,,0.04,0.95,25.20,[]
/dlsu/goks/cam,/dlsu/goks/cam,0.000000,61939.795547008514,0,,0,0,,0.21,1.15,25.17,[]
/dlsu/goks/cam,/dlsu/goks/cam,0.000000,0,0,,0,0,,0.01,0.00,25.11,[]
/dlsu/goks/cam,/dlsu/goks/cam,0.000000,61939.87162399292,0,,0,0,,0.05,1.46,20.62,[]
/dlsu/goks/cam,/dlsu/goks/cam,0.000000,0,0,,0,0,,0.01,0.00,20.62,[]
/dlsu/goks/cam,/dlsu/goks/cam,0.000000,61939.95629811287,0,,0,0,,0.05,0.81,25.19,[]
/dlsu/goks/cam,/dlsu/goks/cam,0.000000,61939.98456597328,0,,0,0,,0.06,0.86,24.72,[]
/dlsu/goks/cam,/dlsu/goks/cam,0.000000,61940.01828289032,0,,0,0,,0.04,1.05,25.21,[]
/dlsu/goks/cam,/dlsu/goks/cam,0.000000,61940.070878982544,0,,0,0,,0.04,0.85,25.16,[]
/dlsu/goks/cam,/dlsu/goks/cam,0.000000,61940.10225105286,0,,0,0,,0.04,0.90,20.85,[]
/dlsu/goks/cam,/dlsu/goks/cam,0.000000,61940.181596040726,0,,0,0,,0.06,1.49,25.17,[]
/dlsu/goks/cam,/dlsu/goks/cam,0.000000,0,0,,0,0,,0.01,0.00,22.59,[]
/dlsu/goks/cam,/dlsu/goks/cam,0.000000,61940.227394104004,0,,0,0,,0.05,0.94,22.70,[]
/dlsu/goks/cam,/dlsu/goks/cam,0.000000,61940.25345206261,0,,0,0,,0.04,0.75,23.40,[]
/dlsu/goks/cam,/dlsu/goks/cam,0.000000,61940.30264401436,0,,0,0,,0.04,0.97,23.76,[]
/dlsu/goks/cam,/dlsu/goks/cam,0.000000,61940.35340094566,0,,0,0,,0.05,0.80,23.82,[]
/dlsu/goks/cam,/dlsu/goks/cam,0.000000,61940.38540506363,0,,0,0,,0.06,0.93,24.77,[]
/dlsu/goks/cam,/dlsu/goks/cam,0.000000,61940.41705989838,0,,0,0,,0.08,0.84,25.15,[]
/dlsu/goks/cam,/dlsu/goks/cam,0.000000,61940.467447042465,0,,0,0,,0.05,1.40,23.65,[]
/dlsu/goks/cam,/dlsu/goks/cam,0.000000,0,0,,0,0,,0.01,0.00,25.10,[]
/dlsu/goks/cam,/dlsu/goks/cam,0.000000,61940.5366089344,0,,0,0,,0.05,1.45,21.77,[]
/dlsu/goks/cam,/dlsu/goks/cam,0.000000,61940.56828689575,0,,0,0,,0.03,0.72,25.11,[]
/dlsu/goks/cam,/dlsu/goks/cam,0.000000,0,0,,0,0,,0.00,0.00,23.76,[]
/dlsu/goks/cam,/dlsu/goks/cam,0.000000,61940.62565088272,0,,0,0,,0.04,0.74,25.71,[]
/dlsu/goks/cam,/dlsu/goks/cam,0.000000,61940.68046808243,0,,0,0,,0.06,1.08,25.16,[]
/dlsu/goks/cam,/dlsu/goks/cam,0.000000,61940.72590494156,0,,0,0,,0.03,0.82,21.17,[]
/dlsu/goks/cam,/dlsu/goks/cam,0.000000,61940.754924058914,0,,0,0,,0.04,0.95,21.82,[]
/dlsu/goks/cam,/dlsu/goks/cam,0.000000,61940.81138706207,0,,0,0,,0.04,1.21,25.15,[]
/dlsu/goks/cam,/dlsu/goks/cam,0.000000,61940.85992002487,0,,0,0,,0.03,0.86,25.10,[]
/dlsu/goks/cam,/dlsu/goks/cam,0.000000,61940.89056992531,0,,0,0,,0.03,0.78,25.12,[]
/dlsu/goks/cam,/dlsu/goks/cam,0.000000,61940.95456290245,0,,0,0,,0.08,1.55,25.18,[]
/dlsu/goks/cam,/dlsu/goks/cam,0.000000,0,0,,0,0,,0.02,0.00,21.25,[]
/dlsu/goks/cam,/dlsu/goks/cam,0.000000,61940.99818897247,0,,0,0,,0.03,0.85,22.32,[]
/dlsu/goks/cam,/dlsu/goks/cam,0.000000,61941.023190021515,0,,0,0,,0.02,0.73,25.15,[]
/dlsu/goks/cam,/dlsu/goks/cam,0.000000,61941.06653690338,0,,0,0,,0.04,0.95,25.19,[]
/dlsu/goks/cam,/dlsu/goks/cam,0.000000,61941.10068011284,0,,0,0,,0.04,0.95,21.95,[]
/dlsu/goks/cam,/dlsu/goks/cam,0.000000,61941.168509960175,0,,0,0,,0.08,1.51,25.15,[]
/dlsu/goks/cam,/dlsu/goks/cam,0.000000,0,0,,0,0,,0.01,0.00,23.17,[]
/dlsu/goks/cam,/dlsu/goks/cam,0.000000,61941.23411011696,0,,0,0,,0.05,1.19,25.14,[]
/dlsu/goks/cam,/dlsu/goks/cam,0.000000,0,0,,0,0,,0.01,0.00,22.54,[]
/dlsu/goks/cam,/dlsu/goks/cam,0.000000,61941.301861047745,0,,0,0,,0.05,0.81,21.81,[]
/dlsu/goks/cam,/dlsu/goks/cam,0.000000,61941.35203289986,0,,0,0,,0.04,1.42,23.02,[]
/dlsu/goks/cam,/dlsu/goks/cam,0.000000,0,0,,0,0,,0.01,0.00,25.09,[]
/dlsu/goks/cam,/dlsu/goks/cam,0.000000,61941.39444208145,0,,0,0,,0.04,1.03,20.70,[]
/dlsu/goks/cam,/dlsu/goks/cam,0.000000,61941.44053697586,0,,0,0,,0.12,1.77,21.74,[]
/dlsu/goks/cam,/dlsu/goks/cam,0.000000,0,0,,0,0,,0.01,0.00,25.06,[]
/dlsu/goks/cam,/dlsu/goks/cam,0.000000,61941.48183608055,0,,0,0,,0.03,0.80,23.43,[]
/dlsu/goks/cam,/dlsu/goks/cam,0.000000,61941.53463292122,0,,0,0,,0.04,1.38,23.77,[]
/dlsu/goks/cam,/dlsu/goks/cam,0.000000,0,0,,0,0,,0.01,0.00,24.41,[]
/dlsu/goks/cam,/dlsu/goks/cam,0.000000,61941.58111190796,0,,0,0,,0.07,0.80,25.16,[]
/dlsu/goks/cam,/dlsu/goks/cam,0.000000,61941.62749791145,0,,0,0,,0.10,1.03,25.19,[]
/dlsu/goks/cam,/dlsu/goks/cam,0.000000,61941.68548297882,0,,0,0,,0.28,1.81,25.52,[]
/dlsu/goks/cam,/dlsu/goks/cam,0.000000,61941.711637973785,0,,0,0,,0.03,1.02,23.43,[]
/dlsu/goks/cam,/dlsu/goks/cam,0.000000,0,0,,0,0,,0.01,0.00,25.12,[]
/dlsu/goks/cam,/dlsu/goks/cam,0.000000,61941.75835609436,0,,0,0,,0.03,0.97,21.97,[]
/dlsu/goks/cam,/dlsu/goks/cam,0.000000,61941.834600925446,0,,0,0,,0.07,1.90,20.78,[]
/dlsu/goks/cam,/dlsu/goks/cam,0.000000,0,0,,0,0,,0.01,0.00,25.04,[]
/dlsu/goks/cam,/dlsu/goks/cam,0.000000,61941.88021302223,0,,0,0,,0.03,0.88,21.19,[]
/dlsu/goks/cam,/dlsu/goks/cam,0.000000,61941.91669797897,0,,0,0,,0.03,1.13,25.09,[]
/dlsu/goks/cam,/dlsu/goks/cam,0.000000,61941.98817896843,0,,0,0,,0.05,1.19,21.57,[]
/dlsu/goks/cam,/dlsu/goks/cam,0.000000,61942.032885074615,0,,0,0,,0.03,0.74,21.79,[]
/dlsu/goks/cam,/dlsu/goks/cam,0.000000,61942.058362960815,0,,0,0,,0.02,0.78,22.20,[]
/dlsu/goks/cam,/dlsu/goks/cam,0.000000,61942.08508992195,0,,0,0,,0.04,0.94,24.93,[]
/dlsu/goks/cam,/dlsu/goks/cam,0.000000,61942.12611103058,0,,0,0,,0.04,0.85,21.93,[]
/dlsu/goks/cam,/dlsu/goks/cam,0.000000,61942.17182588577,0,,0,0,,0.03,0.78,21.78,[]
/dlsu/goks/cam,/dlsu/goks/cam,0.000000,61942.24822306633,0,,0,0,,0.06,1.36,22.52,[]
/dlsu/goks/cam,/dlsu/goks/cam,0.000000,0,0,,0,0,,0.01,0.00,24.77,[]
/dlsu/goks/cam,/dlsu/goks/cam,0.000000,61942.322608947754,0,,0,0,,0.08,1.87,24.67,[]
/dlsu/goks/cam,/dlsu/goks/cam,0.000000,0,0,,0,0,,0.01,0.00,25.18,[]
/dlsu/goks/cam,/dlsu/goks/cam,0.000000,61942.370192050934,0,,0,0,,0.04,0.83,24.13,[]
/dlsu/goks/cam,/dlsu/goks/cam,0.000000,61942.40920996666,0,,0,0,,0.03,0.90,20.40,[]
/dlsu/goks/cam,/dlsu/goks/cam,0.000000,61942.459881067276,0,,0,0,,0.04,0.73,24.82,[]
/dlsu/goks/cam,/dlsu/goks/cam,0.000000,61942.50112605095,0,,0,0,,0.04,1.33,25.19,[]
/dlsu/goks/cam,/dlsu/goks/cam,0.000000,61942.54701900482,0,,0,0,,0.18,1.42,25.10,[]
/dlsu/goks/cam,/dlsu/goks/cam,0.000000,61942.60906291008,0,,0,0,,0.06,1.98,25.16,[]
/dlsu/goks/cam,/dlsu/goks/cam,0.000000,0,0,,0,0,,0.03,0.00,25.07,[]
/dlsu/goks/cam,/dlsu/goks/cam,0.000000,61942.68901801109,0,,0,0,,0.10,1.43,20.34,[]
/dlsu/goks/cam,/dlsu/goks/cam,0.000000,0,0,,0,0,,0.01,0.00,24.19,[]
/dlsu/goks/cam,/dlsu/goks/cam,0.000000,61942.762911081314,0,,0,0,,0.07,0.92,24.55,[]
/dlsu/goks/cam,/dlsu/goks/cam,0.000000,61942.82458305359,0,,0,0,,0.07,1.30,22.49,[]
/dlsu/goks/cam,/dlsu/goks/cam,0.000000,0,0,,0,0,,0.01,0.00,25.06,[]
/dlsu/goks/cam,/dlsu/goks/cam,0.000000,61942.86172795296,0,,0,0,,0.03,1.01,25.10,[]
/dlsu/goks/cam,/dlsu/goks/cam,0.000000,61942.89309191704,0,,0,0,,0.05,0.89,22.33,[]
/dlsu/goks/cam,/dlsu/goks/cam,0.000000,61942.956115961075,0,,0,0,,0.04,0.44,24.09,[]
/dlsu/goks/cam,/dlsu/goks/cam,0.000000,61942.98563289642,0,,0,0,,0.07,0.77,21.23,[]
/dlsu/goks/cam,/dlsu/goks/cam,0.000000,61943.01760697365,0,,0,0,,0.08,0.99,21.15,[]
/dlsu/goks/cam,/dlsu/goks/cam,0.000000,61943.05460691452,0,,0,0,,0.04,0.86,23.24,[]
/dlsu/goks/cam,/dlsu/goks/cam,0.000000,61943.09843111038,0,,0,0,,0.05,0.85,25.13,[]
/dlsu/goks/cam,/dlsu/goks/cam,0.000000,61943.14700007439,0,,0,0,,0.04,1.59,20.93,[]
/dlsu/goks/cam,/dlsu/goks/cam,0.000000,0,0,,0,0,,0.01,0.00,20.41,[]
/dlsu/goks/cam,/dlsu/goks/cam,0.000000,61943.21011590958,0,,0,0,,0.04,0.76,25.25,[]
/dlsu/goks/cam,/dlsu/goks/cam,0.000000,61943.23712801933,0,,0,0,,0.02,0.92,22.91,[]
/dlsu/goks/cam,/dlsu/goks/cam,0.000000,61943.26768994331,0,,0,0,,0.02,0.96,25.10,[]
/dlsu/goks/cam,/dlsu/goks/cam,0.000000,61943.31056809425,0,,0,0,,0.08,1.15,26.02,[]
/dlsu/goks/cam,/dlsu/goks/cam,0.000000,0,0,,0,0,,0.01,0.00,22.32,[]
/dlsu/goks/cam,/dlsu/goks/cam,0.000000,61943.366173028946,0,,0,0,,0.07,1.05,21.17,[]
/dlsu/goks/cam,/dlsu/goks/cam,0.000000,61943.406932115555,0,,0,0,,0.05,0.80,23.46,[]
/dlsu/goks/cam,/dlsu/goks/cam,0.000000,61943.454265117645,0,,0,0,,0.03,0.50,25.18,[]
/dlsu/goks/cam,/dlsu/goks/cam,0.000000,61943.500749111176,0,,0,0,,0.04,1.38,24.01,[]
/dlsu/goks/cam,/dlsu/goks/cam,0.000000,0,0,,0,0,,0.00,0.00,25.08,[]
/dlsu/goks/cam,/dlsu/goks/cam,0.000000,61943.54710006714,0,,0,0,,0.14,1.21,25.08,[]
/dlsu/goks/cam,/dlsu/goks/cam,0.000000,61943.60464596748,0,,0,0,,0.05,1.09,25.09,[]
/dlsu/goks/cam,/dlsu/goks/cam,0.000000,61943.68145799637,0,,0,0,,0.05,1.15,25.16,[]
/dlsu/goks/cam,/dlsu/goks/cam,0.000000,61943.69701600075,0,,0,0,,0.02,0.77,25.08,[]
/dlsu/goks/cam,/dlsu/goks/cam,0.000000,0,0,,0,0,,0.00,0.00,25.10,[]
/dlsu/goks/cam,/dlsu/goks/cam,0.000000,61943.76767206192,0,,0,0,,0.04,0.92,25.23,[]
/dlsu/goks/cam,/dlsu/goks/cam,0.000000,61943.80421710014,0,,0,0,,0.04,0.72,25.69,[]
/dlsu/goks/cam,/dlsu/goks/cam,0.000000,61943.84307599068,0,,0,0,,0.03,0.75,25.14,[]
/dlsu/goks/cam,/dlsu/goks/cam,0.000000,61943.88418006897,0,,0,0,,0.05,1.16,23.55,[]
/dlsu/goks/cam,/dlsu/goks/cam,0.000000,61943.93430805206,0,,0,0,,0.04,0.85,21.11,[]
/dlsu/goks/cam,/dlsu/goks/cam,0.000000,61943.977456092834,0,,0,0,,0.03,0.98,21.17,[]
/dlsu/goks/cam,/dlsu/goks/cam,0.000000,61944.04402899742,0,,0,0,,0.07,1.74,23.68,[]
/dlsu/goks/cam,/dlsu/goks/cam,0.000000,0,0,,0,0,,0.01,0.00,25.08,[]
/dlsu/goks/cam,/dlsu/goks/cam,0.000000,61944.10631895065,0,,0,0,,0.04,2.32,22.31,[]
/dlsu/goks/cam,/dlsu/goks/cam,0.000000,0,0,,0,0,,0.01,0.00,20.88,[]
/dlsu/goks/cam,/dlsu/goks/cam,0.000000,61944.143901109695,0,,0,0,,0.13,1.14,25.16,[]
/dlsu/goks/cam,/dlsu/goks/cam,0.000000,61944.18499088287,0,,0,0,,0.03,0.91,24.31,[]
/dlsu/goks/cam,/dlsu/goks/cam,0.000000,61944.23448610306,0,,0,0,,0.03,0.88,24.75,[]
/dlsu/goks/cam,/dlsu/goks/cam,0.000000,61944.276952028275,0,,0,0,,0.04,0.83,25.20,[]
/dlsu/goks/cam,/dlsu/goks/cam,0.000000,61944.32498407364,0,,0,0,,0.08,2.00,24.73,[]
/dlsu/goks/cam,/dlsu/goks/cam,0.000000,0,0,,0,0,,0.01,0.00,23.16,[]
/dlsu/goks/cam,/dlsu/goks/cam,0.000000,61944.37340307236,0,,0,0,,0.04,0.96,25.22,[]
/dlsu/goks/cam,/dlsu/goks/cam,0.000000,61944.455166101456,0,,0,0,,0.06,1.58,25.03,[]
/dlsu/goks/cam,/dlsu/goks/cam,0.000000,0,0,,0,0,,0.00,0.00,24.73,[]
/dlsu/goks/cam,/dlsu/goks/cam,0.000000,61944.51655101776,0,,0,0,,0.04,0.75,25.15,[]
/dlsu/goks/cam,/dlsu/goks/cam,0.000000,61944.56964993477,0,,0,0,,0.11,1.38,21.09,[]
/dlsu/goks/cam,/dlsu/goks/cam,0.000000,0,0,,0,0,,0.00,0.00,20.58,[]
/dlsu/goks/cam,/dlsu/goks/cam,0.000000,61944.65194797516,0,,0,0,,0.09,1.51,20.92,[]
/dlsu/goks/cam,/dlsu/goks/cam,0.000000,0,0,,0,0,,0.01,0.00,23.95,[]
/dlsu/goks/cam,/dlsu/goks/cam,0.000000,61944.68810200691,0,,0,0,,0.03,0.72,25.09,[]
/dlsu/goks/cam,/dlsu/goks/cam,0.000000,61944.73276305199,0,,0,0,,0.03,0.68,25.15,[]
/dlsu/goks/cam,/dlsu/goks/cam,0.000000,61944.78008008003,0,,0,0,,0.08,0.97,24.77,[]
/dlsu/goks/cam,/dlsu/goks/cam,0.000000,61944.830719947815,0,,0,0,,0.03,0.83,20.64,[]
/dlsu/goks/cam,/dlsu/goks/cam,0.000000,61944.86271905899,0,,0,0,,0.04,0.73,22.00,[]
/dlsu/goks/cam,/dlsu/goks/cam,0.000000,61944.894292116165,0,,0,0,,0.03,0.77,23.72,[]
/dlsu/goks/cam,/dlsu/goks/cam,0.000000,61944.97542190552,0,,0,0,,0.06,1.53,21.70,[]
/dlsu/goks/cam,/dlsu/goks/cam,0.000000,0,0,,0,0,,0.00,0.00,23.57,[]
/dlsu/goks/cam,/dlsu/goks/cam,0.000000,61945.02406191826,0,,0,0,,0.04,0.80,25.13,[]
/dlsu/goks/cam,/dlsu/goks/cam,0.000000,61945.07487607002,0,,0,0,,0.06,0.92,25.14,[]
/dlsu/goks/cam,/dlsu/goks/cam,0.000000,61945.104002952576,0,,0,0,,0.06,1.19,24.93,[]
/dlsu/goks/cam,/dlsu/goks/cam,0.000000,61945.166191101074,0,,0,0,,0.05,1.92,25.10,[]
/dlsu/goks/cam,/dlsu/goks/cam,0.000000,0,0,,0,0,,0.01,0.00,23.67,[]
/dlsu/goks/cam,/dlsu/goks/cam,0.000000,61945.22284388542,0,,0,0,,0.04,1.10,25.45,[]
/dlsu/goks/cam,/dlsu/goks/cam,0.000000,61945.26139211655,0,,0,0,,0.02,0.84,25.15,[]
/dlsu/goks/cam,/dlsu/goks/cam,0.000000,61945.31778407097,0,,0,0,,0.03,0.80,25.74,[]
/dlsu/goks/cam,/dlsu/goks/cam,0.000000,61945.36561489105,0,,0,0,,0.04,1.46,22.70,[]
/dlsu/goks/cam,/dlsu/goks/cam,0.000000,0,0,,0,0,,0.00,0.00,25.08,[]
/dlsu/goks/cam,/dlsu/goks/cam,0.000000,61945.41873002052,0,,0,0,,0.05,0.87,23.76,[]
/dlsu/goks/cam,/dlsu/goks/cam,0.000000,61945.47393488884,0,,0,0,,0.05,1.56,20.92,[]
/dlsu/goks/cam,/dlsu/goks/cam,0.000000,0,0,,0,0,,0.00,0.00,20.90,[]
/dlsu/goks/cam,/dlsu/goks/cam,0.000000,61945.536318063736,0,,0,0,,0.05,1.38,25.17,[]
/dlsu/goks/cam,/dlsu/goks/cam,0.000000,0,0,,0,0,,0.01,0.00,24.10,[]
/dlsu/goks/cam,/dlsu/goks/cam,0.000000,61945.5804131031,0,,0,0,,0.08,0.81,22.87,[]
/dlsu/goks/cam,/dlsu/goks/cam,0.000000,61945.62661600113,0,,0,0,,0.07,0.67,22.08,[]
/dlsu/goks/cam,/dlsu/goks/cam,0.000000,61945.66466498375,0,,0,0,,0.05,1.12,25.22,[]
/dlsu/goks/cam,/dlsu/goks/cam,0.000000,61945.71427798271,0,,0,0,,0.04,0.76,25.23,[]
/dlsu/goks/cam,/dlsu/goks/cam,0.000000,61945.74509596825,0,,0,0,,0.04,0.72,21.50,[]
/dlsu/goks/cam,/dlsu/goks/cam,0.000000,61945.794853925705,0,,0,0,,0.04,0.83,23.18,[]
/dlsu/goks/cam,/dlsu/goks/cam,0.000000,61945.84286093712,0,,0,0,,0.02,0.71,23.70,[]
/dlsu/goks/cam,/dlsu/goks/cam,0.000000,61945.909324884415,0,,0,0,,0.07,3.23,20.81,[]
/dlsu/goks/cam,/dlsu/goks/cam,0.000000,61945.924844026566,0,,0,0,,0.03,0.74,22.70,[]
/dlsu/goks/cam,/dlsu/goks/cam,0.000000,61945.9566180706,0,,0,0,,0.03,0.46,23.96,[]
/dlsu/goks/cam,/dlsu/goks/cam,0.000000,0,0,,0,0,,0.01,0.00,22.69,[]
/dlsu/goks/cam,/dlsu/goks/cam,0.000000,61946.02159309387,0,,0,0,,0.04,0.79,21.96,[]
/dlsu/goks/cam,/dlsu/goks/cam,0.000000,61946.07442903519,0,,0,0,,0.05,1.65,21.46,[]
/dlsu/goks/cam,/dlsu/goks/cam,0.000000,0,0,,0,0,,0.01,0.00,20.48,[]
/dlsu/goks/cam,/dlsu/goks/cam,0.000000,61946.12968611717,0,,0,0,,0.04,0.88,25.22,[]
/dlsu/goks/cam,/dlsu/goks/cam,0.000000,61946.19830107689,0,,0,0,,0.07,1.56,20.34,[]
/dlsu/goks/cam,/dlsu/goks/cam,0.000000,0,0,,0,0,,0.00,0.00,24.10,[]
/dlsu/goks/cam,/dlsu/goks/cam,0.000000,61946.24544095993,0,,0,0,,0.02,0.87,22.51,[]
/dlsu/goks/cam,/dlsu/goks/cam,0.000000,61946.28523397446,0,,0,0,,0.05,0.85,21.07,[]
/dlsu/goks/cam,/dlsu/goks/cam,0.000000,61946.33621811867,0,,0,0,,0.04,0.80,22.85,[]
/dlsu/goks/cam,/dlsu/goks/cam,0.000000,61946.36840701103,0,,0,0,,0.06,0.81,25.16,[]
/dlsu/goks/cam,/dlsu/goks/cam,0.000000,61946.39905810356,0,,0,0,,0.03,0.82,25.12,[]
/dlsu/goks/cam,/dlsu/goks/cam,0.000000,61946.43013906479,0,,0,0,,0.03,0.88,20.88,[]
/dlsu/goks/cam,/dlsu/goks/cam,0.000000,61946.495023965836,0,,0,0,,0.05,0.89,23.74,[]
/dlsu/goks/cam,/dlsu/goks/cam,0.000000,61946.54694604874,0,,0,0,,0.04,0.89,25.12,[]
/dlsu/goks/cam,/dlsu/goks/cam,0.000000,61946.60254406929,0,,0,0,,0.04,0.87,25.21,[]
/dlsu/goks/cam,/dlsu/goks/cam,0.000000,61946.63687205315,0,,0,0,,0.10,0.98,21.93,[]
/dlsu/goks/cam,/dlsu/goks/cam,0.000000,61946.667993068695,0,,0,0,,0.03,1.00,25.17,[]
/dlsu/goks/cam,/dlsu/goks/cam,0.000000,61946.72781896591,0,,0,0,,0.06,1.60,21.79,[]
/dlsu/goks/cam,/dlsu/goks/cam,0.000000,0,0,,0,0,,0.01,0.00,25.10,[]
/dlsu/goks/cam,/dlsu/goks/cam,0.000000,61946.83895492554,0,,0,0,,0.06,1.67,21.36,[]
/dlsu/goks/cam,/dlsu/goks/cam,0.000000,0,0,,0,0,,0.01,0.00,23.10,[]
/dlsu/goks/cam,/dlsu/goks/cam,0.000000,61946.90323591232,0,,0,0,,0.05,0.97,25.16,[]
/dlsu/goks/cam,/dlsu/goks/cam,0.000000,61946.95901799202,0,,0,0,,0.04,0.77,20.49,[]
/dlsu/goks/cam,/dlsu/goks/cam,0.000000,61947.006386995316,0,,0,0,,0.12,1.47,25.15,[]
/dlsu/goks/cam,/dlsu/goks/cam,0.000000,0,0,,0,0,,0.01,0.00,25.11,[]
/dlsu/goks/cam,/dlsu/goks/cam,0.000000,61947.06304311752,0,,0,0,,0.04,1.21,25.41,[]
/dlsu/goks/cam,/dlsu/goks/cam,0.000000,61947.11812210083,0,,0,0,,0.05,1.07,20.78,[]
/dlsu/goks/cam,/dlsu/goks/cam,0.000000,61947.15364599228,0,,0,0,,0.02,0.98,22.21,[]
/dlsu/goks/cam,/dlsu/goks/cam,0.000000,61947.23342704773,0,,0,0,,0.09,1.77,21.11,[]
/dlsu/goks/cam,/dlsu/goks/cam,0.000000,0,0,,0,0,,0.00,0.00,25.30,[]
/dlsu/goks/cam,/dlsu/goks/cam,0.000000,61947.32109594345,0,,0,0,,4.25,12.34,26.99,[]
/dlsu/goks/cam,/dlsu/goks/cam,0.000000,61947.36802792549,0,,0,0,,0.26,5.30,27.66,[]
/dlsu/goks/cam,/dlsu/goks/cam,0.000000,0,0,,0,0,,0.09,0.00,22.63,[]
/dlsu/goks/cam,/dlsu/goks/cam,0.000000,61947.452430963516,0,,0,0,,1.01,4.80,23.28,[]
/dlsu/goks/cam,/dlsu/goks/cam,0.000000,0,0,,0,0,,0.01,0.00,23.36,[]
/dlsu/goks/cam,/dlsu/goks/cam,0.000000,61947.49682211876,0,,0,0,,0.04,1.10,25.16,[]
/dlsu/goks/cam,/dlsu/goks/cam,0.000000,61947.52869105339,0,,0,0,,0.05,1.49,23.28,[]
/dlsu/goks/cam,/dlsu/goks/cam,0.000000,61947.59483909607,0,,0,0,,0.06,2.08,24.63,[]
/dlsu/goks/cam,/dlsu/goks/cam,0.000000,0,0,,0,0,,0.02,0.00,21.60,[]
/dlsu/goks/cam,/dlsu/goks/cam,0.000000,61947.664861917496,0,,0,0,,0.08,1.71,23.64,[]
/dlsu/goks/cam,/dlsu/goks/cam,0.000000,0,0,,0,0,,0.01,0.00,21.07,[]
/dlsu/goks/cam,/dlsu/goks/cam,0.000000,61947.70182108879,0,,0,0,,0.06,0.82,25.11,[]
/dlsu/goks/cam,/dlsu/goks/cam,0.000000,61947.765338897705,0,,0,0,,0.06,1.46,21.66,[]
/dlsu/goks/cam,/dlsu/goks/cam,0.000000,61947.78151988983,0,,0,0,,0.02,0.73,21.14,[]
/dlsu/goks/cam,/dlsu/goks/cam,0.000000,0,0,,0,0,,0.01,0.00,24.24,[]
/dlsu/goks/cam,/dlsu/goks/cam,0.000000,61947.841927051544,0,,0,0,,0.03,0.85,25.23,[]
/dlsu/goks/cam,/dlsu/goks/cam,0.000000,61947.89138507843,0,,0,0,,0.02,0.68,25.09,[]
/dlsu/goks/cam,/dlsu/goks/cam,0.000000,61947.92329096794,0,,0,0,,0.04,1.00,24.05,[]
/dlsu/goks/cam,/dlsu/goks/cam,0.000000,61947.96834611893,0,,0,0,,0.04,0.91,24.32,[]
/dlsu/goks/cam,/dlsu/goks/cam,0.000000,61948.000433921814,0,,0,0,,0.05,0.85,21.15,[]
/dlsu/goks/cam,/dlsu/goks/cam,0.000000,61948.032041072845,0,,0,0,,0.03,0.74,21.70,[]
/dlsu/goks/cam,/dlsu/goks/cam,0.000000,61948.09792590141,0,,0,0,,0.06,1.25,21.06,[]
/dlsu/goks/cam,/dlsu/goks/cam,0.000000,0,0,,0,0,,0.00,0.00,24.18,[]
/dlsu/goks/cam,/dlsu/goks/cam,0.000000,61948.18706703186,0,,0,0,,0.04,1.02,21.79,[]
/dlsu/goks/cam,/dlsu/goks/cam,0.000000,61948.246009111404,0,,0,0,,0.08,1.65,24.91,[]
/dlsu/goks/cam,/dlsu/goks/cam,0.000000,0,0,,0,0,,0.01,0.00,24.67,[]
/dlsu/goks/cam,/dlsu/goks/cam,0.000000,61948.31460595131,0,,0,0,,0.06,1.46,22.30,[]
/dlsu/goks/cam,/dlsu/goks/cam,0.000000,0,0,,0,0,,0.01,0.00,21.50,[]
/dlsu/goks/cam,/dlsu/goks/cam,0.000000,61948.35821890831,0,,0,0,,0.04,1.03,21.19,[]
/dlsu/goks/cam,/dlsu/goks/cam,0.000000,61948.42164897919,0,,0,0,,0.05,0.95,23.67,[]
/dlsu/goks/cam,/dlsu/goks/cam,0.000000,61948.47532892227,0,,0,0,,0.05,1.24,25.52,[]
/dlsu/goks/cam,/dlsu/goks/cam,0.000000,0,0,,0,0,,0.01,0.00,22.35,[]
/dlsu/goks/cam,/dlsu/goks/cam,0.000000,61948.53480410576,0,,0,0,,0.12,1.62,24.98,[]
/dlsu/goks/cam,/dlsu/goks/cam,0.000000,61948.60768508911,0,,0,0,,0.06,1.29,25.16,[]
/dlsu/goks/cam,/dlsu/goks/cam,0.000000,61948.6956179142,0,,0,0,,0.05,1.40,25.07,[]
/dlsu/goks/cam,/dlsu/goks/cam,0.000000,61948.731875896454,0,,0,0,,0.07,1.78,25.12,[]
/dlsu/goks/cam,/dlsu/goks/cam,0.000000,0,0,,0,0,,0.00,0.00,20.79,[]
/dlsu/goks/cam,/dlsu/goks/cam,0.000000,0,0,,0,0,,0.01,0.00,21.87,[]
/dlsu/goks/cam,/dlsu/goks/cam,0.000000,61948.79219388962,0,,0,0,,0.04,1.13,20.53,[]
/dlsu/goks/cam,/dlsu/goks/cam,0.000000,61948.84967708588,0,,0,0,,0.05,1.47,25.18,[]
/dlsu/goks/cam,/dlsu/goks/cam,0.000000,0,0,,0,0,,0.01,0.00,22.91,[]
/dlsu/goks/cam,/dlsu/goks/cam,0.000000,61948.89641499519,0,,0,0,,0.03,0.67,20.87,[]
/dlsu/goks/cam,/dlsu/goks/cam,0.000000,61948.9553899765,0,,0,0,,0.04,0.86,21.70,[]
/dlsu/goks/cam,/dlsu/goks/cam,0.000000,61948.985358953476,0,,0,0,,0.07,0.98,21.81,[]
/dlsu/goks/cam,/dlsu/goks/cam,0.000000,61949.062833070755,0,,0,0,,0.06,2.02,23.49,[]
/dlsu/goks/cam,/dlsu/goks/cam,0.000000,0,0,,0,0,,0.01,0.00,25.09,[]
/dlsu/goks/cam,/dlsu/goks/cam,0.000000,61949.15503811836,0,,0,0,,0.05,1.88,25.08,[]
/dlsu/goks/cam,/dlsu/goks/cam,0.000000,0,0,,0,0,,0.01,0.00,25.06,[]
/dlsu/goks/cam,/dlsu/goks/cam,0.000000,61949.199645996094,0,,0,0,,0.03,0.79,21.29,[]
/dlsu/goks/cam,/dlsu/goks/cam,0.000000,61949.254959106445,0,,0,0,,0.03,0.86,25.21,[]
/dlsu/goks/cam,/dlsu/goks/cam,0.000000,61949.29226899147,0,,0,0,,0.02,0.81,25.14,[]
/dlsu/goks/cam,/dlsu/goks/cam,0.000000,61949.397991895676,0,,0,0,,0.09,0.95,22.82,[]
/dlsu/goks/cam,/dlsu/goks/cam,0.000000,61949.45097899437,0,,0,0,,0.04,0.82,25.19,[]
/dlsu/goks/cam,/dlsu/goks/cam,0.000000,61949.50440001488,0,,0,0,,0.06,1.74,20.82,[]
/dlsu/goks/cam,/dlsu/goks/cam,0.000000,0,0,,0,0,,0.00,0.00,20.42,[]
/dlsu/goks/cam,/dlsu/goks/cam,0.000000,61949.5680770874,0,,0,0,,0.05,1.64,25.09,[]
/dlsu/goks/cam,/dlsu/goks/cam,0.000000,0,0,,0,0,,0.01,0.00,20.71,[]
/dlsu/goks/cam,/dlsu/goks/cam,0.000000,61949.6202878952,0,,0,0,,0.03,1.21,25.15,[]
/dlsu/goks/cam,/dlsu/goks/cam,0.000000,61949.670844078064,0,,0,0,,0.03,0.75,21.84,[]
/dlsu/goks/cam,/dlsu/goks/cam,0.000000,61949.74649691582,0,,0,0,,0.07,1.92,25.43,[]
/dlsu/goks/cam,/dlsu/goks/cam,0.000000,61949.77546405792,0,,0,0,,0.03,0.92,24.39,[]
/dlsu/goks/cam,/dlsu/goks/cam,0.000000,0,0,,0,0,,0.01,0.00,25.06,[]
/dlsu/goks/cam,/dlsu/goks/cam,0.000000,61949.81396007538,0,,0,0,,0.03,0.96,21.40,[]
/dlsu/goks/cam,/dlsu/goks/cam,0.000000,61949.84941291809,0,,0,0,,0.03,1.18,21.78,[]
/dlsu/goks/cam,/dlsu/goks/cam,0.000000,61949.919066905975,0,,0,0,,0.05,1.64,20.46,[]
/dlsu/goks/cam,/dlsu/goks/cam,0.000000,0,0,,0,0,,0.00,0.00,23.80,[]
/dlsu/goks/cam,/dlsu/goks/cam,0.000000,61950.00944805145,0,,0,0,,0.05,1.46,25.54,[]
/dlsu/goks/cam,/dlsu/goks/cam,0.000000,61950.0407640934,0,,0,0,,0.04,0.66,25.09,[]
/dlsu/goks/cam,/dlsu/goks/cam,0.000000,0,0,,0,0,,0.01,0.00,21.06,[]
/dlsu/goks/cam,/dlsu/goks/cam,0.000000,61950.09098291397,0,,0,0,,0.05,1.39,25.30,[]
/dlsu/goks/cam,/dlsu/goks/cam,0.000000,61950.15163397789,0,,0,0,,0.05,1.87,25.22,[]
/dlsu/goks/cam,/dlsu/goks/cam,0.000000,0,0,,0,0,,0.01,0.00,25.10,[]
/dlsu/goks/cam,/dlsu/goks/cam,0.000000,61950.260910987854,0,,0,0,,0.04,0.83,23.79,[]
/dlsu/goks/cam,/dlsu/goks/cam,0.000000,61950.293349027634,0,,0,0,,0.08,0.73,25.12,[]
/dlsu/goks/cam,/dlsu/goks/cam,0.000000,61950.350153923035,0,,0,0,,0.05,1.15,25.04,[]
/dlsu/goks/cam,/dlsu/goks/cam,0.000000,61950.45978188515,0,,0,0,,0.11,0.83,25.51,[]
/dlsu/goks/cam,/dlsu/goks/cam,0.000000,0,0,,0,0,,0.01,1.51,23.63,[]
/dlsu/goks/cam,/dlsu/goks/cam,0.000000,61950.508101940155,0,,0,0,,0.05,1.56,24.77,[]
/dlsu/goks/cam,/dlsu/goks/cam,0.000000,0,0,,0,0,,0.01,0.00,23.75,[]
/dlsu/goks/cam,/dlsu/goks/cam,0.000000,61950.58189201355,0,,0,0,,0.04,1.65,23.59,[]
/dlsu/goks/cam,/dlsu/goks/cam,0.000000,0,0,,0,0,,0.00,0.00,24.73,[]
/dlsu/goks/cam,/dlsu/goks/cam,0.000000,61950.66307806969,0,,0,0,,0.35,1.35,25.38,[]
/dlsu/goks/cam,/dlsu/goks/cam,0.000000,0,0,,0,0,,0.01,0.00,22.04,[]
/dlsu/goks/cam,/dlsu/goks/cam,0.000000,61950.715795993805,0,,0,0,,0.13,0.94,25.19,[]
/dlsu/goks/cam,/dlsu/goks/cam,0.000000,61950.77229499817,0,,0,0,,0.05,1.90,25.17,[]
/dlsu/goks/cam,/dlsu/goks/cam,0.000000,0,0,,0,0,,0.01,0.00,25.07,[]
/dlsu/goks/cam,/dlsu/goks/cam,0.000000,61950.81914305687,0,,0,0,,0.07,0.82,23.37,[]
/dlsu/goks/cam,/dlsu/goks/cam,0.000000,61950.9451649189,0,,0,0,,0.06,1.60,21.02,[]
/dlsu/goks/cam,/dlsu/goks/cam,0.000000,61950.972870111465,0,,0,0,,0.08,0.00,20.77,[]
/dlsu/goks/cam,/dlsu/goks/cam,0.000000,0,0,,0,0,,0.00,0.00,25.07,[]
/dlsu/goks/cam,/dlsu/goks/cam,0.000000,61951.03246307373,0,,0,0,,0.06,0.98,21.89,[]
/dlsu/goks/cam,/dlsu/goks/cam,0.000000,61951.09906101227,0,,0,0,,0.03,0.82,23.01,[]
/dlsu/goks/cam,/dlsu/goks/cam,0.000000,61951.13110589981,0,,0,0,,0.02,0.82,25.10,[]
/dlsu/goks/cam,/dlsu/goks/cam,0.000000,61951.203406095505,0,,0,0,,0.05,1.18,23.01,[]
/dlsu/goks/cam,/dlsu/goks/cam,0.000000,61951.240474939346,0,,0,0,,0.04,1.61,21.91,[]
/dlsu/goks/cam,/dlsu/goks/cam,0.000000,0,0,,0,0,,0.01,0.00,23.62,[]
/dlsu/goks/cam,/dlsu/goks/cam,0.000000,61951.30896997452,0,,0,0,,0.07,1.31,25.26,[]
/dlsu/goks/cam,/dlsu/goks/cam,0.000000,61951.35089302063,0,,0,0,,0.02,0.68,20.55,[]
/dlsu/goks/cam,/dlsu/goks/cam,0.000000,0,0,,0,0,,0.00,0.00,24.26,[]
/dlsu/goks/cam,/dlsu/goks/cam,0.000000,61951.396991968155,0,,0,0,,0.02,0.64,24.85,[]
/dlsu/goks/cam,/dlsu/goks/cam,0.000000,0,0,,0,0,,0.02,0.00,24.87,[]
/dlsu/goks/cam,/dlsu/goks/cam,0.000000,61951.43801403046,0,,0,0,,0.04,0.92,22.14,[]
/dlsu/goks/cam,/dlsu/goks/cam,0.000000,61951.50232100487,0,,0,0,,0.05,0.79,20.73,[]
/dlsu/goks/cam,/dlsu/goks/cam,0.000000,61951.549854040146,0,,0,0,,0.04,1.59,21.19,[]
/dlsu/goks/cam,/dlsu/goks/cam,0.000000,0,0,,0,0,,0.00,0.00,25.09,[]
/dlsu/goks/cam,/dlsu/goks/cam,0.000000,61951.62671995163,0,,0,0,,0.06,0.87,24.55,[]
/dlsu/goks/cam,/dlsu/goks/cam,0.000000,61951.67393088341,0,,0,0,,0.04,0.78,25.41,[]
/dlsu/goks/cam,/dlsu/goks/cam,0.000000,61951.730628967285,0,,0,0,,0.05,1.83,25.16,[]
/dlsu/goks/cam,/dlsu/goks/cam,0.000000,0,0,,0,0,,0.01,0.00,24.14,[]
/dlsu/goks/cam,/dlsu/goks/cam,0.000000,61951.76761388779,0,,0,0,,0.07,0.91,25.14,[]
/dlsu/goks/cam,/dlsu/goks/cam,0.000000,61951.80088305473,0,,0,0,,0.04,1.05,24.39,[]
/dlsu/goks/cam,/dlsu/goks/cam,0.000000,61951.834237098694,0,,0,0,,0.04,0.76,25.16,[]
/dlsu/goks/cam,/dlsu/goks/cam,0.000000,61951.897272109985,0,,0,0,,0.07,1.45,24.94,[]
/dlsu/goks/cam,/dlsu/goks/cam,0.000000,0,0,,0,0,,0.00,0.00,24.29,[]
/dlsu/goks/cam,/dlsu/goks/cam,0.000000,61951.97514796257,0,,0,0,,0.12,1.51,24.63,[]
/dlsu/goks/cam,/dlsu/goks/cam,0.000000,0,0,,0,0,,0.01,0.00,21.89,[]
/dlsu/goks/cam,/dlsu/goks/cam,0.000000,61952.041476011276,0,,0,0,,0.04,1.12,21.41,[]
/dlsu/goks/cam,/dlsu/goks/cam,0.000000,61952.10450100899,0,,0,0,,0.05,1.12,21.41,[]
/dlsu/goks/cam,/dlsu/goks/cam,0.000000,61952.14015197754,0,,0,0,,0.03,0.78,25.18,[]
/dlsu/goks/cam,/dlsu/goks/cam,0.000000,61952.17405605316,0,,0,0,,0.02,0.76,23.60,[]
/dlsu/goks/cam,/dlsu/goks/cam,0.000000,61952.219103097916,0,,0,0,,0.09,1.05,23.38,[]
/dlsu/goks/cam,/dlsu/goks/cam,0.000000,61952.28098297119,0,,0,0,,0.03,0.78,25.15,[]
/dlsu/goks/cam,/dlsu/goks/cam,0.000000,61952.308346033096,0,,0,0,,0.05,0.96,25.12,[]
/dlsu/goks/cam,/dlsu/goks/cam,0.000000,61952.34477901459,0,,0,0,,0.03,0.80,25.08,[]
/dlsu/goks/cam,/dlsu/goks/cam,0.000000,61952.41359496117,0,,0,0,,0.07,2.06,25.15,[]
/dlsu/goks/cam,/dlsu/goks/cam,0.000000,0,0,,0,0,,0.01,0.00,20.42,[]
/dlsu/goks/cam,/dlsu/goks/cam,0.000000,61952.46963405609,0,,0,0,,0.02,0.85,25.24,[]
/dlsu/goks/cam,/dlsu/goks/cam,0.000000,61952.49737095833,0,,0,0,,0.05,0.71,25.17,[]
/dlsu/goks/cam,/dlsu/goks/cam,0.000000,61952.54441905022,0,,0,0,,0.04,1.11,22.83,[]
/dlsu/goks/cam,/dlsu/goks/cam,0.000000,61952.5903339386,0,,0,0,,0.03,1.12,25.15,[]
/dlsu/goks/cam,/dlsu/goks/cam,0.000000,61952.6293759346,0,,0,0,,0.03,0.90,22.74,[]
/dlsu/goks/cam,/dlsu/goks/cam,0.000000,61952.705136060715,0,,0,0,,0.05,1.74,25.19,[]
/dlsu/goks/cam,/dlsu/goks/cam,0.000000,0,0,,0,0,,0.01,0.00,25.09,[]
/dlsu/goks/cam,/dlsu/goks/cam,0.000000,61952.7749478817,0,,0,0,,0.06,1.40,25.52,[]
/dlsu/goks/cam,/dlsu/goks/cam,0.000000,0,0,,0,0,,0.01,0.00,25.16,[]
/dlsu/goks/cam,/dlsu/goks/cam,0.000000,61952.86930394173,0,,0,0,,0.06,1.65,25.14,[]
/dlsu/goks/cam,/dlsu/goks/cam,0.000000,0,0,,0,0,,0.01,0.00,25.11,[]
/dlsu/goks/cam,/dlsu/goks/cam,0.000000,61952.91252398491,0,,0,0,,0.04,1.21,25.07,[]
/dlsu/goks/cam,/dlsu/goks/cam,0.000000,61960.136113882065,0,,0,0,,1.01,3.13,25.00,[]
/dlsu/goks/cam,/dlsu/goks/cam,0.000000,0,0,,0,0,,0.02,0.00,25.48,[]
/dlsu/goks/cam,/dlsu/goks/cam,0.000000,61960.184362888336,0,,0,0,,0.06,0.97,25.22,[]
/dlsu/goks/cam,/dlsu/goks/cam,0.000000,61960.24859905243,0,,0,0,,0.33,1.49,21.01,[]
/dlsu/goks/cam,/dlsu/goks/cam,0.000000,61960.30287909508,0,,0,0,,0.07,1.07,23.79,[]
/dlsu/goks/cam,/dlsu/goks/cam,0.000000,61960.33162403107,0,,0,0,,0.07,1.17,22.54,[]
/dlsu/goks/cam,/dlsu/goks/cam,0.000000,61960.391036987305,0,,0,0,,0.05,0.93,21.70,[]
/dlsu/goks/cam,/dlsu/goks/cam,0.000000,61960.4857840538,0,,0,0,,0.04,0.47,26.17,[]
/dlsu/goks/cam,/dlsu/goks/cam,0.000000,61960.52891898155,0,,0,0,,0.07,1.27,25.31,[]
/dlsu/goks/cam,/dlsu/goks/cam,0.000000,61960.578219890594,0,,0,0,,0.04,1.27,25.17,[]
/dlsu/goks/cam,/dlsu/goks/cam,0.000000,0,0,,0,0,,0.00,0.00,23.09,[]
/dlsu/goks/cam,/dlsu/goks/cam,0.000000,61960.68773603439,0,,0,0,,0.05,0.89,25.15,[]
/dlsu/goks/cam,/dlsu/goks/cam,0.000000,61960.7186191082,0,,0,0,,0.08,0.97,24.88,[]
/dlsu/goks/cam,/dlsu/goks/cam,0.000000,61960.79884505272,0,,0,0,,0.17,1.78,23.64,[]
/dlsu/goks/cam,/dlsu/goks/cam,0.000000,0,0,,0,0,,0.01,0.00,20.76,[]
/dlsu/goks/cam,/dlsu/goks/cam,0.000000,61960.85185289383,0,,0,0,,0.04,1.57,22.42,[]
/dlsu/goks/cam,/dlsu/goks/cam,0.000000,61960.87814307213,0,,0,0,,0.02,0.68,25.09,[]
/dlsu/goks/cam,/dlsu/goks/cam,0.000000,61960.906730890274,0,,0,0,,0.04,0.96,25.06,[]
/dlsu/goks/cam,/dlsu/goks/cam,0.000000,0,0,,0,0,,0.01,0.00,25.18,[]
/dlsu/goks/cam,/dlsu/goks/cam,0.000000,61960.981947898865,0,,0,0,,0.06,1.47,20.96,[]
/dlsu/goks/cam,/dlsu/goks/cam,0.000000,0,0,,0,0,,0.01,0.00,25.04,[]
/dlsu/goks/cam,/dlsu/goks/cam,0.000000,61961.01362299919,0,,0,0,,0.03,0.73,20.93,[]
/dlsu/goks/cam,/dlsu/goks/cam,0.000000,61961.057284116745,0,,0,0,,0.24,2.20,26.60,[]
/dlsu/goks/cam,/dlsu/goks/cam,0.000000,61961.12437391281,0,,0,0,,0.18,4.18,30.64,[]
/dlsu/goks/cam,/dlsu/goks/cam,0.000000,61961.16025209427,0,,0,0,,0.45,14.76,28.03,[]
/dlsu/goks/cam,/dlsu/goks/cam,0.000000,61961.20802903175,0,,0,0,,0.06,1.36,23.42,[]
/dlsu/goks/cam,/dlsu/goks/cam,0.000000,61961.24896597862,0,,0,0,,0.05,1.24,25.22,[]
/dlsu/goks/cam,/dlsu/goks/cam,0.000000,61961.31316304207,0,,0,0,,0.05,1.67,20.63,[]
/dlsu/goks/cam,/dlsu/goks/cam,0.000000,61961.34270310402,0,,0,0,,0.03,1.00,24.43,[]
/dlsu/goks/cam,/dlsu/goks/cam,0.000000,0,0,,0,0,,0.01,0.00,24.31,[]
/dlsu/goks/cam,/dlsu/goks/cam,0.000000,61961.37349200249,0,,0,0,,0.04,0.79,24.06,[]
/dlsu/goks/cam,/dlsu/goks/cam,0.000000,61961.42665100098,0,,0,0,,0.12,6.83,20.23,[]
/dlsu/goks/cam,/dlsu/goks/cam,0.000000,0,0,,0,0,,0.02,0.00,22.33,[]
/dlsu/goks/cam,/dlsu/goks/cam,0.000000,61961.502422094345,0,,0,0,,0.13,1.98,24.71,[]
/dlsu/goks/cam,/dlsu/goks/cam,0.000000,61961.51713705063,0,,0,0,,0.03,0.67,25.09,[]
/dlsu/goks/cam,/dlsu/goks/cam,0.000000,0,0,,0,0,,0.01,0.00,25.17,[]
/dlsu/goks/cam,/dlsu/goks/cam,0.000000,61961.58037805557,0,,0,0,,0.05,1.98,20.60,[]
/dlsu/goks/cam,/dlsu/goks/cam,0.000000,0,0,,0,0,,0.01,0.00,22.32,[]
/dlsu/goks/cam,/dlsu/goks/cam,0.000000,61961.654432058334,0,,0,0,,0.06,0.89,22.41,[]
/dlsu/goks/cam,/dlsu/goks/cam,0.000000,61961.69610905647,0,,0,0,,0.03,1.17,25.13,[]
/dlsu/goks/cam,/dlsu/goks/cam,0.000000,61961.73060107231,0,,0,0,,0.03,0.88,23.70,[]
/dlsu/goks/cam,/dlsu/goks/cam,0.000000,61961.762186050415,0,,0,0,,0.07,0.89,25.17,[]
/dlsu/goks/cam,/dlsu/goks/cam,0.000000,61961.798687934875,0,,0,0,,0.03,0.81,25.14,[]
/dlsu/goks/cam,/dlsu/goks/cam,0.000000,61961.83713197708,0,,0,0,,0.03,0.90,25.08,[]
/dlsu/goks/cam,/dlsu/goks/cam,0.000000,61961.89111208916,0,,0,0,,0.04,0.73,25.13,[]
/dlsu/goks/cam,/dlsu/goks/cam,0.000000,61961.96816396713,0,,0,0,,0.10,0.76,25.20,[]
/dlsu/goks/cam,/dlsu/goks/cam,0.000000,61961.96883392334,0,,0,0,,0.01,1.09,23.10,[]
/dlsu/goks/cam,/dlsu/goks/cam,0.000000,61962.03118610382,0,,0,0,,0.06,2.01,25.26,[]
/dlsu/goks/cam,/dlsu/goks/cam,0.000000,0,0,,0,0,,0.00,0.00,20.41,[]
/dlsu/goks/cam,/dlsu/goks/cam,0.000000,61962.09982705116,0,,0,0,,0.06,1.60,20.86,[]
/dlsu/goks/cam,/dlsu/goks/cam,0.000000,0,0,,0,0,,0.01,0.00,24.20,[]
/dlsu/goks/cam,/dlsu/goks/cam,0.000000,61962.18588805199,0,,0,0,,0.08,1.59,25.19,[]
/dlsu/goks/cam,/dlsu/goks/cam,0.000000,0,0,,0,0,,0.01,0.00,25.09,[]
/dlsu/goks/cam,/dlsu/goks/cam,0.000000,61962.24061989784,0,,0,0,,0.14,2.17,23.63,[]
/dlsu/goks/cam,/dlsu/goks/cam,0.000000,0,0,,0,0,,0.01,0.00,25.10,[]
/dlsu/goks/cam,/dlsu/goks/cam,0.000000,61962.334326028824,0,,0,0,,0.13,2.21,23.82,[]
/dlsu/goks/cam,/dlsu/goks/cam,0.000000,0,0,,0,0,,0.03,0.00,21.98,[]
/dlsu/goks/cam,/dlsu/goks/cam,0.000000,61962.41999197006,0,,0,0,,0.08,0.87,21.70,[]
/dlsu/goks/cam,/dlsu/goks/cam,0.000000,61962.48885393143,0,,0,0,,0.05,0.90,21.35,[]
/dlsu/goks/cam,/dlsu/goks/cam,0.000000,61962.51933002472,0,,0,0,,0.06,1.57,24.77,[]
/dlsu/goks/cam,/dlsu/goks/cam,0.000000,0,0,,0,0,,0.01,0.00,21.15,[]
/dlsu/goks/cam,/dlsu/goks/cam,0.000000,61962.59694600105,0,,0,0,,0.14,0.91,25.12,[]
/dlsu/goks/cam,/dlsu/goks/cam,0.000000,61962.63085389137,0,,0,0,,0.14,0.90,20.70,[]
/dlsu/goks/cam,/dlsu/goks/cam,0.000000,61962.67426300049,0,,0,0,,0.03,0.84,25.21,[]
/dlsu/goks/cam,/dlsu/goks/cam,0.000000,61962.73292994499,0,,0,0,,0.04,1.66,21.71,[]
/dlsu/goks/cam,/dlsu/goks/cam,0.000000,0,0,,0,0,,0.01,0.00,20.41,[]
/dlsu/goks/cam,/dlsu/goks/cam,0.000000,61962.7763710022,0,,0,0,,0.03,0.82,21.75,[]
/dlsu/goks/cam,/dlsu/goks/cam,0.000000,61962.81277799606,0,,0,0,,0.05,1.44,22.40,[]
/dlsu/goks/cam,/dlsu/goks/cam,0.000000,0,0,,0,0,,0.00,0.00,20.45,[]
/dlsu/goks/cam,/dlsu/goks/cam,0.000000,61962.87961101532,0,,0,0,,0.04,0.86,25.13,[]
/dlsu/goks/cam,/dlsu/goks/cam,0.000000,61962.92882490158,0,,0,0,,0.15,2.20,24.75,[]
/dlsu/goks/cam,/dlsu/goks/cam,0.000000,61962.95981502533,0,,0,0,,0.14,0.79,25.11,[]
/dlsu/goks/cam,/dlsu/goks/cam,0.000000,0,0,,0,0,,0.02,0.00,25.09,[]
/dlsu/goks/cam,/dlsu/goks/cam,0.000000,61963.000129938126,0,,0,0,,0.10,1.15,25.32,[]
/dlsu/goks/cam,/dlsu/goks/cam,0.000000,61963.05449795723,0,,0,0,,0.05,1.56,20.79,[]
/dlsu/goks/cam,/dlsu/goks/cam,0.000000,0,0,,0,0,,0.00,0.00,25.06,[]
/dlsu/goks/cam,/dlsu/goks/cam,0.000000,61963.10235905647,0,,0,0,,0.04,0.80,24.41,[]
/dlsu/goks/cam,/dlsu/goks/cam,0.000000,61963.16423201561,0,,0,0,,0.04,0.85,25.13,[]
/dlsu/goks/cam,/dlsu/goks/cam,0.000000,61963.198528051376,0,,0,0,,0.06,1.74,24.93,[]
/dlsu/goks/cam,/dlsu/goks/cam,0.000000,0,0,,0,0,,0.01,0.00,23.20,[]
/dlsu/goks/cam,/dlsu/goks/cam,0.000000,61963.29453396797,0,,0,0,,0.07,2.07,20.88,[]
/dlsu/goks/cam,/dlsu/goks/cam,0.000000,0,0,,0,0,,0.00,0.00,25.08,[]
/dlsu/goks/cam,/dlsu/goks/cam,0.000000,61963.398206949234,0,,0,0,,0.10,2.01,25.09,[]
/dlsu/goks/cam,/dlsu/goks/cam,0.000000,0,0,,0,0,,0.01,0.00,22.51,[]
/dlsu/goks/cam,/dlsu/goks/cam,0.000000,61963.429889917374,0,,0,0,,0.02,0.84,25.11,[]
/dlsu/goks/cam,/dlsu/goks/cam,0.000000,61963.48306798935,0,,0,0,,0.05,1.26,22.39,[]
/dlsu/goks/cam,/dlsu/goks/cam,0.000000,0,0,,0,0,,0.01,0.00,25.09,[]
/dlsu/goks/cam,/dlsu/goks/cam,0.000000,61963.580656051636,0,,0,0,,0.10,1.71,20.32,[]
/dlsu/goks/cam,/dlsu/goks/cam,0.000000,0,0,,0,0,,0.01,0.00,25.17,[]
/dlsu/goks/cam,/dlsu/goks/cam,0.000000,61963.61967301369,0,,0,0,,0.04,0.87,21.40,[]
/dlsu/goks/cam,/dlsu/goks/cam,0.000000,61963.65165090561,0,,0,0,,0.05,0.91,25.17,[]
/dlsu/goks/cam,/dlsu/goks/cam,0.000000,61963.71311497688,0,,0,0,,0.05,1.22,23.77,[]
/dlsu/goks/cam,/dlsu/goks/cam,0.000000,61963.74468207359,0,,0,0,,0.03,1.21,20.86,[]
/dlsu/goks/cam,/dlsu/goks/cam,0.000000,61963.78608298302,0,,0,0,,0.03,0.76,25.13,[]
/dlsu/goks/cam,/dlsu/goks/cam,0.000000,61963.83033490181,0,,0,0,,0.03,1.18,20.93,[]
/dlsu/goks/cam,/dlsu/goks/cam,0.000000,61963.903302907944,0,,0,0,,0.06,2.30,24.38,[]
/dlsu/goks/cam,/dlsu/goks/cam,0.000000,0,0,,0,0,,0.00,0.00,20.88,[]
/dlsu/goks/cam,/dlsu/goks/cam,0.000000,61963.95165395737,0,,0,0,,0.04,0.80,25.15,[]
/dlsu/goks/cam,/dlsu/goks/cam,0.000000,61964.02378511429,0,,0,0,,0.04,0.85,25.10,[]
/dlsu/goks/cam,/dlsu/goks/cam,0.000000,61964.1076130867,0,,0,0,,0.05,0.75,22.73,[]
/dlsu/goks/cam,/dlsu/goks/cam,0.000000,61964.160885095596,0,,0,0,,0.08,1.72,25.22,[]
/dlsu/goks/cam,/dlsu/goks/cam,0.000000,0,0,,0,0,,0.01,0.00,25.15,[]
/dlsu/goks/cam,/dlsu/goks/cam,0.000000,61964.20883989334,0,,0,0,,0.04,0.78,25.15,[]
/dlsu/goks/cam,/dlsu/goks/cam,0.000000,61964.281568050385,0,,0,0,,0.05,0.82,24.71,[]
/dlsu/goks/cam,/dlsu/goks/cam,0.000000,61964.33954811096,0,,0,0,,0.05,0.79,25.19,[]
/dlsu/goks/cam,/dlsu/goks/cam,0.000000,61964.40717792511,0,,0,0,,0.07,1.78,25.19,[]
/dlsu/goks/cam,/dlsu/goks/cam,0.000000,0,0,,0,0,,0.01,0.00,24.76,[]
/dlsu/goks/cam,/dlsu/goks/cam,0.000000,61964.47494792938,0,,0,0,,0.04,0.86,21.34,[]
/dlsu/goks/cam,/dlsu/goks/cam,0.000000,61964.547024965286,0,,0,0,,0.19,2.21,23.40,[]
/dlsu/goks/cam,/dlsu/goks/cam,0.000000,0,0,,0,0,,0.01,0.00,24.71,[]
/dlsu/goks/cam,/dlsu/goks/cam,0.000000,61964.60875201225,0,,0,0,,0.10,1.70,24.09,[]
/dlsu/goks/cam,/dlsu/goks/cam,0.000000,0,0,,0,0,,0.01,0.00,25.06,[]
/dlsu/goks/cam,/dlsu/goks/cam,0.000000,61964.643064022064,0,,0,0,,0.04,0.79,24.81,[]
/dlsu/goks/cam,/dlsu/goks/cam,0.000000,61964.68535208702,0,,0,0,,0.03,0.82,24.79,[]
/dlsu/goks/cam,/dlsu/goks/cam,0.000000,61964.74364709854,0,,0,0,,0.03,0.84,25.08,[]
/dlsu/goks/cam,/dlsu/goks/cam,0.000000,61964.77224802971,0,,0,0,,0.03,0.85,22.23,[]
/dlsu/goks/cam,/dlsu/goks/cam,0.000000,61964.82034111023,0,,0,0,,0.04,0.93,20.37,[]
/dlsu/goks/cam,/dlsu/goks/cam,0.000000,61964.86260700226,0,,0,0,,0.09,1.09,21.03,[]
/dlsu/goks/cam,/dlsu/goks/cam,0.000000,61964.93570494652,0,,0,0,,0.05,1.47,21.81,[]
/dlsu/goks/cam,/dlsu/goks/cam,0.000000,0,0,,0,0,,0.01,0.00,25.73,[]
/dlsu/goks/cam,/dlsu/goks/cam,0.000000,61964.98043298721,0,,0,0,,0.14,1.42,24.98,[]
/dlsu/goks/cam,/dlsu/goks/cam,0.000000,61965.024847984314,0,,0,0,,0.05,0.72,24.98,[]
/dlsu/goks/cam,/dlsu/goks/cam,0.000000,0,0,,0,0,,0.01,0.00,21.64,[]
/dlsu/goks/cam,/dlsu/goks/cam,0.000000,61965.0567920208,0,,0,0,,0.06,0.75,23.73,[]
/dlsu/goks/cam,/dlsu/goks/cam,0.000000,61965.11549901962,0,,0,0,,0.04,0.94,25.20,[]
/dlsu/goks/cam,/dlsu/goks/cam,0.000000,61965.15691304207,0,,0,0,,0.04,1.11,25.13,[]
/dlsu/goks/cam,/dlsu/goks/cam,0.000000,61965.20166397095,0,,0,0,,0.03,0.76,25.10,[]
/dlsu/goks/cam,/dlsu/goks/cam,0.000000,61965.217510938644,0,,0,0,,0.05,0.61,22.25,[]
/dlsu/goks/cam,/dlsu/goks/cam,0.000000,61965.242789030075,0,,0,0,,0.03,0.88,22.18,[]
/dlsu/goks/cam,/dlsu/goks/cam,0.000000,61965.26365399361,0,,0,0,,0.03,0.85,23.25,[]
/dlsu/goks/cam,/dlsu/goks/cam,0.000000,0,0,,0,0,,0.01,0.00,24.69,[]
/dlsu/goks/cam,/dlsu/goks/cam,0.000000,61965.32742905617,0,,0,0,,0.03,0.79,25.18,[]
/dlsu/goks/cam,/dlsu/goks/cam,0.000000,61965.377964019775,0,,0,0,,0.06,1.03,21.46,[]
/dlsu/goks/cam,/dlsu/goks/cam,0.000000,0,0,,0,0,,0.01,0.00,24.82,[]
/dlsu/goks/cam,/dlsu/goks/cam,0.000000,61965.44110608101,0,,0,0,,0.05,0.81,25.18,[]
/dlsu/goks/cam,/dlsu/goks/cam,0.000000,0,0,,0,0,,0.00,0.00,25.07,[]
/dlsu/goks/cam,/dlsu/goks/cam,0.000000,61965.47333788872,0,,0,0,,0.03,0.99,24.45,[]
/dlsu/goks/cam,/dlsu/goks/cam,0.000000,61965.544138908386,0,,0,0,,0.03,0.90,23.85,[]
/dlsu/goks/cam,/dlsu/goks/cam,0.000000,61965.57204890251,0,,0,0,,0.03,0.69,21.53,[]
/dlsu/goks/cam,/dlsu/goks/cam,0.000000,61965.643804073334,0,,0,0,,0.07,1.74,24.60,[]
/dlsu/goks/cam,/dlsu/goks/cam,0.000000,0,0,,0,0,,0.01,0.00,24.15,[]
/dlsu/goks/cam,/dlsu/goks/cam,0.000000,61965.71396493912,0,,0,0,,0.04,0.82,20.99,[]
/dlsu/goks/cam,/dlsu/goks/cam,0.000000,61965.74673604965,0,,0,0,,0.03,1.17,25.20,[]
/dlsu/goks/cam,/dlsu/goks/cam,0.000000,61965.797103881836,0,,0,0,,0.03,0.76,22.22,[]
/dlsu/goks/cam,/dlsu/goks/cam,0.000000,61965.82294988632,0,,0,0,,0.03,0.84,21.68,[]
/dlsu/goks/cam,/dlsu/goks/cam,0.000000,61965.895829916,0,,0,0,,0.07,1.80,23.47,[]
/dlsu/goks/cam,/dlsu/goks/cam,0.000000,61965.922616004944,0,,0,0,,0.03,0.68,23.18,[]
/dlsu/goks/cam,/dlsu/goks/cam,0.000000,0,0,,0,0,,0.01,0.00,21.58,[]
/dlsu/goks/cam,/dlsu/goks/cam,0.000000,61965.98126101494,0,,0,0,,0.03,1.08,25.18,[]
/dlsu/goks/cam,/dlsu/goks/cam,0.000000,61966.028175115585,0,,0,0,,0.04,0.97,24.25,[]
/dlsu/goks/cam,/dlsu/goks/cam,0.000000,61966.06223702431,0,,0,0,,0.03,0.96,20.98,[]
/dlsu/goks/cam,/dlsu/goks/cam,0.000000,61966.117374897,0,,0,0,,0.03,1.23,24.83,[]
/dlsu/goks/cam,/dlsu/goks/cam,0.000000,61966.143522024155,0,,0,0,,0.02,0.69,24.33,[]
/dlsu/goks/cam,/dlsu/goks/cam,0.000000,61966.19485592842,0,,0,0,,0.07,0.91,23.14,[]
/dlsu/goks/cam,/dlsu/goks/cam,0.000000,61966.2391140461,0,,0,0,,0.04,1.08,23.63,[]
/dlsu/goks/cam,/dlsu/goks/cam,0.000000,61966.302021980286,0,,0,0,,0.04,0.78,21.86,[]
/dlsu/goks/cam,/dlsu/goks/cam,0.000000,61966.36898803711,0,,0,0,,0.04,0.72,22.16,[]
/dlsu/goks/cam,/dlsu/goks/cam,0.000000,61966.418755054474,0,,0,0,,0.05,1.84,23.42,[]
/dlsu/goks/cam,/dlsu/goks/cam,0.000000,0,0,,0,0,,0.00,0.00,25.09,[]
/dlsu/goks/cam,/dlsu/goks/cam,0.000000,61966.4883210659,0,,0,0,,0.05,1.08,22.36,[]
/dlsu/goks/cam,/dlsu/goks/cam,0.000000,0,0,,0,0,,0.01,0.00,24.16,[]
/dlsu/goks/cam,/dlsu/goks/cam,0.000000,61966.540155887604,0,,0,0,,0.07,0.83,25.12,[]
/dlsu/goks/cam,/dlsu/goks/cam,0.000000,61966.64046502113,0,,0,0,,0.07,0.79,25.21,[]
/dlsu/goks/cam,/dlsu/goks/cam,0.000000,61966.700248003006,0,,0,0,,0.05,1.49,20.96,[]
/dlsu/goks/cam,/dlsu/goks/cam,0.000000,0,0,,0,0,,0.00,0.00,25.05,[]
/dlsu/goks/cam,/dlsu/goks/cam,0.000000,61966.78163290024,0,,0,0,,0.11,1.11,20.94,[]
/dlsu/goks/cam,/dlsu/goks/cam,0.000000,61966.79636502266,0,,0,0,,0.02,1.22,23.52,[]
/dlsu/goks/cam,/dlsu/goks/cam,0.000000,0,0,,0,0,,0.00,0.00,20.62,[]
/dlsu/goks/cam,/dlsu/goks/cam,0.000000,61966.8954949379,0,,0,0,,0.08,2.26,21.96,[]
/dlsu/goks/cam,/dlsu/goks/cam,0.000000,0,0,,0,0,,0.01,0.00,25.08,[]
/dlsu/goks/cam,/dlsu/goks/cam,0.000000,0,0,,0,0,,0.00,0.00,21.16,[]
/dlsu/goks/cam,/dlsu/goks/cam,0.000000,61967.001486063,0,,0,0,,0.05,1.71,25.15,[]
/dlsu/goks/cam,/dlsu/goks/cam,0.000000,61967.01739692688,0,,0,0,,0.02,0.65,23.55,[]
/dlsu/goks/cam,/dlsu/goks/cam,0.000000,0,0,,0,0,,0.01,0.00,21.27,[]
/dlsu/goks/cam,/dlsu/goks/cam,0.000000,61967.08029603958,0,,0,0,,0.04,0.75,25.08,[]
/dlsu/goks/cam,/dlsu/goks/cam,0.000000,61967.108108997345,0,,0,0,,0.03,1.37,21.81,[]
/dlsu/goks/cam,/dlsu/goks/cam,0.000000,61967.14011693001,0,,0,0,,0.05,1.04,22.61,[]
/dlsu/goks/cam,/dlsu/goks/cam,0.000000,61967.23162102699,0,,0,0,,0.08,1.01,25.14,[]
/dlsu/goks/cam,/dlsu/goks/cam,0.000000,61967.304585933685,0,,0,0,,0.09,1.51,25.20,[]
/dlsu/goks/cam,/dlsu/goks/cam,0.000000,0,0,,0,0,,0.01,0.00,25.09,[]
/dlsu/goks/cam,/dlsu/goks/cam,0.000000,61967.35229706764,0,,0,0,,0.04,0.79,24.44,[]
/dlsu/goks/cam,/dlsu/goks/cam,0.000000,61967.43253111839,0,,0,0,,0.06,1.21,24.65,[]
/dlsu/goks/cam,/dlsu/goks/cam,0.000000,0,0,,0,0,,0.01,0.00,22.37,[]
/dlsu/goks/cam,/dlsu/goks/cam,0.000000,61967.49990606308,0,,0,0,,0.04,1.07,25.12,[]
/dlsu/goks/cam,/dlsu/goks/cam,0.000000,61967.547746896744,0,,0,0,,0.04,0.93,20.74,[]
/dlsu/goks/cam,/dlsu/goks/cam,0.000000,61967.614762067795,0,,0,0,,0.04,1.20,25.46,[]
/dlsu/goks/cam,/dlsu/goks/cam,0.000000,61967.64620900154,0,,0,0,,0.02,0.66,25.11,[]
/dlsu/goks/cam,/dlsu/goks/cam,0.000000,61967.68828010559,0,,0,0,,0.03,0.76,22.69,[]
/dlsu/goks/cam,/dlsu/goks/cam,0.000000,61967.70394492149,0,,0,0,,0.02,0.60,21.52,[]
/dlsu/goks/cam,/dlsu/goks/cam,0.000000,0,0,,0,0,,0.01,0.00,25.09,[]
/dlsu/goks/cam,/dlsu/goks/cam,0.000000,61967.7606151104,0,,0,0,,0.03,0.98,25.14,[]
/dlsu/goks/cam,/dlsu/goks/cam,0.000000,61967.82828807831,0,,0,0,,0.03,0.83,25.19,[]
/dlsu/goks/cam,/dlsu/goks/cam,0.000000,61967.86589407921,0,,0,0,,0.03,1.08,25.56,[]
/dlsu/goks/cam,/dlsu/goks/cam,0.000000,61967.89711904526,0,,0,0,,0.04,0.92,21.62,[]
/dlsu/goks/cam,/dlsu/goks/cam,0.000000,0,0,,0,0,,0.00,0.00,25.07,[]
/dlsu/goks/cam,/dlsu/goks/cam,0.000000,61967.97250509262,0,,0,0,,0.03,1.08,20.42,[]
/dlsu/goks/cam,/dlsu/goks/cam,0.000000,61967.99530506134,0,,0,0,,0.03,0.76,24.20,[]
/dlsu/goks/cam,/dlsu/goks/cam,0.000000,61973.30555891991,0,,0,0,,0.28,1.25,21.01,[]
/dlsu/goks/cam,/dlsu/goks/cam,0.000000,61973.35464000702,0,,0,0,,0.10,5.99,21.45,[]
/dlsu/goks/cam,/dlsu/goks/cam,0.000000,61973.41846203804,0,,0,0,,3.98,6.55,25.67,[]
/dlsu/goks/cam,/dlsu/goks/cam,0.000000,61973.47611498833,0,,0,0,,1.26,7.24,22.97,[]
/dlsu/goks/cam,/dlsu/goks/cam,0.000000,0,0,,0,0,,0.01,0.00,20.50,[]
/dlsu/goks/cam,/dlsu/goks/cam,0.000000,61973.51310992241,0,,0,0,,0.13,2.61,25.11,[]
/dlsu/goks/cam,/dlsu/goks/cam,0.000000,61973.54714894295,0,,0,0,,0.18,1.00,20.28,[]
/dlsu/goks/cam,/dlsu/goks/cam,0.000000,61973.60997390747,0,,0,0,,0.07,2.07,20.89,[]
/dlsu/goks/cam,/dlsu/goks/cam,0.000000,0,0,,0,0,,0.01,0.00,21.94,[]
/dlsu/goks/cam,/dlsu/goks/cam,0.000000,61973.755975961685,0,,0,0,,0.22,1.96,25.18,[]
/dlsu/goks/cam,/dlsu/goks/cam,0.000000,61973.78772211075,0,,0,0,,0.04,0.76,23.28,[]
/dlsu/goks/cam,/dlsu/goks/cam,0.000000,61973.80102801323,0,,0,0,,0.03,0.86,21.88,[]
/dlsu/goks/cam,/dlsu/goks/cam,0.000000,0,0,,0,0,,0.01,0.00,21.51,[]
/dlsu/goks/cam,/dlsu/goks/cam,0.000000,61973.93749308586,0,,0,0,,0.06,1.07,24.35,[]
/dlsu/goks/cam,/dlsu/goks/cam,0.000000,61973.99839305878,0,,0,0,,0.12,1.28,25.59,[]
/dlsu/goks/cam,/dlsu/goks/cam,0.000000,61974.03284692764,0,,0,0,,0.03,0.87,25.10,[]
/dlsu/goks/cam,/dlsu/goks/cam,0.000000,0,0,,0,0,,0.00,0.00,22.92,[]
/dlsu/goks/cam,/dlsu/goks/cam,0.000000,61974.07443404198,0,,0,0,,0.03,0.70,21.42,[]
/dlsu/goks/cam,/dlsu/goks/cam,0.000000,61974.133466959,0,,0,0,,0.05,1.46,21.23,[]
/dlsu/goks/cam,/dlsu/goks/cam,0.000000,61974.18350601196,0,,0,0,,0.04,0.76,22.21,[]
/dlsu/goks/cam,/dlsu/goks/cam,0.000000,61974.241549015045,0,,0,0,,0.04,0.82,25.13,[]
/dlsu/goks/cam,/dlsu/goks/cam,0.000000,61974.28073811531,0,,0,0,,0.06,1.63,25.11,[]
/dlsu/goks/cam,/dlsu/goks/cam,0.000000,0,0,,0,0,,0.00,0.00,21.44,[]
/dlsu/goks/cam,/dlsu/goks/cam,0.000000,61974.37264704704,0,,0,0,,0.20,1.82,25.24,[]
/dlsu/goks/cam,/dlsu/goks/cam,0.000000,0,0,,0,0,,0.01,0.00,22.28,[]
/dlsu/goks/cam,/dlsu/goks/cam,0.000000,61974.42634892464,0,,0,0,,0.04,0.76,25.80,[]
/dlsu/goks/cam,/dlsu/goks/cam,0.000000,61974.49551796913,0,,0,0,,0.06,1.95,21.86,[]
/dlsu/goks/cam,/dlsu/goks/cam,0.000000,61974.52710199356,0,,0,0,,0.04,0.99,25.45,[]
/dlsu/goks/cam,/dlsu/goks/cam,0.000000,0,0,,0,0,,0.01,0.00,23.36,[]
/dlsu/goks/cam,/dlsu/goks/cam,0.000000,61974.57170796394,0,,0,0,,0.04,0.98,22.81,[]
/dlsu/goks/cam,/dlsu/goks/cam,0.000000,61974.61186504364,0,,0,0,,0.04,1.28,25.12,[]
/dlsu/goks/cam,/dlsu/goks/cam,0.000000,61974.69265007973,0,,0,0,,0.11,1.31,25.37,[]
/dlsu/goks/cam,/dlsu/goks/cam,0.000000,0,0,,0,0,,0.00,0.00,25.05,[]
/dlsu/goks/cam,/dlsu/goks/cam,0.000000,61974.7629699707,0,,0,0,,0.04,1.04,24.73,[]
/dlsu/goks/cam,/dlsu/goks/cam,0.000000,61974.808877944946,0,,0,0,,0.04,0.82,25.17,[]
/dlsu/goks/cam,/dlsu/goks/cam,0.000000,61974.840802907944,0,,0,0,,0.05,0.90,25.13,[]
/dlsu/goks/cam,/dlsu/goks/cam,0.000000,61974.90460395813,0,,0,0,,0.05,0.95,23.40,[]
/dlsu/goks/cam,/dlsu/goks/cam,0.000000,61974.96231389046,0,,0,0,,0.04,0.80,22.36,[]
/dlsu/goks/cam,/dlsu/goks/cam,0.000000,61975.01977109909,0,,0,0,,0.05,1.37,20.31,[]
/dlsu/goks/cam,/dlsu/goks/cam,0.000000,0,0,,0,0,,0.01,0.00,21.90,[]
/dlsu/goks/cam,/dlsu/goks/cam,0.000000,61975.08666801453,0,,0,0,,0.04,1.22,24.73,[]
/dlsu/goks/cam,/dlsu/goks/cam,0.000000,61975.120779037476,0,,0,0,,0.03,0.68,25.03,[]
/dlsu/goks/cam,/dlsu/goks/cam,0.000000,0,0,,0,0,,0.01,0.00,23.74,[]
/dlsu/goks/cam,/dlsu/goks/cam,0.000000,61975.19412994385,0,,0,0,,0.05,1.88,21.74,[]
/dlsu/goks/cam,/dlsu/goks/cam,0.000000,0,0,,0,0,,0.01,0.00,23.33,[]
/dlsu/goks/cam,/dlsu/goks/cam,0.000000,61975.22672200203,0,,0,0,,0.08,0.98,24.55,[]
/dlsu/goks/cam,/dlsu/goks/cam,0.000000,61975.275377988815,0,,0,0,,0.05,1.58,24.90,[]
/dlsu/goks/cam,/dlsu/goks/cam,0.000000,0,0,,0,0,,0.01,0.00,25.13,[]
/dlsu/goks/cam,/dlsu/goks/cam,0.000000,61975.340461969376,0,,0,0,,0.03,0.97,25.41,[]
/dlsu/goks/cam,/dlsu/goks/cam,0.000000,61975.38622903824,0,,0,0,,0.36,1.09,25.12,[]
/dlsu/goks/cam,/dlsu/goks/cam,0.000000,0,0,,0,0,,0.01,0.00,25.26,[]
2

/dlsu/goks/cam,/dlsu/goks/cam,0.000000,62209.551872015,0,,0,62209.69216799736,,7.20,153.98,11252.88,[]
/dlsu/goks/cam,/dlsu/goks/cam,0.000000,62226.17461800575,0,,0,0,,0.19,0.91,22.74,[]
/dlsu/goks/cam,/dlsu/goks/cam,0.000000,62226.217348098755,0,,0,0,,0.05,0.96,21.15,[]
/dlsu/goks/cam,/dlsu/goks/cam,0.000000,0,0,,0,0,,0.01,0.00,24.23,[]
/dlsu/goks/cam,/dlsu/goks/cam,0.000000,62226.31781697273,0,,0,0,,0.06,0.67,24.60,[]
/dlsu/goks/cam,/dlsu/goks/cam,0.000000,62226.34907793999,0,,0,0,,0.04,0.57,25.13,[]
/dlsu/goks/cam,/dlsu/goks/cam,0.000000,62226.39738893509,0,,0,0,,0.05,0.84,21.57,[]
/dlsu/goks/cam,/dlsu/goks/cam,0.000000,62226.4308860302,0,,0,0,,0.03,0.57,22.51,[]
/dlsu/goks/cam,/dlsu/goks/cam,0.000000,62226.462394952774,0,,0,0,,0.06,0.87,21.12,[]
/dlsu/goks/cam,/dlsu/goks/cam,0.000000,62226.50176000595,0,,0,0,,0.03,0.62,22.22,[]
/dlsu/goks/cam,/dlsu/goks/cam,0.000000,62226.54003095627,0,,0,0,,0.04,0.62,25.34,[]
/dlsu/goks/cam,/dlsu/goks/cam,0.000000,62226.64618396759,0,,0,0,,0.08,0.99,21.93,[]
/dlsu/goks/cam,/dlsu/goks/cam,0.000000,0,0,,0,0,,0.01,0.00,23.75,[]
/dlsu/goks/cam,/dlsu/goks/cam,0.000000,62226.70424699783,0,,0,0,,0.06,0.57,25.12,[]
/dlsu/goks/cam,/dlsu/goks/cam,0.000000,62226.742491960526,0,,0,0,,0.09,0.94,23.20,[]
/dlsu/goks/cam,/dlsu/goks/cam,0.000000,62226.76736998558,0,,0,0,,0.03,0.59,22.52,[]
/dlsu/goks/cam,/dlsu/goks/cam,0.000000,62226.82607007027,0,,0,0,,0.04,0.72,25.12,[]
/dlsu/goks/cam,/dlsu/goks/cam,0.000000,62226.91932106018,0,,0,0,,0.06,0.54,24.68,[]
/dlsu/goks/cam,/dlsu/goks/cam,0.000000,62226.979296922684,0,,0,0,,0.08,1.68,24.78,[]
/dlsu/goks/cam,/dlsu/goks/cam,0.000000,62227.04670906067,0,,0,0,,3.40,9.58,21.47,[]
/dlsu/goks/cam,/dlsu/goks/cam,0.000000,0,0,,0,0,,0.04,0.00,27.70,[]
/dlsu/goks/cam,/dlsu/goks/cam,0.000000,62227.09858703613,0,,0,0,,0.93,2.57,27.82,[]
/dlsu/goks/cam,/dlsu/goks/cam,0.000000,0,0,,0,0,,0.02,0.00,24.84,[]
/dlsu/goks/cam,/dlsu/goks/cam,0.000000,62227.158333063126,0,,0,0,,0.13,0.84,22.02,[]
/dlsu/goks/cam,/dlsu/goks/cam,0.000000,62227.198223114014,0,,0,0,,0.03,0.79,25.11,[]
/dlsu/goks/cam,/dlsu/goks/cam,0.000000,62227.25729203224,0,,0,0,,0.05,1.25,21.94,[]
/dlsu/goks/cam,/dlsu/goks/cam,0.000000,0,0,,0,0,,0.00,0.00,21.43,[]
/dlsu/goks/cam,/dlsu/goks/cam,0.000000,62227.359141111374,0,,0,0,,0.07,1.13,25.13,[]
/dlsu/goks/cam,/dlsu/goks/cam,0.000000,0,0,,0,0,,0.01,0.00,20.15,[]
/dlsu/goks/cam,/dlsu/goks/cam,0.000000,62227.40679001808,0,,0,0,,0.05,0.78,20.58,[]
/dlsu/goks/cam,/dlsu/goks/cam,0.000000,62227.45511388779,0,,0,0,,0.08,1.12,24.95,[]
/dlsu/goks/cam,/dlsu/goks/cam,0.000000,0,0,,0,0,,0.01,0.00,24.51,[]
/dlsu/goks/cam,/dlsu/goks/cam,0.000000,62227.50898909569,0,,0,0,,0.04,0.51,21.69,[]
/dlsu/goks/cam,/dlsu/goks/cam,0.000000,62227.56594991684,0,,0,0,,0.04,0.52,25.12,[]
/dlsu/goks/cam,/dlsu/goks/cam,0.000000,62227.608421087265,0,,0,0,,0.07,0.54,25.07,[]
/dlsu/goks/cam,/dlsu/goks/cam,0.000000,62227.64131188393,0,,0,0,,0.05,0.76,20.86,[]
/dlsu/goks/cam,/dlsu/goks/cam,0.000000,62227.689202070236,0,,0,0,,0.04,0.71,21.42,[]
/dlsu/goks/cam,/dlsu/goks/cam,0.000000,62227.763638973236,0,,0,0,,0.06,1.03,25.07,[]
/dlsu/goks/cam,/dlsu/goks/cam,0.000000,62227.778904914856,0,,0,0,,0.05,0.41,25.09,[]
/dlsu/goks/cam,/dlsu/goks/cam,0.000000,0,0,,0,0,,0.00,0.00,25.08,[]
/dlsu/goks/cam,/dlsu/goks/cam,0.000000,62227.84704709053,0,,0,0,,0.12,1.29,20.39,[]
/dlsu/goks/cam,/dlsu/goks/cam,0.000000,0,0,,0,0,,0.01,0.00,24.87,[]
/dlsu/goks/cam,/dlsu/goks/cam,0.000000,62227.88367295265,0,,0,0,,0.07,0.59,25.11,[]
/dlsu/goks/cam,/dlsu/goks/cam,0.000000,62227.9799349308,0,,0,0,,0.04,0.80,25.17,[]
/dlsu/goks/cam,/dlsu/goks/cam,0.000000,62228.030358076096,0,,0,0,,0.04,0.52,21.54,[]
/dlsu/goks/cam,/dlsu/goks/cam,0.000000,62228.063812971115,0,,0,0,,0.06,0.80,25.15,[]
/dlsu/goks/cam,/dlsu/goks/cam,0.000000,62228.12265110016,0,,0,0,,0.03,0.52,23.42,[]
/dlsu/goks/cam,/dlsu/goks/cam,0.000000,62228.173229932785,0,,0,0,,0.04,0.52,25.11,[]
/dlsu/goks/cam,/dlsu/goks/cam,0.000000,62228.19906401634,0,,0,0,,0.09,0.71,25.34,[]
/dlsu/goks/cam,/dlsu/goks/cam,0.000000,62228.273123025894,0,,0,0,,0.10,0.74,20.35,[]
/dlsu/goks/cam,/dlsu/goks/cam,0.000000,0,0,,0,0,,0.01,0.00,24.26,[]
/dlsu/goks/cam,/dlsu/goks/cam,0.000000,62228.314152002335,0,,0,0,,0.12,0.67,21.75,[]
/dlsu/goks/cam,/dlsu/goks/cam,0.000000,62228.36196088791,0,,0,0,,0.08,1.24,23.57,[]
/dlsu/goks/cam,/dlsu/goks/cam,0.000000,0,0,,0,0,,0.01,0.00,24.24,[]
/dlsu/goks/cam,/dlsu/goks/cam,0.000000,62228.465249061584,0,,0,0,,0.07,1.02,21.77,[]
/dlsu/goks/cam,/dlsu/goks/cam,0.000000,0,0,,0,0,,0.00,0.00,25.06,[]
/dlsu/goks/cam,/dlsu/goks/cam,0.000000,62228.514523983,0,,0,0,,0.04,0.71,20.64,[]
/dlsu/goks/cam,/dlsu/goks/cam,0.000000,62228.55740094185,0,,0,0,,0.04,0.90,25.10,[]
/dlsu/goks/cam,/dlsu/goks/cam,0.000000,62228.62485909462,0,,0,0,,0.05,1.06,22.47,[]
/dlsu/goks/cam,/dlsu/goks/cam,0.000000,0,0,,0,0,,0.00,0.00,24.03,[]
/dlsu/goks/cam,/dlsu/goks/cam,0.000000,62228.70877599716,0,,0,0,,0.05,1.28,24.42,[]
/dlsu/goks/cam,/dlsu/goks/cam,0.000000,0,0,,0,0,,0.01,0.00,21.68,[]
/dlsu/goks/cam,/dlsu/goks/cam,0.000000,62233.24212002754,0,,0,0,,0.15,1.02,25.20,[]
/dlsu/goks/cam,/dlsu/goks/cam,0.000000,62233.273997068405,0,,0,0,,0.04,0.87,21.48,[]
/dlsu/goks/cam,/dlsu/goks/cam,0.000000,62233.39557504654,0,,0,0,,0.08,2.14,21.74,[]
/dlsu/goks/cam,/dlsu/goks/cam,0.000000,0,0,,0,0,,0.01,0.00,25.08,[]
/dlsu/goks/cam,/dlsu/goks/cam,0.000000,62233.465894937515,0,,0,0,,0.05,0.89,25.67,[]
/dlsu/goks/cam,/dlsu/goks/cam,0.000000,62233.49731397629,0,,0,0,,0.02,0.56,21.48,[]
/dlsu/goks/cam,/dlsu/goks/cam,0.000000,62233.51377391815,0,,0,0,,0.02,0.54,25.10,[]
/dlsu/goks/cam,/dlsu/goks/cam,0.000000,0,0,,0,0,,0.01,0.00,25.08,[]
/dlsu/goks/cam,/dlsu/goks/cam,0.000000,62233.59386396408,0,,0,0,,0.04,0.59,25.21,[]
/dlsu/goks/cam,/dlsu/goks/cam,0.000000,62233.641650915146,0,,0,0,,0.03,0.51,25.68,[]
/dlsu/goks/cam,/dlsu/goks/cam,0.000000,62233.75058507919,0,,0,0,,1.54,1.27,26.07,[]
/dlsu/goks/cam,/dlsu/goks/cam,0.000000,62233.751912117004,0,,0,0,,0.01,1.76,22.19,[]
/dlsu/goks/cam,/dlsu/goks/cam,0.000000,62238.25762796402,0,,0,0,,1.01,0.89,22.83,[]
/dlsu/goks/cam,/dlsu/goks/cam,0.000000,62238.30473804474,0,,0,0,,0.03,0.52,22.63,[]
/dlsu/goks/cam,/dlsu/goks/cam,0.000000,62238.336950063705,0,,0,0,,0.06,0.48,25.18,[]
/dlsu/goks/cam,/dlsu/goks/cam,0.000000,62238.39897298813,0,,0,0,,0.04,0.70,25.18,[]
14

/dlsu/goks/cam,/dlsu/goks/cam,0.000000,62333.17269396782,0,,0,62333.191553115845,,7.75,19.94,16501.67,[]
/dlsu/goks/cam,/dlsu/goks/cam,0.000000,62354.26465201378,0,,0,0,,0.33,1.44,20.38,[]
/dlsu/goks/cam,/dlsu/goks/cam,0.000000,62354.295483112335,0,,0,0,,0.04,0.60,21.63,[]
/dlsu/goks/cam,/dlsu/goks/cam,0.000000,62354.375714063644,0,,0,0,,0.06,0.83,25.15,[]
/dlsu/goks/cam,/dlsu/goks/cam,0.000000,62354.41872000694,0,,0,0,,0.04,0.69,25.13,[]
/dlsu/goks/cam,/dlsu/goks/cam,0.000000,62354.47575092316,0,,0,0,,0.89,4.76,21.50,[]
/dlsu/goks/cam,/dlsu/goks/cam,0.000000,62354.517375946045,0,,0,0,,0.10,6.00,24.62,[]
/dlsu/goks/cam,/dlsu/goks/cam,0.000000,62354.56458902359,0,,0,0,,0.14,3.80,30.07,[]
/dlsu/goks/cam,/dlsu/goks/cam,0.000000,0,0,,0,0,,0.01,0.00,26.23,[]
/dlsu/goks/cam,/dlsu/goks/cam,0.000000,62354.61789107323,0,,0,0,,0.13,1.96,27.58,[]
/dlsu/goks/cam,/dlsu/goks/cam,0.000000,62354.698107004166,0,,0,0,,0.06,0.64,25.15,[]
/dlsu/goks/cam,/dlsu/goks/cam,0.000000,62354.7304520607,0,,0,0,,0.03,0.56,21.22,[]
/dlsu/goks/cam,/dlsu/goks/cam,0.000000,62354.79377794266,0,,0,0,,0.05,0.71,25.18,[]
/dlsu/goks/cam,/dlsu/goks/cam,0.000000,62354.82632803917,0,,0,0,,0.03,0.52,25.09,[]
/dlsu/goks/cam,/dlsu/goks/cam,0.000000,62354.855185985565,0,,0,0,,0.05,0.61,22.20,[]
/dlsu/goks/cam,/dlsu/goks/cam,0.000000,62354.92063999176,0,,0,0,,0.06,1.08,25.20,[]
/dlsu/goks/cam,/dlsu/goks/cam,0.000000,0,0,,0,0,,0.01,0.00,21.16,[]
/dlsu/goks/cam,/dlsu/goks/cam,0.000000,62354.97926688194,0,,0,0,,0.07,0.65,24.90,[]
/dlsu/goks/cam,/dlsu/goks/cam,0.000000,62355.02189588547,0,,0,0,,0.04,0.26,24.60,[]
/dlsu/goks/cam,/dlsu/goks/cam,0.000000,62355.06274199486,0,,0,0,,0.03,0.68,25.63,[]
/dlsu/goks/cam,/dlsu/goks/cam,0.000000,62355.12763404846,0,,0,0,,0.08,1.34,23.21,[]
/dlsu/goks/cam,/dlsu/goks/cam,0.000000,0,0,,0,0,,0.01,0.00,25.10,[]
/dlsu/goks/cam,/dlsu/goks/cam,0.000000,62355.171061992645,0,,0,0,,0.05,0.50,23.11,[]
/dlsu/goks/cam,/dlsu/goks/cam,0.000000,62355.2566781044,0,,0,0,,0.04,0.51,25.13,[]
/dlsu/goks/cam,/dlsu/goks/cam,0.000000,62355.29808497429,0,,0,0,,0.04,0.70,21.81,[]
/dlsu/goks/cam,/dlsu/goks/cam,0.000000,62355.35757994652,0,,0,0,,0.06,1.18,25.11,[]
/dlsu/goks/cam,/dlsu/goks/cam,0.000000,0,0,,0,0,,0.01,0.00,23.26,[]
/dlsu/goks/cam,/dlsu/goks/cam,0.000000,62355.44358301163,0,,0,0,,0.06,0.74,21.55,[]
/dlsu/goks/cam,/dlsu/goks/cam,0.000000,62355.48896193504,0,,0,0,,0.03,0.15,25.15,[]
/dlsu/goks/cam,/dlsu/goks/cam,0.000000,62355.50391507149,0,,0,0,,0.03,0.60,24.96,[]
/dlsu/goks/cam,/dlsu/goks/cam,0.000000,0,0,,0,0,,0.01,0.00,23.92,[]
/dlsu/goks/cam,/dlsu/goks/cam,0.000000,62355.54975104332,0,,0,0,,0.04,0.76,21.00,[]
/dlsu/goks/cam,/dlsu/goks/cam,0.000000,62355.63589096069,0,,0,0,,0.05,1.27,22.20,[]
/dlsu/goks/cam,/dlsu/goks/cam,0.000000,0,0,,0,0,,0.01,0.00,22.95,[]
/dlsu/goks/cam,/dlsu/goks/cam,0.000000,62355.7105140686,0,,0,0,,0.04,0.72,21.44,[]
/dlsu/goks/cam,/dlsu/goks/cam,0.000000,62355.78315591812,0,,0,0,,0.05,0.58,23.68,[]
/dlsu/goks/cam,/dlsu/goks/cam,0.000000,62355.833945035934,0,,0,0,,0.04,0.65,25.11,[]
/dlsu/goks/cam,/dlsu/goks/cam,0.000000,62355.86426091194,0,,0,0,,0.05,0.67,22.47,[]
/dlsu/goks/cam,/dlsu/goks/cam,0.000000,62355.927819013596,0,,0,0,,0.05,0.67,21.75,[]
/dlsu/goks/cam,/dlsu/goks/cam,0.000000,62355.97152400017,0,,0,0,,0.04,0.60,23.49,[]
/dlsu/goks/cam,/dlsu/goks/cam,0.000000,62356.014529943466,0,,0,0,,0.11,1.53,21.36,[]
/dlsu/goks/cam,/dlsu/goks/cam,0.000000,0,0,,0,0,,0.07,0.00,25.19,[]
/dlsu/goks/cam,/dlsu/goks/cam,0.000000,62356.068104982376,0,,0,0,,0.09,0.63,21.12,[]
/dlsu/goks/cam,/dlsu/goks/cam,0.000000,0,0,,0,0,,0.00,0.00,25.16,[]
/dlsu/goks/cam,/dlsu/goks/cam,0.000000,62356.130955934525,0,,0,0,,0.04,0.67,23.90,[]
/dlsu/goks/cam,/dlsu/goks/cam,0.000000,0,0,,0,0,,0.01,0.00,20.72,[]
/dlsu/goks/cam,/dlsu/goks/cam,0.000000,62356.1857008934,0,,0,0,,0.03,0.49,20.67,[]
/dlsu/goks/cam,/dlsu/goks/cam,0.000000,62356.251277923584,0,,0,0,,0.08,0.97,24.17,[]
/dlsu/goks/cam,/dlsu/goks/cam,0.000000,0,0,,0,0,,0.00,0.00,25.19,[]
/dlsu/goks/cam,/dlsu/goks/cam,0.000000,62356.34697008133,0,,0,0,,0.08,1.22,23.63,[]
/dlsu/goks/cam,/dlsu/goks/cam,0.000000,0,0,,0,0,,0.01,0.00,21.91,[]
/dlsu/goks/cam,/dlsu/goks/cam,0.000000,62356.40601205826,0,,0,0,,0.03,0.83,25.37,[]
/dlsu/goks/cam,/dlsu/goks/cam,0.000000,62356.433374881744,0,,0,0,,0.03,0.90,21.27,[]
/dlsu/goks/cam,/dlsu/goks/cam,0.000000,62356.511785030365,0,,0,0,,0.06,1.22,24.68,[]
/dlsu/goks/cam,/dlsu/goks/cam,0.000000,0,0,,0,0,,0.02,0.00,22.82,[]
/dlsu/goks/cam,/dlsu/goks/cam,0.000000,62356.56360602379,0,,0,0,,0.06,1.18,20.84,[]
/dlsu/goks/cam,/dlsu/goks/cam,0.000000,0,0,,0,0,,0.01,0.00,23.40,[]
/dlsu/goks/cam,/dlsu/goks/cam,0.000000,62356.62477493286,0,,0,0,,0.04,0.61,24.20,[]
/dlsu/goks/cam,/dlsu/goks/cam,0.000000,62356.66164088249,0,,0,0,,0.03,0.60,25.15,[]
/dlsu/goks/cam,/dlsu/goks/cam,0.000000,62356.703613996506,0,,0,0,,0.03,0.83,25.37,[]
/dlsu/goks/cam,/dlsu/goks/cam,0.000000,62356.76110291481,0,,0,0,,0.08,1.29,24.47,[]
/dlsu/goks/cam,/dlsu/goks/cam,0.000000,0,0,,0,0,,0.01,0.00,24.12,[]
/dlsu/goks/cam,/dlsu/goks/cam,0.000000,62356.82116603851,0,,0,0,,0.04,0.89,22.81,[]
/dlsu/goks/cam,/dlsu/goks/cam,0.000000,0,0,,0,0,,0.01,0.00,25.20,[]
/dlsu/goks/cam,/dlsu/goks/cam,0.000000,62356.89597296715,0,,0,0,,0.03,0.48,25.09,[]
/dlsu/goks/cam,/dlsu/goks/cam,0.000000,62356.9221599102,0,,0,0,,0.02,0.70,25.36,[]
/dlsu/goks/cam,/dlsu/goks/cam,0.000000,62356.963957071304,0,,0,0,,0.03,0.64,25.15,[]
/dlsu/goks/cam,/dlsu/goks/cam,0.000000,62357.018156051636,0,,0,0,,0.04,0.81,20.83,[]
/dlsu/goks/cam,/dlsu/goks/cam,0.000000,0,0,,0,0,,0.00,0.00,23.66,[]
/dlsu/goks/cam,/dlsu/goks/cam,0.000000,62357.11332511902,0,,0,0,,0.07,1.51,21.17,[]
/dlsu/goks/cam,/dlsu/goks/cam,0.000000,0,0,,0,0,,0.00,0.00,25.06,[]
/dlsu/goks/cam,/dlsu/goks/cam,0.000000,62357.17939710617,0,,0,0,,0.04,0.55,25.23,[]
/dlsu/goks/cam,/dlsu/goks/cam,0.000000,62357.23886299133,0,,0,0,,0.09,1.48,25.19,[]
/dlsu/goks/cam,/dlsu/goks/cam,0.000000,0,0,,0,0,,0.01,0.00,20.55,[]
/dlsu/goks/cam,/dlsu/goks/cam,0.000000,62357.27911710739,0,,0,0,,0.02,0.42,23.34,[]
/dlsu/goks/cam,/dlsu/goks/cam,0.000000,62357.347340106964,0,,0,0,,0.06,0.54,25.09,[]
/dlsu/goks/cam,/dlsu/goks/cam,0.000000,62357.373677015305,0,,0,0,,0.03,0.25,25.51,[]
/dlsu/goks/cam,/dlsu/goks/cam,0.000000,62357.432343006134,0,,0,0,,0.04,0.97,22.28,[]
/dlsu/goks/cam,/dlsu/goks/cam,0.000000,0,0,,0,0,,0.01,0.00,25.09,[]
/dlsu/goks/cam,/dlsu/goks/cam,0.000000,62357.48941493034,0,,0,0,,0.04,0.83,20.79,[]
/dlsu/goks/cam,/dlsu/goks/cam,0.000000,62357.521229982376,0,,0,0,,0.04,0.72,25.06,[]
/dlsu/goks/cam,/dlsu/goks/cam,0.000000,62357.58504796028,0,,0,0,,0.03,0.55,25.15,[]
/dlsu/goks/cam,/dlsu/goks/cam,0.000000,62357.63468003273,0,,0,0,,0.03,0.52,24.83,[]
/dlsu/goks/cam,/dlsu/goks/cam,0.000000,62357.67374205589,0,,0,0,,0.04,0.69,20.64,[]
/dlsu/goks/cam,/dlsu/goks/cam,0.000000,0,0,,0,0,,0.01,0.00,25.10,[]
/dlsu/goks/cam,/dlsu/goks/cam,0.000000,62357.76248693466,0,,0,0,,0.05,0.52,20.56,[]
/dlsu/goks/cam,/dlsu/goks/cam,0.000000,0,0,,0,0,,0.01,0.00,20.86,[]
/dlsu/goks/cam,/dlsu/goks/cam,0.000000,62357.8076210022,0,,0,0,,0.03,1.18,20.83,[]
/dlsu/goks/cam,/dlsu/goks/cam,0.000000,0,0,,0,0,,0.01,0.00,24.12,[]
/dlsu/goks/cam,/dlsu/goks/cam,0.000000,62357.86014890671,0,,0,0,,0.03,0.48,25.29,[]
/dlsu/goks/cam,/dlsu/goks/cam,0.000000,62357.90529203415,0,,0,0,,0.02,0.79,21.63,[]
/dlsu/goks/cam,/dlsu/goks/cam,0.000000,62357.95931601524,0,,0,0,,0.07,0.94,25.08,[]
/dlsu/goks/cam,/dlsu/goks/cam,0.000000,0,0,,0,0,,0.00,0.00,25.09,[]
/dlsu/goks/cam,/dlsu/goks/cam,0.000000,62358.020221948624,0,,0,0,,0.02,0.50,23.33,[]
/dlsu/goks/cam,/dlsu/goks/cam,0.000000,62363.31466794014,0,,0,0,,0.16,5.11,24.02,[]
/dlsu/goks/cam,/dlsu/goks/cam,0.000000,62363.36873102188,0,,0,0,,0.54,13.07,22.33,[]
/dlsu/goks/cam,/dlsu/goks/cam,0.000000,62363.47347307205,0,,0,0,,0.49,14.42,35.50,[]
/dlsu/goks/cam,/dlsu/goks/cam,0.000000,0,0,,0,0,,0.01,0.00,25.12,[]
/dlsu/goks/cam,/dlsu/goks/cam,0.000000,62363.50533390045,0,,0,0,,0.03,0.16,25.10,[]
/dlsu/goks/cam,/dlsu/goks/cam,0.000000,0,0,,0,0,,0.01,0.00,25.09,[]
/dlsu/goks/cam,/dlsu/goks/cam,0.000000,62363.62614607811,0,,0,0,,0.08,0.55,25.16,[]
/dlsu/goks/cam,/dlsu/goks/cam,0.000000,62363.70361804962,0,,0,0,,0.04,0.81,23.27,[]
/dlsu/goks/cam,/dlsu/goks/cam,0.000000,62363.733391046524,0,,0,0,,0.04,0.62,25.15,[]
/dlsu/goks/cam,/dlsu/goks/cam,0.000000,62363.78863596916,0,,0,0,,0.05,1.01,21.92,[]
/dlsu/goks/cam,/dlsu/goks/cam,0.000000,0,0,,0,0,,0.01,0.00,25.07,[]
/dlsu/goks/cam,/dlsu/goks/cam,0.000000,62363.857816934586,0,,0,0,,0.06,1.29,25.14,[]
/dlsu/goks/cam,/dlsu/goks/cam,0.000000,0,0,,0,0,,0.01,0.00,25.12,[]
/dlsu/goks/cam,/dlsu/goks/cam,0.000000,62363.930367946625,0,,0,0,,0.06,1.10,20.96,[]
/dlsu/goks/cam,/dlsu/goks/cam,0.000000,0,0,,0,0,,0.01,0.00,25.06,[]
/dlsu/goks/cam,/dlsu/goks/cam,0.000000,62363.9905269146,0,,0,0,,0.05,0.50,20.30,[]
/dlsu/goks/cam,/dlsu/goks/cam,0.000000,62364.05524301529,0,,0,0,,0.04,0.58,22.27,[]
/dlsu/goks/cam,/dlsu/goks/cam,0.000000,62364.09447693825,0,,0,0,,0.06,1.41,21.21,[]
/dlsu/goks/cam,/dlsu/goks/cam,0.000000,0,0,,0,0,,0.00,0.00,25.12,[]
/dlsu/goks/cam,/dlsu/goks/cam,0.000000,62364.200879096985,0,,0,0,,0.08,1.17,21.73,[]
/dlsu/goks/cam,/dlsu/goks/cam,0.000000,62364.21666908264,0,,0,0,,0.02,0.44,20.48,[]
/dlsu/goks/cam,/dlsu/goks/cam,0.000000,0,0,,0,0,,0.00,0.00,24.19,[]
/dlsu/goks/cam,/dlsu/goks/cam,0.000000,62364.27134990692,0,,0,0,,0.05,0.55,25.11,[]
/dlsu/goks/cam,/dlsu/goks/cam,0.000000,62364.333106040955,0,,0,0,,0.04,0.64,25.14,[]
/dlsu/goks/cam,/dlsu/goks/cam,0.000000,62364.37898492813,0,,0,0,,0.08,1.59,24.71,[]
/dlsu/goks/cam,/dlsu/goks/cam,0.000000,0,0,,0,0,,0.01,0.00,24.82,[]
/dlsu/goks/cam,/dlsu/goks/cam,0.000000,62364.416404008865,0,,0,0,,0.09,0.58,25.15,[]
/dlsu/goks/cam,/dlsu/goks/cam,0.000000,62364.44810009003,0,,0,0,,0.04,0.74,25.19,[]
/dlsu/goks/cam,/dlsu/goks/cam,0.000000,62364.50646805763,0,,0,0,,0.02,0.89,21.90,[]
/dlsu/goks/cam,/dlsu/goks/cam,0.000000,62369.35835194588,0,,0,0,,0.27,1.11,25.20,[]
/dlsu/goks/cam,/dlsu/goks/cam,0.000000,62369.38998198509,0,,0,0,,0.09,0.57,21.63,[]
/dlsu/goks/cam,/dlsu/goks/cam,0.000000,62369.41962003708,0,,0,0,,0.12,0.66,22.37,[]
/dlsu/goks/cam,/dlsu/goks/cam,0.000000,62369.4841170311,0,,0,0,,0.06,0.67,25.17,[]
/dlsu/goks/cam,/dlsu/goks/cam,0.000000,62369.52017498016,0,,0,0,,0.02,0.71,23.43,[]
/dlsu/goks/cam,/dlsu/goks/cam,0.000000,62369.58249592781,0,,0,0,,0.05,0.94,24.29,[]
/dlsu/goks/cam,/dlsu/goks/cam,0.000000,0,0,,0,0,,0.01,0.00,25.09,[]
1

/dlsu/goks/cam,/dlsu/goks/cam,0.000000,62443.2138030529,0,,0,62443.3093290329,,41.59,96.92,114668.55,[]
/dlsu/goks/cam,/dlsu/goks/cam,0.000000,62562.44173502922,0,,0,0,,0.16,1.74,25.17,[]
/dlsu/goks/cam,/dlsu/goks/cam,0.000000,62562.488574028015,0,,0,0,,0.03,1.11,21.58,[]
/dlsu/goks/cam,/dlsu/goks/cam,0.000000,62562.55397295952,0,,0,0,,0.04,1.06,22.68,[]
/dlsu/goks/cam,/dlsu/goks/cam,0.000000,62562.58603811264,0,,0,0,,0.09,0.99,24.70,[]
/dlsu/goks/cam,/dlsu/goks/cam,0.000000,62562.66344308853,0,,0,0,,0.09,1.57,22.61,[]
/dlsu/goks/cam,/dlsu/goks/cam,0.000000,62562.67961907387,0,,0,0,,0.02,0.77,20.14,[]
/dlsu/goks/cam,/dlsu/goks/cam,0.000000,0,0,,0,0,,0.01,0.00,25.08,[]
/dlsu/goks/cam,/dlsu/goks/cam,0.000000,62562.72432208061,0,,0,0,,0.04,0.91,25.14,[]
/dlsu/goks/cam,/dlsu/goks/cam,0.000000,62562.77093791962,0,,0,0,,0.04,0.97,23.06,[]
/dlsu/goks/cam,/dlsu/goks/cam,0.000000,62562.803641080856,0,,0,0,,0.04,1.15,23.69,[]
/dlsu/goks/cam,/dlsu/goks/cam,0.000000,62562.86089301109,0,,0,0,,0.04,0.89,22.26,[]
/dlsu/goks/cam,/dlsu/goks/cam,0.000000,62562.890640974045,0,,0,0,,0.04,0.93,25.45,[]
/dlsu/goks/cam,/dlsu/goks/cam,0.000000,62562.93278193474,0,,0,0,,0.03,0.77,25.17,[]
/dlsu/goks/cam,/dlsu/goks/cam,0.000000,62562.959486961365,0,,0,0,,0.02,0.69,22.43,[]
/dlsu/goks/cam,/dlsu/goks/cam,0.000000,62563.015176057816,0,,0,0,,0.04,1.03,22.59,[]
/dlsu/goks/cam,/dlsu/goks/cam,0.000000,62563.07246899605,0,,0,0,,0.11,1.46,25.18,[]
/dlsu/goks/cam,/dlsu/goks/cam,0.000000,0,0,,0,0,,0.01,0.00,25.06,[]
/dlsu/goks/cam,/dlsu/goks/cam,0.000000,62563.15906190872,0,,0,0,,0.05,0.85,25.24,[]
/dlsu/goks/cam,/dlsu/goks/cam,0.000000,62563.20231294632,0,,0,0,,0.03,0.68,25.17,[]
/dlsu/goks/cam,/dlsu/goks/cam,0.000000,62563.25968289375,0,,0,0,,0.08,0.79,25.17,[]
/dlsu/goks/cam,/dlsu/goks/cam,0.000000,62563.31779694557,0,,0,0,,0.21,4.48,24.04,[]
/dlsu/goks/cam,/dlsu/goks/cam,0.000000,62563.383377075195,0,,0,0,,0.06,0.91,25.26,[]
/dlsu/goks/cam,/dlsu/goks/cam,0.000000,62563.440619945526,0,,0,0,,0.08,1.90,25.16,[]
/dlsu/goks/cam,/dlsu/goks/cam,0.000000,0,0,,0,0,,0.01,0.00,24.86,[]
/dlsu/goks/cam,/dlsu/goks/cam,0.000000,62563.479602098465,0,,0,0,,0.04,1.00,22.73,[]
/dlsu/goks/cam,/dlsu/goks/cam,0.000000,62563.530356884,0,,0,0,,0.04,1.14,21.05,[]
/dlsu/goks/cam,/dlsu/goks/cam,0.000000,62563.5601708889,0,,0,0,,0.03,0.93,25.07,[]
/dlsu/goks/cam,/dlsu/goks/cam,0.000000,62563.63895511627,0,,0,0,,0.04,0.91,21.85,[]
/dlsu/goks/cam,/dlsu/goks/cam,0.000000,62563.67101597786,0,,0,0,,0.05,0.98,21.54,[]
/dlsu/goks/cam,/dlsu/goks/cam,0.000000,62563.70932292938,0,,0,0,,0.03,0.82,20.79,[]
/dlsu/goks/cam,/dlsu/goks/cam,0.000000,62563.772257089615,0,,0,0,,0.04,0.96,21.84,[]
/dlsu/goks/cam,/dlsu/goks/cam,0.000000,62563.83861088753,0,,0,0,,0.06,1.58,24.86,[]
/dlsu/goks/cam,/dlsu/goks/cam,0.000000,0,0,,0,0,,0.01,0.00,23.79,[]
/dlsu/goks/cam,/dlsu/goks/cam,0.000000,62563.902784109116,0,,0,0,,0.05,1.38,25.46,[]
/dlsu/goks/cam,/dlsu/goks/cam,0.000000,62563.9390399456,0,,0,0,,0.02,1.05,24.71,[]
/dlsu/goks/cam,/dlsu/goks/cam,0.000000,0,0,,0,0,,0.01,0.00,24.54,[]
/dlsu/goks/cam,/dlsu/goks/cam,0.000000,62563.99429392815,0,,0,0,,0.06,1.46,25.53,[]
/dlsu/goks/cam,/dlsu/goks/cam,0.000000,0,0,,0,0,,0.03,0.00,26.05,[]
/dlsu/goks/cam,/dlsu/goks/cam,0.000000,62564.08893203735,0,,0,0,,0.22,17.76,24.47,[]
/dlsu/goks/cam,/dlsu/goks/cam,0.000000,62564.117690086365,0,,0,0,,0.40,7.09,24.96,[]
/dlsu/goks/cam,/dlsu/goks/cam,0.000000,0,0,,0,0,,0.05,0.00,24.89,[]
/dlsu/goks/cam,/dlsu/goks/cam,0.000000,62564.186942100525,0,,0,0,,0.43,5.47,26.16,[]
/dlsu/goks/cam,/dlsu/goks/cam,0.000000,62564.219542980194,0,,0,0,,0.20,1.45,25.11,[]
/dlsu/goks/cam,/dlsu/goks/cam,0.000000,0,0,,0,0,,0.01,0.00,25.17,[]
/dlsu/goks/cam,/dlsu/goks/cam,0.000000,62564.26902794838,0,,0,0,,0.05,0.58,23.86,[]
/dlsu/goks/cam,/dlsu/goks/cam,0.000000,62564.32631397247,0,,0,0,,0.05,0.82,25.12,[]
/dlsu/goks/cam,/dlsu/goks/cam,0.000000,62564.360203027725,0,,0,0,,0.03,1.07,25.43,[]
/dlsu/goks/cam,/dlsu/goks/cam,0.000000,62564.42051196098,0,,0,0,,0.05,0.78,23.11,[]
/dlsu/goks/cam,/dlsu/goks/cam,0.000000,62564.45411610603,0,,0,0,,0.04,0.74,23.34,[]
/dlsu/goks/cam,/dlsu/goks/cam,0.000000,62564.49731898308,0,,0,0,,0.04,0.79,25.13,[]
/dlsu/goks/cam,/dlsu/goks/cam,0.000000,62564.56936311722,0,,0,0,,0.04,0.84,25.24,[]
/dlsu/goks/cam,/dlsu/goks/cam,0.000000,62564.63215589523,0,,0,0,,0.05,1.53,25.01,[]
/dlsu/goks/cam,/dlsu/goks/cam,0.000000,0,0,,0,0,,0.01,0.00,24.41,[]
/dlsu/goks/cam,/dlsu/goks/cam,0.000000,62564.67716908455,0,,0,0,,0.04,0.79,25.17,[]
/dlsu/goks/cam,/dlsu/goks/cam,0.000000,62564.734900951385,0,,0,0,,0.06,1.58,24.01,[]
/dlsu/goks/cam,/dlsu/goks/cam,0.000000,0,0,,0,0,,0.01,0.00,25.08,[]
/dlsu/goks/cam,/dlsu/goks/cam,0.000000,62564.79219007492,0,,0,0,,0.08,1.01,21.71,[]
/dlsu/goks/cam,/dlsu/goks/cam,0.000000,62564.82633590698,0,,0,0,,0.04,0.76,25.12,[]
/dlsu/goks/cam,/dlsu/goks/cam,0.000000,62564.89750003815,0,,0,0,,0.05,1.72,22.17,[]
/dlsu/goks/cam,/dlsu/goks/cam,0.000000,0,0,,0,0,,0.01,0.00,23.77,[]
/dlsu/goks/cam,/dlsu/goks/cam,0.000000,62564.92945098877,0,,0,0,,0.03,0.94,21.99,[]
/dlsu/goks/cam,/dlsu/goks/cam,0.000000,62564.972611904144,0,,0,0,,0.04,0.79,21.49,[]
/dlsu/goks/cam,/dlsu/goks/cam,0.000000,62565.00398492813,0,,0,0,,0.04,0.88,25.14,[]
/dlsu/goks/cam,/dlsu/goks/cam,0.000000,62565.0372710228,0,,0,0,,0.03,0.99,23.42,[]
/dlsu/goks/cam,/dlsu/goks/cam,0.000000,62565.1242980957,0,,0,0,,0.05,0.87,25.13,[]
/dlsu/goks/cam,/dlsu/goks/cam,0.000000,62565.16249704361,0,,0,0,,0.05,0.97,25.36,[]
/dlsu/goks/cam,/dlsu/goks/cam,0.000000,62565.1950469017,0,,0,0,,0.03,0.99,25.16,[]
/dlsu/goks/cam,/dlsu/goks/cam,0.000000,62565.2492749691,0,,0,0,,0.07,1.71,20.95,[]
/dlsu/goks/cam,/dlsu/goks/cam,0.000000,0,0,,0,0,,0.01,0.00,20.49,[]
/dlsu/goks/cam,/dlsu/goks/cam,0.000000,62565.28943109512,0,,0,0,,0.03,0.88,20.89,[]
/dlsu/goks/cam,/dlsu/goks/cam,0.000000,62565.372849941254,0,,0,0,,0.05,1.14,20.65,[]
/dlsu/goks/cam,/dlsu/goks/cam,0.000000,62565.419337034225,0,,0,0,,0.04,1.00,23.17,[]
/dlsu/goks/cam,/dlsu/goks/cam,0.000000,62565.45127797127,0,,0,0,,0.03,0.69,22.71,[]
/dlsu/goks/cam,/dlsu/goks/cam,0.000000,62565.51335811615,0,,0,0,,0.10,1.81,25.17,[]
/dlsu/goks/cam,/dlsu/goks/cam,0.000000,0,0,,0,0,,0.01,0.00,21.89,[]
/dlsu/goks/cam,/dlsu/goks/cam,0.000000,62565.558352947235,0,,0,0,,0.05,0.81,24.42,[]
/dlsu/goks/cam,/dlsu/goks/cam,0.000000,62565.58403110504,0,,0,0,,0.02,0.78,21.34,[]
/dlsu/goks/cam,/dlsu/goks/cam,0.000000,62565.62759900093,0,,0,0,,0.04,1.02,20.43,[]
/dlsu/goks/cam,/dlsu/goks/cam,0.000000,62565.68215107918,0,,0,0,,0.04,0.76,25.09,[]
/dlsu/goks/cam,/dlsu/goks/cam,0.000000,62565.73444390297,0,,0,0,,0.03,1.08,24.71,[]
/dlsu/goks/cam,/dlsu/goks/cam,0.000000,62565.797699928284,0,,0,0,,0.05,1.49,24.00,[]
/dlsu/goks/cam,/dlsu/goks/cam,0.000000,62565.82454705238,0,,0,0,,0.04,0.79,20.87,[]
/dlsu/goks/cam,/dlsu/goks/cam,0.000000,62565.839646101,0,,0,0,,0.05,0.68,25.06,[]
/dlsu/goks/cam,/dlsu/goks/cam,0.000000,62565.866466999054,0,,0,0,,0.02,0.77,25.08,[]
/dlsu/goks/cam,/dlsu/goks/cam,0.000000,0,0,,0,0,,0.01,0.00,23.59,[]
/dlsu/goks/cam,/dlsu/goks/cam,0.000000,62565.951333999634,0,,0,0,,0.07,1.59,21.92,[]
/dlsu/goks/cam,/dlsu/goks/cam,0.000000,0,0,,0,0,,0.01,0.00,25.06,[]
/dlsu/goks/cam,/dlsu/goks/cam,0.000000,62566.00729393959,0,,0,0,,0.04,0.76,25.20,[]
/dlsu/goks/cam,/dlsu/goks/cam,0.000000,62566.06576704979,0,,0,0,,0.04,0.95,21.10,[]
/dlsu/goks/cam,/dlsu/goks/cam,0.000000,62566.10998797417,0,,0,0,,0.05,1.42,25.14,[]
/dlsu/goks/cam,/dlsu/goks/cam,0.000000,62566.14452600479,0,,0,0,,0.04,1.17,25.10,[]
/dlsu/goks/cam,/dlsu/goks/cam,0.000000,0,0,,0,0,,0.01,0.00,25.10,[]
/dlsu/goks/cam,/dlsu/goks/cam,0.000000,62566.19149303436,0,,0,0,,0.14,0.88,21.65,[]
/dlsu/goks/cam,/dlsu/goks/cam,0.000000,62566.23797893524,0,,0,0,,0.04,0.82,22.79,[]
/dlsu/goks/cam,/dlsu/goks/cam,0.000000,62566.2674510479,0,,0,0,,0.06,1.06,20.30,[]
/dlsu/goks/cam,/dlsu/goks/cam,0.000000,62566.32011389732,0,,0,0,,0.03,0.84,24.25,[]
/dlsu/goks/cam,/dlsu/goks/cam,0.000000,62566.388916015625,0,,0,0,,0.04,0.88,22.19,[]
/dlsu/goks/cam,/dlsu/goks/cam,0.000000,62566.469593048096,0,,0,0,,0.06,1.33,22.69,[]
/dlsu/goks/cam,/dlsu/goks/cam,0.000000,0,0,,0,0,,0.01,0.00,25.09,[]
/dlsu/goks/cam,/dlsu/goks/cam,0.000000,62566.50683403015,0,,0,0,,0.02,1.18,20.32,[]
/dlsu/goks/cam,/dlsu/goks/cam,0.000000,62566.57286810875,0,,0,0,,0.06,1.42,24.97,[]
/dlsu/goks/cam,/dlsu/goks/cam,0.000000,0,0,,0,0,,0.01,0.00,22.79,[]
/dlsu/goks/cam,/dlsu/goks/cam,0.000000,62566.62416911125,0,,0,0,,0.03,0.85,20.27,[]
/dlsu/goks/cam,/dlsu/goks/cam,0.000000,62566.65347290039,0,,0,0,,0.03,0.83,20.55,[]
/dlsu/goks/cam,/dlsu/goks/cam,0.000000,62566.70050406456,0,,0,0,,0.04,0.97,25.15,[]
/dlsu/goks/cam,/dlsu/goks/cam,0.000000,62566.7481238842,0,,0,0,,0.03,0.97,25.16,[]
/dlsu/goks/cam,/dlsu/goks/cam,0.000000,62566.79631996155,0,,0,0,,0.03,1.16,22.08,[]
/dlsu/goks/cam,/dlsu/goks/cam,0.000000,62566.85523605347,0,,0,0,,0.06,1.72,21.11,[]
/dlsu/goks/cam,/dlsu/goks/cam,0.000000,0,0,,0,0,,0.01,0.00,25.04,[]
/dlsu/goks/cam,/dlsu/goks/cam,0.000000,62566.899873018265,0,,0,0,,0.03,0.78,25.14,[]
/dlsu/goks/cam,/dlsu/goks/cam,0.000000,62566.959326028824,0,,0,0,,0.04,1.76,21.24,[]
/dlsu/goks/cam,/dlsu/goks/cam,0.000000,0,0,,0,0,,0.01,0.00,23.65,[]
/dlsu/goks/cam,/dlsu/goks/cam,0.000000,62567.020651102066,0,,0,0,,0.04,0.72,23.52,[]
/dlsu/goks/cam,/dlsu/goks/cam,0.000000,62567.07634997368,0,,0,0,,0.05,1.43,24.10,[]
/dlsu/goks/cam,/dlsu/goks/cam,0.000000,0,0,,0,0,,0.01,0.00,24.95,[]
/dlsu/goks/cam,/dlsu/goks/cam,0.000000,62567.150919914246,0,,0,0,,0.04,0.97,25.15,[]
/dlsu/goks/cam,/dlsu/goks/cam,0.000000,62567.18806505203,0,,0,0,,0.03,0.80,22.74,[]
/dlsu/goks/cam,/dlsu/goks/cam,0.000000,62567.247910022736,0,,0,0,,0.06,1.06,23.28,[]
/dlsu/goks/cam,/dlsu/goks/cam,0.000000,0,0,,0,0,,0.01,0.00,20.57,[]
/dlsu/goks/cam,/dlsu/goks/cam,0.000000,62567.32849693298,0,,0,0,,0.06,1.89,25.20,[]
/dlsu/goks/cam,/dlsu/goks/cam,0.000000,0,0,,0,0,,0.01,0.00,25.21,[]
/dlsu/goks/cam,/dlsu/goks/cam,0.000000,62567.37866401672,0,,0,0,,0.02,0.89,25.13,[]
/dlsu/goks/cam,/dlsu/goks/cam,0.000000,62567.43844008446,0,,0,0,,0.06,1.68,25.24,[]
/dlsu/goks/cam,/dlsu/goks/cam,0.000000,0,0,,0,0,,0.01,0.00,25.11,[]
/dlsu/goks/cam,/dlsu/goks/cam,0.000000,62567.49235391617,0,,0,0,,0.04,1.06,25.05,[]
/dlsu/goks/cam,/dlsu/goks/cam,0.000000,62567.54616999626,0,,0,0,,0.06,1.42,21.26,[]
/dlsu/goks/cam,/dlsu/goks/cam,0.000000,0,0,,0,0,,0.00,0.00,24.50,[]
/dlsu/goks/cam,/dlsu/goks/cam,0.000000,62567.644865989685,0,,0,0,,0.04,1.08,23.70,[]
/dlsu/goks/cam,/dlsu/goks/cam,0.000000,62567.67047095299,0,,0,0,,0.02,0.78,23.91,[]
/dlsu/goks/cam,/dlsu/goks/cam,0.000000,62567.77494311333,0,,0,0,,0.08,1.54,25.10,[]
/dlsu/goks/cam,/dlsu/goks/cam,0.000000,62567.78731799126,0,,0,0,,0.03,0.38,23.78,[]
/dlsu/goks/cam,/dlsu/goks/cam,0.000000,0,0,,0,0,,0.01,0.00,25.09,[]
/dlsu/goks/cam,/dlsu/goks/cam,0.000000,62567.84609103203,0,,0,0,,0.05,1.26,25.42,[]
/dlsu/goks/cam,/dlsu/goks/cam,0.000000,62567.91183710098,0,,0,0,,0.04,0.80,20.72,[]
/dlsu/goks/cam,/dlsu/goks/cam,0.000000,62567.982208013535,0,,0,0,,0.04,0.82,25.17,[]
/dlsu/goks/cam,/dlsu/goks/cam,0.000000,62568.0298500061,0,,0,0,,0.05,1.31,21.23,[]
/dlsu/goks/cam,/dlsu/goks/cam,0.000000,62568.06403708458,0,,0,0,,0.03,0.82,25.09,[]
/dlsu/goks/cam,/dlsu/goks/cam,0.000000,62568.16428208351,0,,0,0,,0.10,1.93,20.45,[]
/dlsu/goks/cam,/dlsu/goks/cam,0.000000,0,0,,0,0,,0.00,0.00,23.41,[]
/dlsu/goks/cam,/dlsu/goks/cam,0.000000,62568.20553588867,0,,0,0,,0.03,0.76,23.91,[]
/dlsu/goks/cam,/dlsu/goks/cam,0.000000,62568.23401594162,0,,0,0,,0.03,0.93,24.87,[]
/dlsu/goks/cam,/dlsu/goks/cam,0.000000,62568.27686405182,0,,0,0,,0.07,0.81,21.65,[]
/dlsu/goks/cam,/dlsu/goks/cam,0.000000,62568.338882923126,0,,0,0,,0.06,1.56,21.66,[]
/dlsu/goks/cam,/dlsu/goks/cam,0.000000,0,0,,0,0,,0.00,0.00,20.32,[]
/dlsu/goks/cam,/dlsu/goks/cam,0.000000,62568.39226293564,0,,0,0,,0.12,0.82,25.11,[]
/dlsu/goks/cam,/dlsu/goks/cam,0.000000,62568.47733592987,0,,0,0,,0.06,1.84,22.82,[]
/dlsu/goks/cam,/dlsu/goks/cam,0.000000,0,0,,0,0,,0.01,0.00,25.05,[]
/dlsu/goks/cam,/dlsu/goks/cam,0.000000,62568.58402109146,0,,0,0,,0.06,1.26,22.78,[]
/dlsu/goks/cam,/dlsu/goks/cam,0.000000,0,0,,0,0,,0.01,0.00,25.08,[]
/dlsu/goks/cam,/dlsu/goks/cam,0.000000,62568.641025066376,0,,0,0,,0.03,0.80,25.16,[]
/dlsu/goks/cam,/dlsu/goks/cam,0.000000,62568.69348907471,0,,0,0,,0.10,1.69,21.77,[]
/dlsu/goks/cam,/dlsu/goks/cam,0.000000,0,0,,0,0,,0.00,0.00,25.14,[]
/dlsu/goks/cam,/dlsu/goks/cam,0.000000,62568.72556090355,0,,0,0,,0.04,1.00,21.49,[]
/dlsu/goks/cam,/dlsu/goks/cam,0.000000,62568.768903017044,0,,0,0,,0.04,1.18,23.49,[]
/dlsu/goks/cam,/dlsu/goks/cam,0.000000,62568.80141711235,0,,0,0,,0.05,0.86,25.10,[]
/dlsu/goks/cam,/dlsu/goks/cam,0.000000,62568.85589790344,0,,0,0,,0.04,0.77,21.56,[]
/dlsu/goks/cam,/dlsu/goks/cam,0.000000,62568.89993596077,0,,0,0,,0.07,1.44,20.29,[]
/dlsu/goks/cam,/dlsu/goks/cam,0.000000,0,0,,0,0,,0.01,0.00,25.08,[]
/dlsu/goks/cam,/dlsu/goks/cam,0.000000,62568.95801591873,0,,0,0,,0.05,1.39,25.09,[]
/dlsu/goks/cam,/dlsu/goks/cam,0.000000,62568.98623895645,0,,0,0,,0.03,0.80,23.95,[]
/dlsu/goks/cam,/dlsu/goks/cam,0.000000,0,0,,0,0,,0.01,0.00,24.14,[]
/dlsu/goks/cam,/dlsu/goks/cam,0.000000,62569.04065990448,0,,0,0,,0.04,0.74,24.30,[]
/dlsu/goks/cam,/dlsu/goks/cam,0.000000,62569.08832502365,0,,0,0,,0.03,1.47,25.20,[]
/dlsu/goks/cam,/dlsu/goks/cam,0.000000,62569.120882987976,0,,0,0,,0.02,0.79,24.14,[]
/dlsu/goks/cam,/dlsu/goks/cam,0.000000,62569.16857004166,0,,0,0,,0.04,0.98,25.16,[]
/dlsu/goks/cam,/dlsu/goks/cam,0.000000,62569.25297808647,0,,0,0,,0.08,1.84,25.10,[]
/dlsu/goks/cam,/dlsu/goks/cam,0.000000,0,0,,0,0,,0.01,0.00,25.10,[]
/dlsu/goks/cam,/dlsu/goks/cam,0.000000,62569.29854106903,0,,0,0,,0.03,0.76,20.94,[]
/dlsu/goks/cam,/dlsu/goks/cam,0.000000,62569.39844608307,0,,0,0,,0.08,1.98,21.90,[]
/dlsu/goks/cam,/dlsu/goks/cam,0.000000,0,0,,0,0,,0.01,0.00,25.13,[]
/dlsu/goks/cam,/dlsu/goks/cam,0.000000,62569.47266292572,0,,0,0,,0.07,1.63,21.62,[]
/dlsu/goks/cam,/dlsu/goks/cam,0.000000,0,0,,0,0,,0.00,0.00,23.04,[]
/dlsu/goks/cam,/dlsu/goks/cam,0.000000,62569.51739311218,0,,0,0,,0.04,0.75,25.17,[]
/dlsu/goks/cam,/dlsu/goks/cam,0.000000,62569.56699895859,0,,0,0,,0.03,0.72,25.17,[]
/dlsu/goks/cam,/dlsu/goks/cam,0.000000,62569.65176296234,0,,0,0,,0.05,1.00,25.13,[]
/dlsu/goks/cam,/dlsu/goks/cam,0.000000,62569.68365907669,0,,0,0,,0.05,0.90,24.79,[]
/dlsu/goks/cam,/dlsu/goks/cam,0.000000,62569.76468896866,0,,0,0,,0.05,1.16,21.92,[]
/dlsu/goks/cam,/dlsu/goks/cam,0.000000,62569.82616710663,0,,0,0,,0.08,2.12,24.92,[]
/dlsu/goks/cam,/dlsu/goks/cam,0.000000,0,0,,0,0,,0.00,0.00,25.06,[]
/dlsu/goks/cam,/dlsu/goks/cam,0.000000,62569.87298703194,0,,0,0,,0.04,1.13,24.00,[]
/dlsu/goks/cam,/dlsu/goks/cam,0.000000,62569.92320895195,0,,0,0,,0.04,0.92,24.38,[]
/dlsu/goks/cam,/dlsu/goks/cam,0.000000,62569.95903491974,0,,0,0,,0.04,1.34,20.67,[]
/dlsu/goks/cam,/dlsu/goks/cam,0.000000,0,0,,0,0,,0.01,0.00,21.06,[]
/dlsu/goks/cam,/dlsu/goks/cam,0.000000,62570.04917907715,0,,0,0,,0.06,1.55,20.89,[]
/dlsu/goks/cam,/dlsu/goks/cam,0.000000,0,0,,0,0,,0.01,0.00,25.06,[]
/dlsu/goks/cam,/dlsu/goks/cam,0.000000,62570.12098693848,0,,0,0,,0.04,1.00,23.82,[]
/dlsu/goks/cam,/dlsu/goks/cam,0.000000,62570.17403006554,0,,0,0,,0.07,0.85,23.01,[]
/dlsu/goks/cam,/dlsu/goks/cam,0.000000,62570.20547890663,0,,0,0,,0.04,0.83,21.30,[]
/dlsu/goks/cam,/dlsu/goks/cam,0.000000,62570.24605488777,0,,0,0,,0.09,1.36,21.81,[]
/dlsu/goks/cam,/dlsu/goks/cam,0.000000,0,0,,0,0,,0.01,0.00,20.55,[]
/dlsu/goks/cam,/dlsu/goks/cam,0.000000,62570.299798965454,0,,0,0,,0.03,0.45,22.00,[]
/dlsu/goks/cam,/dlsu/goks/cam,0.000000,62570.325884103775,0,,0,0,,0.03,0.82,21.67,[]
/dlsu/goks/cam,/dlsu/goks/cam,0.000000,62570.350820064545,0,,0,0,,0.03,0.74,25.14,[]
/dlsu/goks/cam,/dlsu/goks/cam,0.000000,62570.43932390213,0,,0,0,,0.05,0.90,21.44,[]
/dlsu/goks/cam,/dlsu/goks/cam,0.000000,62570.49563789368,0,,0,0,,0.08,1.11,25.16,[]
/dlsu/goks/cam,/dlsu/goks/cam,0.000000,62570.53513407707,0,,0,0,,0.06,1.76,24.92,[]
/dlsu/goks/cam,/dlsu/goks/cam,0.000000,0,0,,0,0,,0.00,0.00,22.59,[]
/dlsu/goks/cam,/dlsu/goks/cam,0.000000,62570.58914709091,0,,0,0,,0.08,1.67,25.12,[]
/dlsu/goks/cam,/dlsu/goks/cam,0.000000,0,0,,0,0,,0.01,0.00,21.67,[]
/dlsu/goks/cam,/dlsu/goks/cam,0.000000,62570.670094013214,0,,0,0,,0.08,1.06,22.24,[]
/dlsu/goks/cam,/dlsu/goks/cam,0.000000,0,0,,0,0,,0.01,0.00,24.48,[]
/dlsu/goks/cam,/dlsu/goks/cam,0.000000,62570.71585202217,0,,0,0,,0.04,0.94,25.09,[]
/dlsu/goks/cam,/dlsu/goks/cam,0.000000,62570.7578959465,0,,0,0,,0.03,0.72,23.04,[]
/dlsu/goks/cam,/dlsu/goks/cam,0.000000,62570.835048913956,0,,0,0,,0.06,1.70,20.83,[]
/dlsu/goks/cam,/dlsu/goks/cam,0.000000,62570.843214035034,0,,0,0,,0.03,0.60,24.76,[]
/dlsu/goks/cam,/dlsu/goks/cam,0.000000,0,0,,0,0,,0.00,0.00,21.33,[]
/dlsu/goks/cam,/dlsu/goks/cam,0.000000,62570.92143011093,0,,0,0,,0.05,0.84,21.19,[]
/dlsu/goks/cam,/dlsu/goks/cam,0.000000,62570.95157408714,0,,0,0,,0.03,1.00,25.15,[]
/dlsu/goks/cam,/dlsu/goks/cam,0.000000,62570.97841691971,0,,0,0,,0.03,1.20,20.89,[]
/dlsu/goks/cam,/dlsu/goks/cam,0.000000,62571.0209710598,0,,0,0,,0.04,0.76,25.17,[]
/dlsu/goks/cam,/dlsu/goks/cam,0.000000,62571.07349610329,0,,0,0,,0.04,0.86,25.21,[]
/dlsu/goks/cam,/dlsu/goks/cam,0.000000,62571.10232400894,0,,0,0,,0.02,0.83,20.95,[]
/dlsu/goks/cam,/dlsu/goks/cam,0.000000,62571.25780200958,0,,0,0,,0.08,0.79,25.20,[]
/dlsu/goks/cam,/dlsu/goks/cam,0.000000,62571.307389974594,0,,0,0,,0.05,1.69,25.13,[]
/dlsu/goks/cam,/dlsu/goks/cam,0.000000,0,0,,0,0,,0.01,0.00,25.10,[]
/dlsu/goks/cam,/dlsu/goks/cam,0.000000,62571.423172950745,0,,0,0,,0.06,1.52,21.59,[]
/dlsu/goks/cam,/dlsu/goks/cam,0.000000,0,0,,0,0,,0.01,0.00,23.01,[]
/dlsu/goks/cam,/dlsu/goks/cam,0.000000,62571.46362495422,0,,0,0,,0.11,0.95,25.18,[]
/dlsu/goks/cam,/dlsu/goks/cam,0.000000,0,0,,0,0,,0.01,0.00,22.33,[]
/dlsu/goks/cam,/dlsu/goks/cam,0.000000,62571.53279900551,0,,0,0,,0.04,0.98,25.15,[]
/dlsu/goks/cam,/dlsu/goks/cam,0.000000,62571.576858997345,0,,0,0,,0.03,0.99,24.66,[]
/dlsu/goks/cam,/dlsu/goks/cam,0.000000,62571.60706090927,0,,0,0,,0.04,0.82,22.46,[]
/dlsu/goks/cam,/dlsu/goks/cam,0.000000,62571.684118032455,0,,0,0,,0.04,0.85,22.32,[]
/dlsu/goks/cam,/dlsu/goks/cam,0.000000,62571.766911029816,0,,0,0,,0.06,1.21,25.17,[]
/dlsu/goks/cam,/dlsu/goks/cam,0.000000,0,0,,0,0,,0.01,0.00,25.09,[]
/dlsu/goks/cam,/dlsu/goks/cam,0.000000,62571.85734295845,0,,0,0,,0.06,1.15,22.86,[]
/dlsu/goks/cam,/dlsu/goks/cam,0.000000,62571.90741896629,0,,0,0,,0.04,0.80,24.79,[]
/dlsu/goks/cam,/dlsu/goks/cam,0.000000,62571.953344106674,0,,0,0,,0.06,1.01,20.72,[]
/dlsu/goks/cam,/dlsu/goks/cam,0.000000,62571.999953985214,0,,0,0,,0.04,1.11,25.24,[]
/dlsu/goks/cam,/dlsu/goks/cam,0.000000,62572.0533080101,0,,0,0,,0.03,0.82,25.16,[]
/dlsu/goks/cam,/dlsu/goks/cam,0.000000,62572.10364294052,0,,0,0,,0.74,1.48,20.98,[]
/dlsu/goks/cam,/dlsu/goks/cam,0.000000,0,0,,0,0,,0.01,0.00,20.57,[]
/dlsu/goks/cam,/dlsu/goks/cam,0.000000,62572.17425394058,0,,0,0,,0.05,0.90,22.59,[]
/dlsu/goks/cam,/dlsu/goks/cam,0.000000,62572.216447114944,0,,0,0,,0.03,0.82,20.20,[]
/dlsu/goks/cam,/dlsu/goks/cam,0.000000,62572.267699956894,0,,0,0,,0.04,0.99,25.25,[]
/dlsu/goks/cam,/dlsu/goks/cam,0.000000,0,0,,0,0,,0.01,0.00,23.22,[]
/dlsu/goks/cam,/dlsu/goks/cam,0.000000,62572.32263088226,0,,0,0,,0.03,0.81,21.69,[]
/dlsu/goks/cam,/dlsu/goks/cam,0.000000,62572.37026596069,0,,0,0,,0.04,0.91,24.24,[]
/dlsu/goks/cam,/dlsu/goks/cam,0.000000,62572.429569005966,0,,0,0,,0.04,1.54,25.13,[]
/dlsu/goks/cam,/dlsu/goks/cam,0.000000,0,0,,0,0,,0.08,0.00,25.44,[]
/dlsu/goks/cam,/dlsu/goks/cam,0.000000,62572.47792291641,0,,0,0,,0.12,2.89,22.45,[]
/dlsu/goks/cam,/dlsu/goks/cam,0.000000,62572.53246498108,0,,0,0,,0.14,8.65,21.27,[]
/dlsu/goks/cam,/dlsu/goks/cam,0.000000,0,0,,0,0,,0.00,0.00,22.24,[]
/dlsu/goks/cam,/dlsu/goks/cam,0.000000,62572.58592891693,0,,0,0,,0.07,1.44,30.05,[]
/dlsu/goks/cam,/dlsu/goks/cam,0.000000,62572.618626117706,0,,0,0,,0.09,1.28,24.09,[]
/dlsu/goks/cam,/dlsu/goks/cam,0.000000,62572.68614792824,0,,0,0,,0.05,1.38,24.11,[]
/dlsu/goks/cam,/dlsu/goks/cam,0.000000,0,0,,0,0,,0.01,0.00,25.09,[]
/dlsu/goks/cam,/dlsu/goks/cam,0.000000,62572.731364011765,0,,0,0,,0.07,0.86,20.55,[]
/dlsu/goks/cam,/dlsu/goks/cam,0.000000,62572.76325201988,0,,0,0,,0.04,0.82,24.69,[]
/dlsu/goks/cam,/dlsu/goks/cam,0.000000,62572.80636501312,0,,0,0,,0.05,2.21,25.49,[]
/dlsu/goks/cam,/dlsu/goks/cam,0.000000,0,0,,0,0,,0.01,0.00,25.03,[]
/dlsu/goks/cam,/dlsu/goks/cam,0.000000,62572.86007499695,0,,0,0,,0.04,1.86,21.62,[]
/dlsu/goks/cam,/dlsu/goks/cam,0.000000,0,0,,0,0,,0.01,0.00,22.20,[]
/dlsu/goks/cam,/dlsu/goks/cam,0.000000,62572.947488069534,0,,0,0,,0.06,1.98,25.20,[]
/dlsu/goks/cam,/dlsu/goks/cam,0.000000,62572.96666288376,0,,0,0,,0.03,1.15,20.36,[]
/dlsu/goks/cam,/dlsu/goks/cam,0.000000,0,0,,0,0,,0.00,0.00,21.53,[]
/dlsu/goks/cam,/dlsu/goks/cam,0.000000,62573.013406038284,0,,0,0,,0.05,0.98,22.13,[]
/dlsu/goks/cam,/dlsu/goks/cam,0.000000,62573.09408903122,0,,0,0,,0.07,1.24,25.14,[]
/dlsu/goks/cam,/dlsu/goks/cam,0.000000,62573.1347990036,0,,0,0,,0.03,0.94,25.21,[]
/dlsu/goks/cam,/dlsu/goks/cam,0.000000,62573.18237400055,0,,0,0,,0.04,1.17,25.26,[]
/dlsu/goks/cam,/dlsu/goks/cam,0.000000,62573.26156401634,0,,0,0,,0.04,0.95,25.18,[]
/dlsu/goks/cam,/dlsu/goks/cam,0.000000,62573.30504202843,0,,0,0,,0.04,1.79,25.13,[]
/dlsu/goks/cam,/dlsu/goks/cam,0.000000,0,0,,0,0,,0.01,0.00,25.12,[]
/dlsu/goks/cam,/dlsu/goks/cam,0.000000,62573.36573290825,0,,0,0,,0.05,1.42,25.17,[]
/dlsu/goks/cam,/dlsu/goks/cam,0.000000,0,0,,0,0,,0.00,0.00,22.80,[]
/dlsu/goks/cam,/dlsu/goks/cam,0.000000,62573.412867069244,0,,0,0,,0.03,0.69,25.24,[]
/dlsu/goks/cam,/dlsu/goks/cam,0.000000,62573.43926692009,0,,0,0,,0.02,0.74,21.13,[]
/dlsu/goks/cam,/dlsu/goks/cam,0.000000,62573.48654508591,0,,0,0,,0.04,1.34,22.84,[]
/dlsu/goks/cam,/dlsu/goks/cam,0.000000,0,0,,0,0,,0.01,0.00,25.09,[]
/dlsu/goks/cam,/dlsu/goks/cam,0.000000,62573.52096390724,0,,0,0,,0.03,0.83,21.24,[]
/dlsu/goks/cam,/dlsu/goks/cam,0.000000,62573.56404590607,0,,0,0,,0.02,1.05,21.96,[]
/dlsu/goks/cam,/dlsu/goks/cam,0.000000,62573.60684490204,0,,0,0,,0.02,0.70,25.24,[]
/dlsu/goks/cam,/dlsu/goks/cam,0.000000,62573.64014291763,0,,0,0,,0.05,0.90,24.33,[]
/dlsu/goks/cam,/dlsu/goks/cam,0.000000,62573.68265199661,0,,0,0,,0.10,0.88,24.65,[]
/dlsu/goks/cam,/dlsu/goks/cam,0.000000,62573.739466905594,0,,0,0,,0.13,1.39,24.53,[]
/dlsu/goks/cam,/dlsu/goks/cam,0.000000,0,0,,0,0,,0.01,0.00,25.08,[]
/dlsu/goks/cam,/dlsu/goks/cam,0.000000,62573.803039073944,0,,0,0,,0.05,1.16,21.75,[]
/dlsu/goks/cam,/dlsu/goks/cam,0.000000,0,0,,0,0,,0.01,0.00,25.09,[]
/dlsu/goks/cam,/dlsu/goks/cam,0.000000,62573.84832692146,0,,0,0,,0.10,0.76,22.59,[]
/dlsu/goks/cam,/dlsu/goks/cam,0.000000,62573.88527107239,0,,0,0,,0.04,0.87,22.27,[]
/dlsu/goks/cam,/dlsu/goks/cam,0.000000,62573.94382190704,0,,0,0,,0.04,0.80,25.13,[]
/dlsu/goks/cam,/dlsu/goks/cam,0.000000,62573.97737002373,0,,0,0,,0.03,0.95,25.17,[]
/dlsu/goks/cam,/dlsu/goks/cam,0.000000,62574.08135890961,0,,0,0,,0.06,0.88,20.56,[]
/dlsu/goks/cam,/dlsu/goks/cam,0.000000,62574.13937997818,0,,0,0,,0.04,0.47,23.01,[]
/dlsu/goks/cam,/dlsu/goks/cam,0.000000,62574.1706840992,0,,0,0,,0.03,0.92,22.31,[]
/dlsu/goks/cam,/dlsu/goks/cam,0.000000,62574.21164393425,0,,0,0,,0.14,1.84,23.30,[]
/dlsu/goks/cam,/dlsu/goks/cam,0.000000,0,0,,0,0,,0.01,0.00,24.48,[]
/dlsu/goks/cam,/dlsu/goks/cam,0.000000,62574.25381398201,0,,0,0,,0.23,0.90,21.36,[]
/dlsu/goks/cam,/dlsu/goks/cam,0.000000,62574.33905506134,0,,0,0,,0.07,2.00,24.37,[]
/dlsu/goks/cam,/dlsu/goks/cam,0.000000,0,0,,0,0,,0.01,0.00,23.73,[]
/dlsu/goks/cam,/dlsu/goks/cam,0.000000,62574.427944898605,0,,0,0,,0.05,0.95,20.55,[]
/dlsu/goks/cam,/dlsu/goks/cam,0.000000,62574.45499897003,0,,0,0,,0.03,0.76,22.36,[]
/dlsu/goks/cam,/dlsu/goks/cam,0.000000,62574.50399494171,0,,0,0,,0.04,0.97,25.15,[]
/dlsu/goks/cam,/dlsu/goks/cam,0.000000,62574.58834505081,0,,0,0,,0.06,0.79,25.12,[]
/dlsu/goks/cam,/dlsu/goks/cam,0.000000,0,0,,0,0,,0.01,0.00,25.06,[]
/dlsu/goks/cam,/dlsu/goks/cam,0.000000,62574.65063691139,0,,0,0,,0.05,1.00,21.06,[]
/dlsu/goks/cam,/dlsu/goks/cam,0.000000,62574.69102907181,0,,0,0,,0.03,0.79,25.18,[]
/dlsu/goks/cam,/dlsu/goks/cam,0.000000,62574.73473906517,0,,0,0,,0.04,0.78,20.97,[]
/dlsu/goks/cam,/dlsu/goks/cam,0.000000,62574.77408289909,0,,0,0,,0.04,1.20,21.92,[]
/dlsu/goks/cam,/dlsu/goks/cam,0.000000,62574.81593489647,0,,0,0,,0.03,0.77,25.18,[]
/dlsu/goks/cam,/dlsu/goks/cam,0.000000,62574.86496710777,0,,0,0,,0.04,0.77,20.35,[]
/dlsu/goks/cam,/dlsu/goks/cam,0.000000,62574.91221809387,0,,0,0,,0.04,1.48,20.84,[]
/dlsu/goks/cam,/dlsu/goks/cam,0.000000,0,0,,0,0,,0.00,0.00,25.05,[]
/dlsu/goks/cam,/dlsu/goks/cam,0.000000,62574.97313094139,0,,0,0,,0.04,1.42,25.12,[]
/dlsu/goks/cam,/dlsu/goks/cam,0.000000,0,0,,0,0,,0.01,0.00,20.51,[]
/dlsu/goks/cam,/dlsu/goks/cam,0.000000,62575.031599998474,0,,0,0,,0.05,1.52,25.15,[]
/dlsu/goks/cam,/dlsu/goks/cam,0.000000,0,0,,0,0,,0.01,0.00,25.28,[]
/dlsu/goks/cam,/dlsu/goks/cam,0.000000,62575.099137067795,0,,0,0,,0.05,1.74,21.70,[]
/dlsu/goks/cam,/dlsu/goks/cam,0.000000,0,0,,0,0,,0.01,0.00,21.54,[]
/dlsu/goks/cam,/dlsu/goks/cam,0.000000,62575.159969091415,0,,0,0,,0.04,0.89,25.17,[]
/dlsu/goks/cam,/dlsu/goks/cam,0.000000,62575.24261188507,0,,0,0,,0.06,1.57,25.12,[]
/dlsu/goks/cam,/dlsu/goks/cam,0.000000,0,0,,0,0,,0.01,0.00,24.66,[]
/dlsu/goks/cam,/dlsu/goks/cam,0.000000,62575.31667304039,0,,0,0,,0.04,0.87,21.08,[]
/dlsu/goks/cam,/dlsu/goks/cam,0.000000,62575.37250709534,0,,0,0,,0.04,0.90,21.94,[]
/dlsu/goks/cam,/dlsu/goks/cam,0.000000,62575.4221971035,0,,0,0,,0.04,1.18,21.93,[]
/dlsu/goks/cam,/dlsu/goks/cam,0.000000,62575.47617006302,0,,0,0,,0.07,0.89,24.80,[]
/dlsu/goks/cam,/dlsu/goks/cam,0.000000,62575.49236989021,0,,0,0,,0.03,0.67,20.99,[]
/dlsu/goks/cam,/dlsu/goks/cam,0.000000,0,0,,0,0,,0.01,0.00,25.07,[]
/dlsu/goks/cam,/dlsu/goks/cam,0.000000,62575.53516292572,0,,0,0,,0.04,0.90,20.67,[]
/dlsu/goks/cam,/dlsu/goks/cam,0.000000,62575.60801291466,0,,0,0,,0.06,1.92,20.37,[]
/dlsu/goks/cam,/dlsu/goks/cam,0.000000,0,0,,0,0,,0.00,0.00,25.13,[]
/dlsu/goks/cam,/dlsu/goks/cam,0.000000,62575.67748308182,0,,0,0,,0.05,0.69,25.01,[]
/dlsu/goks/cam,/dlsu/goks/cam,0.000000,0,0,,0,0,,0.00,0.96,25.07,[]
/dlsu/goks/cam,/dlsu/goks/cam,0.000000,62575.72910308838,0,,0,0,,0.04,0.77,25.13,[]
/dlsu/goks/cam,/dlsu/goks/cam,0.000000,62575.775976896286,0,,0,0,,0.04,0.82,22.16,[]
/dlsu/goks/cam,/dlsu/goks/cam,0.000000,62575.80697107315,0,,0,0,,0.03,0.77,23.97,[]
/dlsu/goks/cam,/dlsu/goks/cam,0.000000,62575.85926103592,0,,0,0,,0.05,0.86,20.77,[]
/dlsu/goks/cam,/dlsu/goks/cam,0.000000,62575.93349504471,0,,0,0,,0.07,1.69,24.72,[]
/dlsu/goks/cam,/dlsu/goks/cam,0.000000,0,0,,0,0,,0.00,0.00,21.75,[]
/dlsu/goks/cam,/dlsu/goks/cam,0.000000,62575.968082904816,0,,0,0,,0.02,0.71,21.00,[]
/dlsu/goks/cam,/dlsu/goks/cam,0.000000,62575.99343395233,0,,0,0,,0.03,0.90,25.20,[]
/dlsu/goks/cam,/dlsu/goks/cam,0.000000,62576.038459062576,0,,0,0,,0.06,0.59,22.26,[]
/dlsu/goks/cam,/dlsu/goks/cam,0.000000,62576.0803630352,0,,0,0,,0.03,1.25,25.23,[]
/dlsu/goks/cam,/dlsu/goks/cam,0.000000,62576.12282991409,0,,0,0,,0.09,1.79,25.38,[]
/dlsu/goks/cam,/dlsu/goks/cam,0.000000,0,0,,0,0,,0.01,0.00,22.42,[]
/dlsu/goks/cam,/dlsu/goks/cam,0.000000,62576.17320203781,0,,0,0,,0.05,0.76,20.72,[]
/dlsu/goks/cam,/dlsu/goks/cam,0.000000,62576.21140193939,0,,0,0,,0.04,1.03,25.05,[]
/dlsu/goks/cam,/dlsu/goks/cam,0.000000,0,0,,0,0,,0.00,0.00,21.63,[]
/dlsu/goks/cam,/dlsu/goks/cam,0.000000,62576.32072997093,0,,0,0,,0.06,0.88,22.32,[]
/dlsu/goks/cam,/dlsu/goks/cam,0.000000,62576.355952978134,0,,0,0,,0.03,0.76,21.50,[]
/dlsu/goks/cam,/dlsu/goks/cam,0.000000,62576.41779303551,0,,0,0,,0.08,1.23,25.57,[]
/dlsu/goks/cam,/dlsu/goks/cam,0.000000,62576.4551179409,0,,0,0,,0.02,0.71,22.88,[]
/dlsu/goks/cam,/dlsu/goks/cam,0.000000,0,0,,0,0,,0.01,0.00,22.44,[]
/dlsu/goks/cam,/dlsu/goks/cam,0.000000,62576.519830942154,0,,0,0,,0.04,1.22,25.10,[]
/dlsu/goks/cam,/dlsu/goks/cam,0.000000,0,0,,0,0,,0.01,0.00,21.04,[]
/dlsu/goks/cam,/dlsu/goks/cam,0.000000,62576.580549001694,0,,0,0,,0.04,2.11,25.11,[]
/dlsu/goks/cam,/dlsu/goks/cam,0.000000,62576.60288190842,0,,0,0,,0.03,0.47,25.03,[]
/dlsu/goks/cam,/dlsu/goks/cam,0.000000,0,0,,0,0,,0.01,0.00,21.21,[]
/dlsu/goks/cam,/dlsu/goks/cam,0.000000,62576.664535045624,0,,0,0,,0.08,1.66,23.39,[]
/dlsu/goks/cam,/dlsu/goks/cam,0.000000,0,0,,0,0,,0.01,0.00,25.08,[]
/dlsu/goks/cam,/dlsu/goks/cam,0.000000,62576.72459888458,0,,0,0,,0.03,1.04,22.36,[]
/dlsu/goks/cam,/dlsu/goks/cam,0.000000,62576.758601903915,0,,0,0,,0.03,0.73,20.76,[]
/dlsu/goks/cam,/dlsu/goks/cam,0.000000,62576.82254695892,0,,0,0,,0.04,0.46,24.06,[]
/dlsu/goks/cam,/dlsu/goks/cam,0.000000,62576.94195604324,0,,0,0,,0.08,1.89,25.03,[]
/dlsu/goks/cam,/dlsu/goks/cam,0.000000,0,0,,0,0,,0.01,0.00,24.52,[]
/dlsu/goks/cam,/dlsu/goks/cam,0.000000,62577.02030801773,0,,0,0,,0.05,1.33,22.82,[]
/dlsu/goks/cam,/dlsu/goks/cam,0.000000,62577.0343849659,0,,0,0,,0.05,0.86,23.27,[]
/dlsu/goks/cam,/dlsu/goks/cam,0.000000,62577.074124097824,0,,0,0,,0.03,0.96,23.73,[]
/dlsu/goks/cam,/dlsu/goks/cam,0.000000,0,0,,0,0,,0.01,0.00,21.51,[]
/dlsu/goks/cam,/dlsu/goks/cam,0.000000,62577.14551401138,0,,0,0,,0.04,1.17,21.03,[]
/dlsu/goks/cam,/dlsu/goks/cam,0.000000,62577.17723989487,0,,0,0,,0.03,0.72,25.10,[]
/dlsu/goks/cam,/dlsu/goks/cam,0.000000,62577.220293045044,0,,0,0,,0.03,1.07,25.17,[]
/dlsu/goks/cam,/dlsu/goks/cam,0.000000,62577.2880089283,0,,0,0,,0.04,1.22,22.55,[]
/dlsu/goks/cam,/dlsu/goks/cam,0.000000,62577.345293045044,0,,0,0,,0.04,0.92,23.43,[]
/dlsu/goks/cam,/dlsu/goks/cam,0.000000,62577.406645059586,0,,0,0,,0.08,1.63,25.18,[]
/dlsu/goks/cam,/dlsu/goks/cam,0.000000,0,0,,0,0,,0.01,0.00,25.12,[]
/dlsu/goks/cam,/dlsu/goks/cam,0.000000,62577.47374296188,0,,0,0,,0.05,1.62,23.31,[]
/dlsu/goks/cam,/dlsu/goks/cam,0.000000,0,0,,0,0,,0.01,0.00,20.88,[]
/dlsu/goks/cam,/dlsu/goks/cam,0.000000,62577.516041994095,0,,0,0,,0.03,1.05,25.15,[]
/dlsu/goks/cam,/dlsu/goks/cam,0.000000,0,0,,0,0,,0.01,0.00,25.05,[]
/dlsu/goks/cam,/dlsu/goks/cam,0.000000,62577.58798289299,0,,0,0,,0.03,0.83,20.61,[]
/dlsu/goks/cam,/dlsu/goks/cam,0.000000,0,0,,0,0,,0.01,1.08,25.07,[]
/dlsu/goks/cam,/dlsu/goks/cam,0.000000,62577.654233932495,0,,0,0,,0.04,0.79,25.14,[]
/dlsu/goks/cam,/dlsu/goks/cam,0.000000,62577.695763111115,0,,0,0,,0.03,0.75,25.19,[]
/dlsu/goks/cam,/dlsu/goks/cam,0.000000,62577.7223739624,0,,0,0,,0.07,0.96,20.66,[]
/dlsu/goks/cam,/dlsu/goks/cam,0.000000,62577.791311979294,0,,0,0,,0.05,1.84,22.47,[]
/dlsu/goks/cam,/dlsu/goks/cam,0.000000,0,0,,0,0,,0.01,0.00,25.07,[]
/dlsu/goks/cam,/dlsu/goks/cam,0.000000,62577.867398023605,0,,0,0,,0.05,1.31,24.93,[]
/dlsu/goks/cam,/dlsu/goks/cam,0.000000,0,0,,0,0,,0.00,0.00,24.75,[]
/dlsu/goks/cam,/dlsu/goks/cam,0.000000,62577.90770506859,0,,0,0,,0.09,0.89,25.24,[]
/dlsu/goks/cam,/dlsu/goks/cam,0.000000,62577.95563197136,0,,0,0,,0.04,0.81,21.45,[]
/dlsu/goks/cam,/dlsu/goks/cam,0.000000,62578.03487896919,0,,0,0,,0.06,1.86,25.02,[]
/dlsu/goks/cam,/dlsu/goks/cam,0.000000,0,0,,0,0,,0.01,0.00,21.63,[]
/dlsu/goks/cam,/dlsu/goks/cam,0.000000,62578.07783699036,0,,0,0,,0.03,0.80,20.78,[]
/dlsu/goks/cam,/dlsu/goks/cam,0.000000,62578.13700795174,0,,0,0,,0.04,1.05,23.76,[]
/dlsu/goks/cam,/dlsu/goks/cam,0.000000,62578.22620391846,0,,0,0,,0.07,0.84,25.16,[]
/dlsu/goks/cam,/dlsu/goks/cam,0.000000,62578.29463005066,0,,0,0,,0.05,1.63,20.72,[]
/dlsu/goks/cam,/dlsu/goks/cam,0.000000,0,0,,0,0,,0.01,0.00,21.34,[]
/dlsu/goks/cam,/dlsu/goks/cam,0.000000,62578.34691405296,0,,0,0,,0.04,1.21,25.14,[]
/dlsu/goks/cam,/dlsu/goks/cam,0.000000,62578.39964389801,0,,0,0,,0.03,1.14,21.72,[]
/dlsu/goks/cam,/dlsu/goks/cam,0.000000,62578.42927694321,0,,0,0,,0.03,1.00,25.14,[]
/dlsu/goks/cam,/dlsu/goks/cam,0.000000,62578.49242091179,0,,0,0,,0.05,2.07,20.85,[]
/dlsu/goks/cam,/dlsu/goks/cam,0.000000,0,0,,0,0,,0.00,0.00,20.17,[]
/dlsu/goks/cam,/dlsu/goks/cam,0.000000,62578.52712011337,0,,0,0,,0.04,1.74,20.71,[]
/dlsu/goks/cam,/dlsu/goks/cam,0.000000,62578.567703962326,0,,0,0,,0.03,0.95,25.21,[]
/dlsu/goks/cam,/dlsu/goks/cam,0.000000,62578.65155291557,0,,0,0,,0.09,1.63,25.17,[]
/dlsu/goks/cam,/dlsu/goks/cam,0.000000,0,0,,0,0,,0.01,0.00,25.15,[]
/dlsu/goks/cam,/dlsu/goks/cam,0.000000,62578.73638010025,0,,0,0,,0.06,2.16,25.26,[]
/dlsu/goks/cam,/dlsu/goks/cam,0.000000,0,0,,0,0,,0.01,0.00,23.37,[]
/dlsu/goks/cam,/dlsu/goks/cam,0.000000,62578.7873749733,0,,0,0,,0.20,0.87,23.34,[]
/dlsu/goks/cam,/dlsu/goks/cam,0.000000,62578.82510495186,0,,0,0,,0.04,0.83,25.80,[]
/dlsu/goks/cam,/dlsu/goks/cam,0.000000,62578.880850076675,0,,0,0,,0.05,2.00,21.62,[]
/dlsu/goks/cam,/dlsu/goks/cam,0.000000,0,0,,0,0,,0.01,0.00,24.76,[]
/dlsu/goks/cam,/dlsu/goks/cam,0.000000,62578.978001117706,0,,0,0,,0.05,1.69,25.14,[]
/dlsu/goks/cam,/dlsu/goks/cam,0.000000,0,0,,0,0,,0.00,0.00,25.10,[]
/dlsu/goks/cam,/dlsu/goks/cam,0.000000,62579.0645840168,0,,0,0,,0.05,1.40,25.20,[]
/dlsu/goks/cam,/dlsu/goks/cam,0.000000,62579.12836909294,0,,0,0,,0.10,1.15,24.02,[]
/dlsu/goks/cam,/dlsu/goks/cam,0.000000,62579.17210102081,0,,0,0,,0.04,0.85,20.90,[]
/dlsu/goks/cam,/dlsu/goks/cam,0.000000,62579.25371789932,0,,0,0,,0.05,0.96,23.68,[]
/dlsu/goks/cam,/dlsu/goks/cam,0.000000,62579.296165943146,0,,0,0,,0.03,1.01,22.47,[]
/dlsu/goks/cam,/dlsu/goks/cam,0.000000,62579.36935210228,0,,0,0,,0.06,1.55,23.22,[]
/dlsu/goks/cam,/dlsu/goks/cam,0.000000,0,0,,0,0,,0.00,0.00,25.10,[]
/dlsu/goks/cam,/dlsu/goks/cam,0.000000,62579.448076963425,0,,0,0,,0.05,1.64,25.15,[]
/dlsu/goks/cam,/dlsu/goks/cam,0.000000,0,0,,0,0,,0.01,0.00,21.97,[]
/dlsu/goks/cam,/dlsu/goks/cam,0.000000,62579.49916791916,0,,0,0,,0.05,1.50,22.54,[]
/dlsu/goks/cam,/dlsu/goks/cam,0.000000,0,0,,0,0,,0.01,0.00,25.12,[]
/dlsu/goks/cam,/dlsu/goks/cam,0.000000,62579.535820961,0,,0,0,,0.04,0.86,24.95,[]
/dlsu/goks/cam,/dlsu/goks/cam,0.000000,62579.56250309944,0,,0,0,,0.02,1.48,20.88,[]
/dlsu/goks/cam,/dlsu/goks/cam,0.000000,62579.62296295166,0,,0,0,,0.04,0.92,24.62,[]
/dlsu/goks/cam,/dlsu/goks/cam,0.000000,62579.66488599777,0,,0,0,,0.03,0.82,21.48,[]
/dlsu/goks/cam,/dlsu/goks/cam,0.000000,62579.730842113495,0,,0,0,,0.04,1.29,22.44,[]
/dlsu/goks/cam,/dlsu/goks/cam,0.000000,62579.75745892525,0,,0,0,,0.05,0.84,25.19,[]
/dlsu/goks/cam,/dlsu/goks/cam,0.000000,62579.78401494026,0,,0,0,,0.10,1.24,23.38,[]
/dlsu/goks/cam,/dlsu/goks/cam,0.000000,62579.84931588173,0,,0,0,,0.08,2.35,24.59,[]
/dlsu/goks/cam,/dlsu/goks/cam,0.000000,0,0,,0,0,,0.01,0.00,25.01,[]
/dlsu/goks/cam,/dlsu/goks/cam,0.000000,62579.890829086304,0,,0,0,,0.05,0.96,23.32,[]
/dlsu/goks/cam,/dlsu/goks/cam,0.000000,62579.9406208992,0,,0,0,,0.06,1.64,20.34,[]
/dlsu/goks/cam,/dlsu/goks/cam,0.000000,62579.97085094452,0,,0,0,,0.03,0.76,25.44,[]
/dlsu/goks/cam,/dlsu/goks/cam,0.000000,0,0,,0,0,,0.00,0.00,22.35,[]
/dlsu/goks/cam,/dlsu/goks/cam,0.000000,62580.02626299858,0,,0,0,,0.05,1.10,25.24,[]
/dlsu/goks/cam,/dlsu/goks/cam,0.000000,62580.06736207008,0,,0,0,,0.02,0.64,25.06,[]
/dlsu/goks/cam,/dlsu/goks/cam,0.000000,0,0,,0,0,,0.01,0.00,21.42,[]
/dlsu/goks/cam,/dlsu/goks/cam,0.000000,62580.12699890137,0,,0,0,,0.04,0.96,24.39,[]
/dlsu/goks/cam,/dlsu/goks/cam,0.000000,62580.169831991196,0,,0,0,,0.03,0.80,24.17,[]
/dlsu/goks/cam,/dlsu/goks/cam,0.000000,62580.26041698456,0,,0,0,,0.05,0.62,24.84,[]
/dlsu/goks/cam,/dlsu/goks/cam,0.000000,62580.29275107384,0,,0,0,,0.03,0.90,25.12,[]
/dlsu/goks/cam,/dlsu/goks/cam,0.000000,62580.37151694298,0,,0,0,,0.05,1.09,21.33,[]
/dlsu/goks/cam,/dlsu/goks/cam,0.000000,62580.398039102554,0,,0,0,,0.03,0.83,22.86,[]
/dlsu/goks/cam,/dlsu/goks/cam,0.000000,62580.44069600105,0,,0,0,,0.03,0.84,20.68,[]
/dlsu/goks/cam,/dlsu/goks/cam,0.000000,62580.4851899147,0,,0,0,,0.18,1.71,23.98,[]
/dlsu/goks/cam,/dlsu/goks/cam,0.000000,62580.51462292671,0,,0,0,,0.05,0.71,25.09,[]
/dlsu/goks/cam,/dlsu/goks/cam,0.000000,0,0,,0,0,,0.01,0.00,20.16,[]
/dlsu/goks/cam,/dlsu/goks/cam,0.000000,62580.59034204483,0,,0,0,,0.08,1.98,25.06,[]
/dlsu/goks/cam,/dlsu/goks/cam,0.000000,0,0,,0,0,,0.01,0.00,25.16,[]
/dlsu/goks/cam,/dlsu/goks/cam,0.000000,62580.66027593613,0,,0,0,,0.03,0.78,25.11,[]
/dlsu/goks/cam,/dlsu/goks/cam,0.000000,62580.69066500664,0,,0,0,,0.03,0.81,25.14,[]
/dlsu/goks/cam,/dlsu/goks/cam,0.000000,62580.73200201988,0,,0,0,,0.04,0.41,25.84,[]
/dlsu/goks/cam,/dlsu/goks/cam,0.000000,62580.78026795387,0,,0,0,,0.05,1.26,21.87,[]
/dlsu/goks/cam,/dlsu/goks/cam,0.000000,62580.83118009567,0,,0,0,,0.08,2.60,23.56,[]
/dlsu/goks/cam,/dlsu/goks/cam,0.000000,0,0,,0,0,,0.01,0.00,20.53,[]
/dlsu/goks/cam,/dlsu/goks/cam,0.000000,62580.87422704697,0,,0,0,,0.04,1.27,29.39,[]
/dlsu/goks/cam,/dlsu/goks/cam,0.000000,62580.91505098343,0,,0,0,,4.75,2.34,31.88,[]
/dlsu/goks/cam,/dlsu/goks/cam,0.000000,62580.95674204826,0,,0,0,,0.05,1.00,20.69,[]
/dlsu/goks/cam,/dlsu/goks/cam,0.000000,62580.98369193077,0,,0,0,,0.06,1.94,22.66,[]
/dlsu/goks/cam,/dlsu/goks/cam,0.000000,62581.03148007393,0,,0,0,,0.13,2.24,25.36,[]
/dlsu/goks/cam,/dlsu/goks/cam,0.000000,62581.04690504074,0,,0,0,,0.08,1.26,25.06,[]
/dlsu/goks/cam,/dlsu/goks/cam,0.000000,0,0,,0,0,,0.02,0.00,25.17,[]
/dlsu/goks/cam,/dlsu/goks/cam,0.000000,62581.098099946976,0,,0,0,,0.03,1.05,21.74,[]
/dlsu/goks/cam,/dlsu/goks/cam,0.000000,62581.13148403168,0,,0,0,,0.03,0.85,25.44,[]
/dlsu/goks/cam,/dlsu/goks/cam,0.000000,62581.18524289131,0,,0,0,,0.05,1.63,24.90,[]
/dlsu/goks/cam,/dlsu/goks/cam,0.000000,62581.22215795517,0,,0,0,,0.06,3.25,25.16,[]
/dlsu/goks/cam,/dlsu/goks/cam,0.000000,62581.268954992294,0,,0,0,,0.05,1.02,25.16,[]
/dlsu/goks/cam,/dlsu/goks/cam,0.000000,62581.30532288551,0,,0,0,,0.08,1.23,20.89,[]
/dlsu/goks/cam,/dlsu/goks/cam,0.000000,62581.333756923676,0,,0,0,,0.08,0.78,25.08,[]
/dlsu/goks/cam,/dlsu/goks/cam,0.000000,62581.42378497124,0,,0,0,,0.07,1.56,24.75,[]
/dlsu/goks/cam,/dlsu/goks/cam,0.000000,0,0,,0,0,,0.01,0.00,24.00,[]
/dlsu/goks/cam,/dlsu/goks/cam,0.000000,62581.4809820652,0,,0,0,,0.03,1.05,25.16,[]
/dlsu/goks/cam,/dlsu/goks/cam,0.000000,62581.54483795166,0,,0,0,,0.08,1.99,25.56,[]
/dlsu/goks/cam,/dlsu/goks/cam,0.000000,0,0,,0,0,,0.01,0.00,25.10,[]
/dlsu/goks/cam,/dlsu/goks/cam,0.000000,0,0,,0,0,,0.01,0.00,22.30,[]
/dlsu/goks/cam,/dlsu/goks/cam,0.000000,62581.610766887665,0,,0,0,,0.04,0.99,24.43,[]
/dlsu/goks/cam,/dlsu/goks/cam,0.000000,62581.641026973724,0,,0,0,,0.03,0.94,25.11,[]
/dlsu/goks/cam,/dlsu/goks/cam,0.000000,62581.67405796051,0,,0,0,,0.02,0.82,25.14,[]
/dlsu/goks/cam,/dlsu/goks/cam,0.000000,62581.732290029526,0,,0,0,,0.04,0.89,21.97,[]
/dlsu/goks/cam,/dlsu/goks/cam,0.000000,62581.80467295647,0,,0,0,,0.05,1.59,25.16,[]
/dlsu/goks/cam,/dlsu/goks/cam,0.000000,0,0,,0,0,,0.00,0.00,23.37,[]
/dlsu/goks/cam,/dlsu/goks/cam,0.000000,62581.85527205467,0,,0,0,,0.11,0.64,22.32,[]
/dlsu/goks/cam,/dlsu/goks/cam,0.000000,62581.90436005592,0,,0,0,,0.03,1.00,23.08,[]
/dlsu/goks/cam,/dlsu/goks/cam,0.000000,62581.944200992584,0,,0,0,,0.03,0.81,21.94,[]
/dlsu/goks/cam,/dlsu/goks/cam,0.000000,62581.97954106331,0,,0,0,,0.02,0.98,21.24,[]
/dlsu/goks/cam,/dlsu/goks/cam,0.000000,62582.03431606293,0,,0,0,,0.06,1.86,20.54,[]
/dlsu/goks/cam,/dlsu/goks/cam,0.000000,0,0,,0,0,,0.00,0.00,23.53,[]
/dlsu/goks/cam,/dlsu/goks/cam,0.000000,62582.1022028923,0,,0,0,,0.05,1.66,24.19,[]
/dlsu/goks/cam,/dlsu/goks/cam,0.000000,0,0,,0,0,,0.01,0.00,25.06,[]
/dlsu/goks/cam,/dlsu/goks/cam,0.000000,62582.14695096016,0,,0,0,,0.04,1.25,20.79,[]
/dlsu/goks/cam,/dlsu/goks/cam,0.000000,62582.209089040756,0,,0,0,,0.05,1.47,22.80,[]
/dlsu/goks/cam,/dlsu/goks/cam,0.000000,62582.225148916245,0,,0,0,,0.02,0.71,20.24,[]
/dlsu/goks/cam,/dlsu/goks/cam,0.000000,0,0,,0,0,,0.01,0.00,25.09,[]
/dlsu/goks/cam,/dlsu/goks/cam,0.000000,62582.28102707863,0,,0,0,,0.04,1.90,23.61,[]
/dlsu/goks/cam,/dlsu/goks/cam,0.000000,62582.311969041824,0,,0,0,,0.02,0.70,22.61,[]
/dlsu/goks/cam,/dlsu/goks/cam,0.000000,0,0,,0,0,,0.00,0.00,25.08,[]
/dlsu/goks/cam,/dlsu/goks/cam,0.000000,62582.360183000565,0,,0,0,,0.03,0.75,25.15,[]
/dlsu/goks/cam,/dlsu/goks/cam,0.000000,62582.39784502983,0,,0,0,,0.03,0.79,20.66,[]
/dlsu/goks/cam,/dlsu/goks/cam,0.000000,62582.48463892937,0,,0,0,,0.04,0.85,25.80,[]
/dlsu/goks/cam,/dlsu/goks/cam,0.000000,62582.53110194206,0,,0,0,,0.03,0.89,23.70,[]
/dlsu/goks/cam,/dlsu/goks/cam,0.000000,62582.583236932755,0,,0,0,,0.05,1.87,21.77,[]
/dlsu/goks/cam,/dlsu/goks/cam,0.000000,0,0,,0,0,,0.01,0.00,24.28,[]
/dlsu/goks/cam,/dlsu/goks/cam,0.000000,62582.63121008873,0,,0,0,,0.02,0.69,21.66,[]
/dlsu/goks/cam,/dlsu/goks/cam,0.000000,62582.66783499718,0,,0,0,,0.03,0.95,24.72,[]
/dlsu/goks/cam,/dlsu/goks/cam,0.000000,62582.72411108017,0,,0,0,,0.03,0.95,21.66,[]
/dlsu/goks/cam,/dlsu/goks/cam,0.000000,62582.77708911896,0,,0,0,,0.03,1.06,25.07,[]
/dlsu/goks/cam,/dlsu/goks/cam,0.000000,62582.89809203148,0,,0,0,,0.08,1.80,20.95,[]
/dlsu/goks/cam,/dlsu/goks/cam,0.000000,62582.9113779068,0,,0,0,,0.02,0.79,21.25,[]
/dlsu/goks/cam,/dlsu/goks/cam,0.000000,0,0,,0,0,,0.01,0.00,25.08,[]
/dlsu/goks/cam,/dlsu/goks/cam,0.000000,62582.95961403847,0,,0,0,,0.03,1.02,25.14,[]
/dlsu/goks/cam,/dlsu/goks/cam,0.000000,62583.02211499214,0,,0,0,,0.03,0.73,22.00,[]
/dlsu/goks/cam,/dlsu/goks/cam,0.000000,62583.0777258873,0,,0,0,,0.04,1.91,25.19,[]
/dlsu/goks/cam,/dlsu/goks/cam,0.000000,0,0,,0,0,,0.00,0.00,25.09,[]
/dlsu/goks/cam,/dlsu/goks/cam,0.000000,62583.133852005005,0,,0,0,,0.03,1.21,25.09,[]
/dlsu/goks/cam,/dlsu/goks/cam,0.000000,62583.19528102875,0,,0,0,,0.05,1.60,20.95,[]
/dlsu/goks/cam,/dlsu/goks/cam,0.000000,0,0,,0,0,,0.01,0.00,25.06,[]
/dlsu/goks/cam,/dlsu/goks/cam,0.000000,62583.259988069534,0,,0,0,,0.06,1.51,25.12,[]
/dlsu/goks/cam,/dlsu/goks/cam,0.000000,62583.29164791107,0,,0,0,,0.03,1.06,25.07,[]
/dlsu/goks/cam,/dlsu/goks/cam,0.000000,62583.322804927826,0,,0,0,,0.05,1.00,22.95,[]
/dlsu/goks/cam,/dlsu/goks/cam,0.000000,0,0,,0,0,,0.00,0.00,24.15,[]
/dlsu/goks/cam,/dlsu/goks/cam,0.000000,62583.37068295479,0,,0,0,,0.05,1.18,23.95,[]
/dlsu/goks/cam,/dlsu/goks/cam,0.000000,0,0,,0,0,,0.01,0.00,20.63,[]
/dlsu/goks/cam,/dlsu/goks/cam,0.000000,62583.44116997719,0,,0,0,,0.05,1.35,21.18,[]
/dlsu/goks/cam,/dlsu/goks/cam,0.000000,0,0,,0,0,,0.00,0.00,22.24,[]
/dlsu/goks/cam,/dlsu/goks/cam,0.000000,62583.48593211174,0,,0,0,,0.03,0.93,24.66,[]
/dlsu/goks/cam,/dlsu/goks/cam,0.000000,62583.518244981766,0,,0,0,,0.12,0.81,25.08,[]
/dlsu/goks/cam,/dlsu/goks/cam,0.000000,62583.57467508316,0,,0,0,,0.04,1.32,23.60,[]
/dlsu/goks/cam,/dlsu/goks/cam,0.000000,0,0,,0,0,,0.01,0.00,20.90,[]
/dlsu/goks/cam,/dlsu/goks/cam,0.000000,62583.620640039444,0,,0,0,,0.04,0.80,20.51,[]
/dlsu/goks/cam,/dlsu/goks/cam,0.000000,62583.680596113205,0,,0,0,,0.04,1.03,21.32,[]
/dlsu/goks/cam,/dlsu/goks/cam,0.000000,62583.715249061584,0,,0,0,,0.05,0.75,25.17,[]
/dlsu/goks/cam,/dlsu/goks/cam,0.000000,62583.74627304077,0,,0,0,,0.03,0.73,25.06,[]
/dlsu/goks/cam,/dlsu/goks/cam,0.000000,62583.809926986694,0,,0,0,,0.04,0.83,24.79,[]
/dlsu/goks/cam,/dlsu/goks/cam,0.000000,62583.83584189415,0,,0,0,,0.02,0.78,24.87,[]
/dlsu/goks/cam,/dlsu/goks/cam,0.000000,62583.87871694565,0,,0,0,,0.03,0.83,25.22,[]
/dlsu/goks/cam,/dlsu/goks/cam,0.000000,62583.941210985184,0,,0,0,,0.07,1.47,23.83,[]
/dlsu/goks/cam,/dlsu/goks/cam,0.000000,0,0,,0,0,,0.00,0.00,25.12,[]
/dlsu/goks/cam,/dlsu/goks/cam,0.000000,62584.01752901077,0,,0,0,,0.05,1.08,25.15,[]
/dlsu/goks/cam,/dlsu/goks/cam,0.000000,62584.046411037445,0,,0,0,,0.08,0.99,21.14,[]
/dlsu/goks/cam,/dlsu/goks/cam,0.000000,62584.112621068954,0,,0,0,,0.03,1.47,21.63,[]
/dlsu/goks/cam,/dlsu/goks/cam,0.000000,62584.1836540699,0,,0,0,,0.06,1.81,20.65,[]
/dlsu/goks/cam,/dlsu/goks/cam,0.000000,0,0,,0,0,,0.01,0.00,20.73,[]
/dlsu/goks/cam,/dlsu/goks/cam,0.000000,62584.217181921005,0,,0,0,,0.05,1.25,25.14,[]
/dlsu/goks/cam,/dlsu/goks/cam,0.000000,62584.28065800667,0,,0,0,,0.05,0.99,25.24,[]
/dlsu/goks/cam,/dlsu/goks/cam,0.000000,62584.344048023224,0,,0,0,,0.05,1.41,21.28,[]
/dlsu/goks/cam,/dlsu/goks/cam,0.000000,0,0,,0,0,,0.00,0.00,24.01,[]
/dlsu/goks/cam,/dlsu/goks/cam,0.000000,62584.41436600685,0,,0,0,,0.05,1.15,25.18,[]
/dlsu/goks/cam,/dlsu/goks/cam,0.000000,62584.4826939106,0,,0,0,,0.07,1.15,20.79,[]
/dlsu/goks/cam,/dlsu/goks/cam,0.000000,0,0,,0,0,,0.01,0.00,22.58,[]
/dlsu/goks/cam,/dlsu/goks/cam,0.000000,62584.518002033234,0,,0,0,,0.03,1.05,24.86,[]
/dlsu/goks/cam,/dlsu/goks/cam,0.000000,62584.55459403992,0,,0,0,,0.02,0.97,25.16,[]
/dlsu/goks/cam,/dlsu/goks/cam,0.000000,62584.60254406929,0,,0,0,,0.03,0.67,24.93,[]
/dlsu/goks/cam,/dlsu/goks/cam,0.000000,62584.65845489502,0,,0,0,,0.11,1.61,24.74,[]
/dlsu/goks/cam,/dlsu/goks/cam,0.000000,0,0,,0,0,,0.01,0.00,25.09,[]
/dlsu/goks/cam,/dlsu/goks/cam,0.000000,62584.72548389435,0,,0,0,,0.05,1.48,25.14,[]
/dlsu/goks/cam,/dlsu/goks/cam,0.000000,0,0,,0,0,,0.00,0.00,21.86,[]
/dlsu/goks/cam,/dlsu/goks/cam,0.000000,62584.776540994644,0,,0,0,,0.04,0.76,24.91,[]
/dlsu/goks/cam,/dlsu/goks/cam,0.000000,62584.80453109741,0,,0,0,,0.02,0.93,22.86,[]
/dlsu/goks/cam,/dlsu/goks/cam,0.000000,62584.847923994064,0,,0,0,,0.03,0.79,24.51,[]
/dlsu/goks/cam,/dlsu/goks/cam,0.000000,62584.87922811508,0,,0,0,,0.03,0.88,22.76,[]
/dlsu/goks/cam,/dlsu/goks/cam,0.000000,62584.92013192177,0,,0,0,,0.03,0.72,22.74,[]
/dlsu/goks/cam,/dlsu/goks/cam,0.000000,62584.95229291916,0,,0,0,,0.02,0.81,25.08,[]
/dlsu/goks/cam,/dlsu/goks/cam,0.000000,62584.98407506943,0,,0,0,,0.05,0.87,21.39,[]
/dlsu/goks/cam,/dlsu/goks/cam,0.000000,62585.03831601143,0,,0,0,,0.13,1.18,25.14,[]
/dlsu/goks/cam,/dlsu/goks/cam,0.000000,62585.08342003822,0,,0,0,,0.03,1.02,20.80,[]
/dlsu/goks/cam,/dlsu/goks/cam,0.000000,62585.15143990517,0,,0,0,,0.04,1.49,21.56,[]
/dlsu/goks/cam,/dlsu/goks/cam,0.000000,0,0,,0,0,,0.00,0.00,24.30,[]
/dlsu/goks/cam,/dlsu/goks/cam,0.000000,62585.221209049225,0,,0,0,,0.05,1.89,22.51,[]
/dlsu/goks/cam,/dlsu/goks/cam,0.000000,0,0,,0,0,,0.00,0.00,23.12,[]
/dlsu/goks/cam,/dlsu/goks/cam,0.000000,62585.2537651062,0,,0,0,,0.02,0.76,25.16,[]
/dlsu/goks/cam,/dlsu/goks/cam,0.000000,62585.31712388992,0,,0,0,,0.03,0.77,25.14,[]
/dlsu/goks/cam,/dlsu/goks/cam,0.000000,62585.34854006767,0,,0,0,,0.05,0.84,20.34,[]
/dlsu/goks/cam,/dlsu/goks/cam,0.000000,62585.39486002922,0,,0,0,,0.04,1.14,25.05,[]
/dlsu/goks/cam,/dlsu/goks/cam,0.000000,62585.4480369091,0,,0,0,,0.06,1.57,20.41,[]
/dlsu/goks/cam,/dlsu/goks/cam,0.000000,0,0,,0,0,,0.01,0.00,23.09,[]
/dlsu/goks/cam,/dlsu/goks/cam,0.000000,62585.506705999374,0,,0,0,,0.05,0.77,20.73,[]
/dlsu/goks/cam,/dlsu/goks/cam,0.000000,62585.538779973984,0,,0,0,,0.05,0.91,20.87,[]
/dlsu/goks/cam,/dlsu/goks/cam,0.000000,62585.59573793411,0,,0,0,,0.03,0.75,23.08,[]
/dlsu/goks/cam,/dlsu/goks/cam,0.000000,62585.62256193161,0,,0,0,,0.04,1.01,23.82,[]
/dlsu/goks/cam,/dlsu/goks/cam,0.000000,62585.66453909874,0,,0,0,,0.03,0.99,20.88,[]
/dlsu/goks/cam,/dlsu/goks/cam,0.000000,62585.7192800045,0,,0,0,,0.04,0.85,24.79,[]
/dlsu/goks/cam,/dlsu/goks/cam,0.000000,62585.750993967056,0,,0,0,,0.03,0.73,25.14,[]
/dlsu/goks/cam,/dlsu/goks/cam,0.000000,62585.81402993202,0,,0,0,,0.07,1.56,22.33,[]
/dlsu/goks/cam,/dlsu/goks/cam,0.000000,0,0,,0,0,,0.00,0.00,23.53,[]
/dlsu/goks/cam,/dlsu/goks/cam,0.000000,62585.89457702637,0,,0,0,,0.05,0.79,24.01,[]
/dlsu/goks/cam,/dlsu/goks/cam,0.000000,62585.93273305893,0,,0,0,,0.02,0.85,21.36,[]
/dlsu/goks/cam,/dlsu/goks/cam,0.000000,62585.96460199356,0,,0,0,,0.02,0.78,20.68,[]
/dlsu/goks/cam,/dlsu/goks/cam,0.000000,62586.014604091644,0,,0,0,,0.04,0.91,22.20,[]
/dlsu/goks/cam,/dlsu/goks/cam,0.000000,62586.04499197006,0,,0,0,,0.01,0.92,25.21,[]
/dlsu/goks/cam,/dlsu/goks/cam,0.000000,62586.08742904663,0,,0,0,,0.03,0.80,23.44,[]
/dlsu/goks/cam,/dlsu/goks/cam,0.000000,62586.14248609543,0,,0,0,,0.05,1.77,20.76,[]
/dlsu/goks/cam,/dlsu/goks/cam,0.000000,0,0,,0,0,,0.01,0.00,25.06,[]
/dlsu/goks/cam,/dlsu/goks/cam,0.000000,62586.174359083176,0,,0,0,,0.03,0.72,23.11,[]
/dlsu/goks/cam,/dlsu/goks/cam,0.000000,62586.20428991318,0,,0,0,,0.03,0.94,25.14,[]
/dlsu/goks/cam,/dlsu/goks/cam,0.000000,62586.23626589775,0,,0,0,,0.03,0.86,25.14,[]
/dlsu/goks/cam,/dlsu/goks/cam,0.000000,62586.27496910095,0,,0,0,,0.04,1.02,24.96,[]
/dlsu/goks/cam,/dlsu/goks/cam,0.000000,62586.31069588661,0,,0,0,,0.03,0.92,25.25,[]
/dlsu/goks/cam,/dlsu/goks/cam,0.000000,62586.35267305374,0,,0,0,,0.03,0.81,20.61,[]
/dlsu/goks/cam,/dlsu/goks/cam,0.000000,62586.432707071304,0,,0,0,,0.05,1.57,20.68,[]
/dlsu/goks/cam,/dlsu/goks/cam,0.000000,0,0,,0,0,,0.01,0.00,25.13,[]
/dlsu/goks/cam,/dlsu/goks/cam,0.000000,62586.49108195305,0,,0,0,,0.04,1.12,25.26,[]
/dlsu/goks/cam,/dlsu/goks/cam,0.000000,62586.56380701065,0,,0,0,,0.05,2.21,21.90,[]
/dlsu/goks/cam,/dlsu/goks/cam,0.000000,62586.5791220665,0,,0,0,,0.02,0.74,25.07,[]
/dlsu/goks/cam,/dlsu/goks/cam,0.000000,0,0,,0,0,,0.01,0.00,24.21,[]
/dlsu/goks/cam,/dlsu/goks/cam,0.000000,62586.64359688759,0,,0,0,,0.03,0.49,26.01,[]
/dlsu/goks/cam,/dlsu/goks/cam,0.000000,62586.722578048706,0,,0,0,,0.04,0.96,25.19,[]
/dlsu/goks/cam,/dlsu/goks/cam,0.000000,62586.755950927734,0,,0,0,,0.04,0.77,21.46,[]
/dlsu/goks/cam,/dlsu/goks/cam,0.000000,62586.82867002487,0,,0,0,,0.06,1.99,24.96,[]
/dlsu/goks/cam,/dlsu/goks/cam,0.000000,0,0,,0,0,,0.01,0.00,24.98,[]
/dlsu/goks/cam,/dlsu/goks/cam,0.000000,62586.86211705208,0,,0,0,,0.05,0.71,25.38,[]
/dlsu/goks/cam,/dlsu/goks/cam,0.000000,62586.9116859436,0,,0,0,,0.03,0.76,25.16,[]
/dlsu/goks/cam,/dlsu/goks/cam,0.000000,62586.9529569149,0,,0,0,,0.03,0.96,24.53,[]
/dlsu/goks/cam,/dlsu/goks/cam,0.000000,62587.05607295036,0,,0,0,,0.05,1.49,25.21,[]
/dlsu/goks/cam,/dlsu/goks/cam,0.000000,0,0,,0,0,,0.00,0.00,23.19,[]
/dlsu/goks/cam,/dlsu/goks/cam,0.000000,62587.11310505867,0,,0,0,,0.04,1.05,25.19,[]
/dlsu/goks/cam,/dlsu/goks/cam,0.000000,62587.152044057846,0,,0,0,,0.03,0.88,21.15,[]
/dlsu/goks/cam,/dlsu/goks/cam,0.000000,62587.18781590462,0,,0,0,,0.02,0.71,24.41,[]
/dlsu/goks/cam,/dlsu/goks/cam,0.000000,62587.23442697525,0,,0,0,,0.04,0.92,25.17,[]
/dlsu/goks/cam,/dlsu/goks/cam,0.000000,62587.26705789566,0,,0,0,,0.03,0.76,25.10,[]
/dlsu/goks/cam,/dlsu/goks/cam,0.000000,62587.31124305725,0,,0,0,,0.03,0.84,25.15,[]
/dlsu/goks/cam,/dlsu/goks/cam,0.000000,62587.44734311104,0,,0,0,,0.06,0.86,22.34,[]
/dlsu/goks/cam,/dlsu/goks/cam,0.000000,62587.50026988983,0,,0,0,,0.04,1.13,20.38,[]
/dlsu/goks/cam,/dlsu/goks/cam,0.000000,62587.55410504341,0,,0,0,,0.03,0.83,22.30,[]
/dlsu/goks/cam,/dlsu/goks/cam,0.000000,62587.624290943146,0,,0,0,,0.07,1.61,20.71,[]
/dlsu/goks/cam,/dlsu/goks/cam,0.000000,62587.64785408974,0,,0,0,,0.03,0.76,23.21,[]
/dlsu/goks/cam,/dlsu/goks/cam,0.000000,0,0,,0,0,,0.00,0.00,20.47,[]
/dlsu/goks/cam,/dlsu/goks/cam,0.000000,62587.86139893532,0,,0,0,,0.11,1.58,25.20,[]
/dlsu/goks/cam,/dlsu/goks/cam,0.000000,0,0,,0,0,,0.01,0.00,25.10,[]
/dlsu/goks/cam,/dlsu/goks/cam,0.000000,62587.90675806999,0,,0,0,,0.04,1.06,21.06,[]
/dlsu/goks/cam,/dlsu/goks/cam,0.000000,62587.94956588745,0,,0,0,,0.02,0.89,25.13,[]
/dlsu/goks/cam,/dlsu/goks/cam,0.000000,62588.010931015015,0,,0,0,,0.04,1.26,25.58,[]
/dlsu/goks/cam,/dlsu/goks/cam,0.000000,0,0,,0,0,,0.00,0.00,24.46,[]
/dlsu/goks/cam,/dlsu/goks/cam,0.000000,62588.06492805481,0,,0,0,,0.06,1.25,25.17,[]
/dlsu/goks/cam,/dlsu/goks/cam,0.000000,0,0,,0,0,,0.01,0.00,22.25,[]
/dlsu/goks/cam,/dlsu/goks/cam,0.000000,62588.140166044235,0,,0,0,,0.05,1.39,25.14,[]
/dlsu/goks/cam,/dlsu/goks/cam,0.000000,0,0,,0,0,,0.00,0.00,22.69,[]
/dlsu/goks/cam,/dlsu/goks/cam,0.000000,62588.19498205185,0,,0,0,,0.06,1.01,23.02,[]
/dlsu/goks/cam,/dlsu/goks/cam,0.000000,62588.25321793556,0,,0,0,,0.04,0.79,24.23,[]
/dlsu/goks/cam,/dlsu/goks/cam,0.000000,62588.28021788597,0,,0,0,,0.02,0.98,25.19,[]
/dlsu/goks/cam,/dlsu/goks/cam,0.000000,62588.35356903076,0,,0,0,,0.04,0.75,20.25,[]
/dlsu/goks/cam,/dlsu/goks/cam,0.000000,0,0,,0,0,,0.01,0.00,25.06,[]
/dlsu/goks/cam,/dlsu/goks/cam,0.000000,62588.41266298294,0,,0,0,,0.05,1.68,22.30,[]
/dlsu/goks/cam,/dlsu/goks/cam,0.000000,0,0,,0,0,,0.01,0.00,25.08,[]
/dlsu/goks/cam,/dlsu/goks/cam,0.000000,62588.46290707588,0,,0,0,,0.02,0.83,25.45,[]
/dlsu/goks/cam,/dlsu/goks/cam,0.000000,62588.50960302353,0,,0,0,,0.04,1.33,25.19,[]
/dlsu/goks/cam,/dlsu/goks/cam,0.000000,0,0,,0,0,,0.01,0.00,25.10,[]
/dlsu/goks/cam,/dlsu/goks/cam,0.000000,62588.57621908188,0,,0,0,,0.06,1.40,25.09,[]
/dlsu/goks/cam,/dlsu/goks/cam,0.000000,0,0,,0,0,,0.01,0.00,25.05,[]
/dlsu/goks/cam,/dlsu/goks/cam,0.000000,62588.63058400154,0,,0,0,,0.03,1.10,21.28,[]
/dlsu/goks/cam,/dlsu/goks/cam,0.000000,62588.69196009636,0,,0,0,,0.04,0.77,21.81,[]
/dlsu/goks/cam,/dlsu/goks/cam,0.000000,62588.71834206581,0,,0,0,,0.04,0.76,20.86,[]
/dlsu/goks/cam,/dlsu/goks/cam,0.000000,62588.80363488197,0,,0,0,,0.05,1.04,23.58,[]
/dlsu/goks/cam,/dlsu/goks/cam,0.000000,62588.867491960526,0,,0,0,,0.05,1.67,25.14,[]
/dlsu/goks/cam,/dlsu/goks/cam,0.000000,0,0,,0,0,,0.01,0.00,24.04,[]
/dlsu/goks/cam,/dlsu/goks/cam,0.000000,62588.970963954926,0,,0,0,,0.05,1.21,25.15,[]
/dlsu/goks/cam,/dlsu/goks/cam,0.000000,62589.032522916794,0,,0,0,,0.04,1.47,22.23,[]
/dlsu/goks/cam,/dlsu/goks/cam,0.000000,0,0,,0,0,,0.01,0.00,22.65,[]
/dlsu/goks/cam,/dlsu/goks/cam,0.000000,62589.10011291504,0,,0,0,,0.04,1.73,20.49,[]
/dlsu/goks/cam,/dlsu/goks/cam,0.000000,0,0,,0,0,,0.00,0.00,25.05,[]
/dlsu/goks/cam,/dlsu/goks/cam,0.000000,62589.16072297096,0,,0,0,,0.09,1.09,23.44,[]
/dlsu/goks/cam,/dlsu/goks/cam,0.000000,62589.276285886765,0,,0,0,,0.08,1.85,21.85,[]
/dlsu/goks/cam,/dlsu/goks/cam,0.000000,0,0,,0,0,,0.01,0.00,24.28,[]
/dlsu/goks/cam,/dlsu/goks/cam,0.000000,62589.33425998688,0,,0,0,,0.04,1.07,25.15,[]
/dlsu/goks/cam,/dlsu/goks/cam,0.000000,62589.37773394585,0,,0,0,,0.03,0.94,25.13,[]
/dlsu/goks/cam,/dlsu/goks/cam,0.000000,62589.43589711189,0,,0,0,,0.03,0.73,20.58,[]
/dlsu/goks/cam,/dlsu/goks/cam,0.000000,62589.482525110245,0,,0,0,,0.03,0.86,25.20,[]
/dlsu/goks/cam,/dlsu/goks/cam,0.000000,62589.524689912796,0,,0,0,,0.03,1.25,25.12,[]
/dlsu/goks/cam,/dlsu/goks/cam,0.000000,0,0,,0,0,,0.00,0.00,25.74,[]
/dlsu/goks/cam,/dlsu/goks/cam,0.000000,62589.62155795097,0,,0,0,,0.34,4.88,30.11,[]
/dlsu/goks/cam,/dlsu/goks/cam,0.000000,62589.66803598404,0,,0,0,,0.26,14.83,28.44,[]
/dlsu/goks/cam,/dlsu/goks/cam,0.000000,0,0,,0,0,,0.03,0.00,22.58,[]
/dlsu/goks/cam,/dlsu/goks/cam,0.000000,0,0,,0,0,,0.01,0.00,21.40,[]
/dlsu/goks/cam,/dlsu/goks/cam,0.000000,62589.7392809391,0,,0,0,,0.36,2.07,25.15,[]
/dlsu/goks/cam,/dlsu/goks/cam,0.000000,62589.766922950745,0,,0,0,,0.08,1.28,25.73,[]
/dlsu/goks/cam,/dlsu/goks/cam,0.000000,62589.8058180809,0,,0,0,,0.04,1.09,21.35,[]
/dlsu/goks/cam,/dlsu/goks/cam,0.000000,62589.85073208809,0,,0,0,,0.03,0.86,25.17,[]
/dlsu/goks/cam,/dlsu/goks/cam,0.000000,62589.88855099678,0,,0,0,,0.03,1.03,22.18,[]
/dlsu/goks/cam,/dlsu/goks/cam,0.000000,62589.954240083694,0,,0,0,,0.05,1.63,25.20,[]
/dlsu/goks/cam,/dlsu/goks/cam,0.000000,0,0,,0,0,,0.01,0.00,25.12,[]
/dlsu/goks/cam,/dlsu/goks/cam,0.000000,62590.013822078705,0,,0,0,,0.04,1.17,22.89,[]
/dlsu/goks/cam,/dlsu/goks/cam,0.000000,62590.07350111008,0,,0,0,,0.07,2.02,25.15,[]
/dlsu/goks/cam,/dlsu/goks/cam,0.000000,0,0,,0,0,,0.01,0.00,25.10,[]
/dlsu/goks/cam,/dlsu/goks/cam,0.000000,62590.12798190117,0,,0,0,,0.03,0.90,25.06,[]
/dlsu/goks/cam,/dlsu/goks/cam,0.000000,62590.2081348896,0,,0,0,,0.06,2.07,23.94,[]
/dlsu/goks/cam,/dlsu/goks/cam,0.000000,0,0,,0,0,,0.01,0.00,20.18,[]
/dlsu/goks/cam,/dlsu/goks/cam,0.000000,62590.25135207176,0,,0,0,,0.12,0.89,25.07,[]
/dlsu/goks/cam,/dlsu/goks/cam,0.000000,62590.30279493332,0,,0,0,,0.03,1.16,23.87,[]
/dlsu/goks/cam,/dlsu/goks/cam,0.000000,62590.3351149559,0,,0,0,,0.04,0.83,22.07,[]
/dlsu/goks/cam,/dlsu/goks/cam,0.000000,62590.3636610508,0,,0,0,,0.04,1.01,21.48,[]
/dlsu/goks/cam,/dlsu/goks/cam,0.000000,62590.42651605606,0,,0,0,,0.04,1.00,25.20,[]
/dlsu/goks/cam,/dlsu/goks/cam,0.000000,62590.52737402916,0,,0,0,,0.09,1.11,25.28,[]
/dlsu/goks/cam,/dlsu/goks/cam,0.000000,62590.56013703346,0,,0,0,,0.03,0.81,25.10,[]
/dlsu/goks/cam,/dlsu/goks/cam,0.000000,62590.61569404602,0,,0,0,,0.03,0.81,24.64,[]
/dlsu/goks/cam,/dlsu/goks/cam,0.000000,62590.66820693016,0,,0,0,,0.04,0.51,24.84,[]
/dlsu/goks/cam,/dlsu/goks/cam,0.000000,62590.722084999084,0,,0,0,,0.04,1.37,22.55,[]
/dlsu/goks/cam,/dlsu/goks/cam,0.000000,0,0,,0,0,,0.01,0.00,24.11,[]
/dlsu/goks/cam,/dlsu/goks/cam,0.000000,62590.78035402298,0,,0,0,,0.03,0.95,21.63,[]
/dlsu/goks/cam,/dlsu/goks/cam,0.000000,62590.81469297409,0,,0,0,,0.03,0.96,25.17,[]
/dlsu/goks/cam,/dlsu/goks/cam,0.000000,62590.893893003464,0,,0,0,,0.05,1.60,20.82,[]
/dlsu/goks/cam,/dlsu/goks/cam,0.000000,0,0,,0,0,,0.01,0.00,25.07,[]
/dlsu/goks/cam,/dlsu/goks/cam,0.000000,62590.94352197647,0,,0,0,,0.02,1.07,25.29,[]
/dlsu/goks/cam,/dlsu/goks/cam,0.000000,62590.98379397392,0,,0,0,,0.02,0.78,25.13,[]
/dlsu/goks/cam,/dlsu/goks/cam,0.000000,62597.888060092926,0,,0,0,,0.66,1.66,20.37,[]
/dlsu/goks/cam,/dlsu/goks/cam,0.000000,62597.93538689613,0,,0,0,,0.06,1.69,21.20,[]
/dlsu/goks/cam,/dlsu/goks/cam,0.000000,0,0,,0,0,,0.01,0.00,25.07,[]
/dlsu/goks/cam,/dlsu/goks/cam,0.000000,62598.06195688248,0,,0,0,,0.08,1.75,22.30,[]
/dlsu/goks/cam,/dlsu/goks/cam,0.000000,0,0,,0,0,,0.01,0.00,24.06,[]
/dlsu/goks/cam,/dlsu/goks/cam,0.000000,62598.11424803734,0,,0,0,,0.04,1.53,25.20,[]
/dlsu/goks/cam,/dlsu/goks/cam,0.000000,62598.17255806923,0,,0,0,,0.04,1.63,21.66,[]
/dlsu/goks/cam,/dlsu/goks/cam,0.000000,62598.19626498222,0,,0,0,,0.03,0.95,22.03,[]
/dlsu/goks/cam,/dlsu/goks/cam,0.000000,0,0,,0,0,,0.01,0.00,25.09,[]
/dlsu/goks/cam,/dlsu/goks/cam,0.000000,62598.23795795441,0,,0,0,,0.03,0.82,22.34,[]
/dlsu/goks/cam,/dlsu/goks/cam,0.000000,62598.26346993446,0,,0,0,,0.03,1.15,25.14,[]
/dlsu/goks/cam,/dlsu/goks/cam,0.000000,62598.312597990036,0,,0,0,,0.04,1.80,24.82,[]
/dlsu/goks/cam,/dlsu/goks/cam,0.000000,62598.344141960144,0,,0,0,,0.06,0.00,21.77,[]
/dlsu/goks/cam,/dlsu/goks/cam,0.000000,0,0,,0,0,,0.01,0.00,20.96,[]
/dlsu/goks/cam,/dlsu/goks/cam,0.000000,62598.41983294487,0,,0,0,,0.05,0.90,24.26,[]
/dlsu/goks/cam,/dlsu/goks/cam,0.000000,62598.4629740715,0,,0,0,,0.03,0.68,25.11,[]
/dlsu/goks/cam,/dlsu/goks/cam,0.000000,62598.5125310421,0,,0,0,,0.03,0.99,23.38,[]
/dlsu/goks/cam,/dlsu/goks/cam,0.000000,62598.57077097893,0,,0,0,,0.04,0.85,23.13,[]
/dlsu/goks/cam,/dlsu/goks/cam,0.000000,62598.64719200134,0,,0,0,,0.06,2.21,24.81,[]
/dlsu/goks/cam,/dlsu/goks/cam,0.000000,0,0,,0,0,,0.00,0.00,25.13,[]
/dlsu/goks/cam,/dlsu/goks/cam,0.000000,62598.71446990967,0,,0,0,,0.07,1.75,20.96,[]
/dlsu/goks/cam,/dlsu/goks/cam,0.000000,0,0,,0,0,,0.01,0.00,25.07,[]
/dlsu/goks/cam,/dlsu/goks/cam,0.000000,62598.76497197151,0,,0,0,,0.07,1.70,25.10,[]
/dlsu/goks/cam,/dlsu/goks/cam,0.000000,0,0,,0,0,,0.00,0.00,24.88,[]
/dlsu/goks/cam,/dlsu/goks/cam,0.000000,62598.84768295288,0,,0,0,,0.04,0.87,25.09,[]
/dlsu/goks/cam,/dlsu/goks/cam,0.000000,62598.89813899994,0,,0,0,,0.05,1.57,23.86,[]
/dlsu/goks/cam,/dlsu/goks/cam,0.000000,62598.906615018845,0,,0,0,,0.02,0.35,24.28,[]
/dlsu/goks/cam,/dlsu/goks/cam,0.000000,0,0,,0,0,,0.01,0.00,25.08,[]
/dlsu/goks/cam,/dlsu/goks/cam,0.000000,62599.06614494324,0,,0,0,,0.08,0.93,25.15,[]
/dlsu/goks/cam,/dlsu/goks/cam,0.000000,62599.10324597359,0,,0,0,,0.03,0.94,21.13,[]
/dlsu/goks/cam,/dlsu/goks/cam,0.000000,62599.18473601341,0,,0,0,,0.05,0.84,25.17,[]
/dlsu/goks/cam,/dlsu/goks/cam,0.000000,62599.230571985245,0,,0,0,,0.05,1.06,23.81,[]
/dlsu/goks/cam,/dlsu/goks/cam,0.000000,62599.271075963974,0,,0,0,,0.03,0.93,23.03,[]
/dlsu/goks/cam,/dlsu/goks/cam,0.000000,62599.3308300972,0,,0,0,,0.04,1.73,21.47,[]
/dlsu/goks/cam,/dlsu/goks/cam,0.000000,62599.34490609169,0,,0,0,,0.02,1.35,23.72,[]
/dlsu/goks/cam,/dlsu/goks/cam,0.000000,62599.371592998505,0,,0,0,,0.04,1.35,21.54,[]
/dlsu/goks/cam,/dlsu/goks/cam,0.000000,0,0,,0,0,,0.01,0.00,21.16,[]
/dlsu/goks/cam,/dlsu/goks/cam,0.000000,62599.407198905945,0,,0,0,,0.03,0.82,22.82,[]
/dlsu/goks/cam,/dlsu/goks/cam,0.000000,62599.43775892258,0,,0,0,,0.04,0.91,22.30,[]
/dlsu/goks/cam,/dlsu/goks/cam,0.000000,62599.50384807587,0,,0,0,,0.05,1.58,21.54,[]
/dlsu/goks/cam,/dlsu/goks/cam,0.000000,0,0,,0,0,,0.01,0.00,22.40,[]
/dlsu/goks/cam,/dlsu/goks/cam,0.000000,62599.54437994957,0,,0,0,,0.04,1.20,25.10,[]
/dlsu/goks/cam,/dlsu/goks/cam,0.000000,62599.57664895058,0,,0,0,,0.04,0.81,20.68,[]
/dlsu/goks/cam,/dlsu/goks/cam,0.000000,62599.61814904213,0,,0,0,,0.03,0.73,25.20,[]
/dlsu/goks/cam,/dlsu/goks/cam,0.000000,62599.66191196442,0,,0,0,,0.03,0.81,25.06,[]
/dlsu/goks/cam,/dlsu/goks/cam,0.000000,62599.73926091194,0,,0,0,,0.05,0.49,21.96,[]
/dlsu/goks/cam,/dlsu/goks/cam,0.000000,62599.80942797661,0,,0,0,,1.01,2.56,26.05,[]
/dlsu/goks/cam,/dlsu/goks/cam,0.000000,62599.907699108124,0,,0,0,,0.17,1.83,20.58,[]
/dlsu/goks/cam,/dlsu/goks/cam,0.000000,62599.95394396782,0,,0,0,,0.06,2.21,25.16,[]
/dlsu/goks/cam,/dlsu/goks/cam,0.000000,62599.998025894165,0,,0,0,,0.22,1.41,25.24,[]
/dlsu/goks/cam,/dlsu/goks/cam,0.000000,62600.03217601776,0,,0,0,,0.11,1.24,25.63,[]
/dlsu/goks/cam,/dlsu/goks/cam,0.000000,62600.11050796509,0,,0,0,,0.07,1.61,20.42,[]
/dlsu/goks/cam,/dlsu/goks/cam,0.000000,0,0,,0,0,,0.01,0.00,24.76,[]
/dlsu/goks/cam,/dlsu/goks/cam,0.000000,62600.18776893616,0,,0,0,,0.05,1.21,23.61,[]
/dlsu/goks/cam,/dlsu/goks/cam,0.000000,0,0,,0,0,,0.01,0.00,24.05,[]
/dlsu/goks/cam,/dlsu/goks/cam,0.000000,62600.26870894432,0,,0,0,,0.06,1.03,24.14,[]
/dlsu/goks/cam,/dlsu/goks/cam,0.000000,0,0,,0,0,,0.01,0.00,25.09,[]
/dlsu/goks/cam,/dlsu/goks/cam,0.000000,62600.319107055664,0,,0,0,,0.04,0.77,24.95,[]
/dlsu/goks/cam,/dlsu/goks/cam,0.000000,62600.35214591026,0,,0,0,,0.14,0.76,23.43,[]
/dlsu/goks/cam,/dlsu/goks/cam,0.000000,62600.401624917984,0,,0,0,,0.03,1.43,25.07,[]
/dlsu/goks/cam,/dlsu/goks/cam,0.000000,0,0,,0,0,,0.01,0.00,21.00,[]
/dlsu/goks/cam,/dlsu/goks/cam,0.000000,62600.46024394035,0,,0,0,,0.04,1.48,24.90,[]
/dlsu/goks/cam,/dlsu/goks/cam,0.000000,0,0,,0,0,,0.00,0.00,25.05,[]
/dlsu/goks/cam,/dlsu/goks/cam,0.000000,62600.531249046326,0,,0,0,,0.05,1.49,25.00,[]
/dlsu/goks/cam,/dlsu/goks/cam,0.000000,0,0,,0,0,,0.01,0.00,23.95,[]
/dlsu/goks/cam,/dlsu/goks/cam,0.000000,62600.57157111168,0,,0,0,,0.03,0.83,22.76,[]
/dlsu/goks/cam,/dlsu/goks/cam,0.000000,62600.598397016525,0,,0,0,,0.03,0.87,20.22,[]
/dlsu/goks/cam,/dlsu/goks/cam,0.000000,62600.635607004166,0,,0,0,,0.03,0.92,25.06,[]
/dlsu/goks/cam,/dlsu/goks/cam,0.000000,62600.697767972946,0,,0,0,,0.09,1.77,25.47,[]
/dlsu/goks/cam,/dlsu/goks/cam,0.000000,62600.71377205849,0,,0,0,,0.02,0.97,24.71,[]
/dlsu/goks/cam,/dlsu/goks/cam,0.000000,0,0,,0,0,,0.01,0.00,24.28,[]
/dlsu/goks/cam,/dlsu/goks/cam,0.000000,62600.76258111,0,,0,0,,0.09,1.02,22.57,[]
/dlsu/goks/cam,/dlsu/goks/cam,0.000000,62600.85092997551,0,,0,0,,0.05,0.91,25.15,[]
/dlsu/goks/cam,/dlsu/goks/cam,0.000000,62600.89770293236,0,,0,0,,0.03,0.77,20.76,[]
/dlsu/goks/cam,/dlsu/goks/cam,0.000000,62600.93924188614,0,,0,0,,0.03,0.92,21.50,[]
/dlsu/goks/cam,/dlsu/goks/cam,0.000000,62600.99080300331,0,,0,0,,0.04,1.54,25.15,[]
/dlsu/goks/cam,/dlsu/goks/cam,0.000000,0,0,,0,0,,0.01,0.00,25.09,[]
/dlsu/goks/cam,/dlsu/goks/cam,0.000000,62601.05270409584,0,,0,0,,0.05,0.62,23.65,[]
/dlsu/goks/cam,/dlsu/goks/cam,0.000000,62601.13139510155,0,,0,0,,0.04,0.83,25.13,[]
/dlsu/goks/cam,/dlsu/goks/cam,0.000000,62601.17203092575,0,,0,0,,0.03,0.75,25.17,[]
/dlsu/goks/cam,/dlsu/goks/cam,0.000000,62601.198299884796,0,,0,0,,0.03,0.81,21.45,[]
/dlsu/goks/cam,/dlsu/goks/cam,0.000000,62601.252026081085,0,,0,0,,0.04,0.89,25.18,[]
/dlsu/goks/cam,/dlsu/goks/cam,0.000000,62601.33170294762,0,,0,0,,0.06,1.56,20.54,[]
/dlsu/goks/cam,/dlsu/goks/cam,0.000000,0,0,,0,0,,0.01,0.00,25.08,[]
/dlsu/goks/cam,/dlsu/goks/cam,0.000000,62601.39295196533,0,,0,0,,0.04,0.84,25.10,[]
/dlsu/goks/cam,/dlsu/goks/cam,0.000000,62601.458913087845,0,,0,0,,0.06,1.81,20.18,[]
/dlsu/goks/cam,/dlsu/goks/cam,0.000000,0,0,,0,0,,0.01,0.00,25.07,[]
/dlsu/goks/cam,/dlsu/goks/cam,0.000000,62601.52263998985,0,,0,0,,0.04,1.12,25.18,[]
/dlsu/goks/cam,/dlsu/goks/cam,0.000000,62601.57924294472,0,,0,0,,0.05,1.93,22.08,[]
/dlsu/goks/cam,/dlsu/goks/cam,0.000000,0,0,,0,0,,0.00,0.00,20.58,[]
/dlsu/goks/cam,/dlsu/goks/cam,0.000000,62601.611520051956,0,,0,0,,0.03,0.84,25.07,[]
/dlsu/goks/cam,/dlsu/goks/cam,0.000000,62601.75677108765,0,,0,0,,0.08,1.90,22.58,[]
/dlsu/goks/cam,/dlsu/goks/cam,0.000000,62601.77300810814,0,,0,0,,0.02,0.86,25.18,[]
/dlsu/goks/cam,/dlsu/goks/cam,0.000000,0,0,,0,0,,0.02,0.00,24.11,[]
/dlsu/goks/cam,/dlsu/goks/cam,0.000000,62601.85000491142,0,,0,0,,0.05,1.70,23.51,[]
/dlsu/goks/cam,/dlsu/goks/cam,0.000000,0,0,,0,0,,0.01,0.00,20.36,[]
/dlsu/goks/cam,/dlsu/goks/cam,0.000000,62601.88394403458,0,,0,0,,0.04,1.05,25.13,[]
/dlsu/goks/cam,/dlsu/goks/cam,0.000000,62601.944695949554,0,,0,0,,0.04,0.82,20.68,[]
/dlsu/goks/cam,/dlsu/goks/cam,0.000000,62601.99235391617,0,,0,0,,0.09,0.74,25.68,[]
/dlsu/goks/cam,/dlsu/goks/cam,0.000000,62602.03719806671,0,,0,0,,0.07,1.06,22.44,[]
/dlsu/goks/cam,/dlsu/goks/cam,0.000000,0,0,,0,0,,0.01,0.00,22.38,[]
/dlsu/goks/cam,/dlsu/goks/cam,0.000000,62602.103914022446,0,,0,0,,0.09,1.73,25.01,[]
/dlsu/goks/cam,/dlsu/goks/cam,0.000000,0,0,,0,0,,0.01,0.00,21.48,[]
/dlsu/goks/cam,/dlsu/goks/cam,0.000000,62602.14332699776,0,,0,0,,0.04,0.75,21.59,[]
/dlsu/goks/cam,/dlsu/goks/cam,0.000000,62602.20377898216,0,,0,0,,0.06,1.50,25.13,[]
/dlsu/goks/cam,/dlsu/goks/cam,0.000000,0,0,,0,0,,0.00,0.00,24.12,[]
/dlsu/goks/cam,/dlsu/goks/cam,0.000000,62602.285074949265,0,,0,0,,0.04,1.07,24.08,[]
/dlsu/goks/cam,/dlsu/goks/cam,0.000000,62602.32731294632,0,,0,0,,0.04,1.16,24.27,[]
/dlsu/goks/cam,/dlsu/goks/cam,0.000000,62602.35913896561,0,,0,0,,0.03,0.91,25.12,[]
/dlsu/goks/cam,/dlsu/goks/cam,0.000000,62602.39463305473,0,,0,0,,0.03,0.88,20.57,[]
/dlsu/goks/cam,/dlsu/goks/cam,0.000000,62602.44619393349,0,,0,0,,0.04,0.83,25.20,[]
/dlsu/goks/cam,/dlsu/goks/cam,0.000000,62602.479012966156,0,,0,0,,0.04,0.98,25.17,[]
/dlsu/goks/cam,/dlsu/goks/cam,0.000000,62602.528242111206,0,,0,0,,0.03,1.03,23.53,[]
/dlsu/goks/cam,/dlsu/goks/cam,0.000000,62602.568412065506,0,,0,0,,0.09,1.55,22.33,[]
/dlsu/goks/cam,/dlsu/goks/cam,0.000000,62602.58939099312,0,,0,0,,0.04,0.99,23.89,[]
/dlsu/goks/cam,/dlsu/goks/cam,0.000000,62602.62027192116,0,,0,0,,0.03,0.51,22.10,[]
/dlsu/goks/cam,/dlsu/goks/cam,0.000000,0,0,,0,0,,0.00,0.00,25.02,[]
/dlsu/goks/cam,/dlsu/goks/cam,0.000000,62602.6737511158,0,,0,0,,0.04,0.59,20.28,[]
/dlsu/goks/cam,/dlsu/goks/cam,0.000000,62602.712862968445,0,,0,0,,0.03,1.16,20.36,[]
/dlsu/goks/cam,/dlsu/goks/cam,0.000000,62602.78087711334,0,,0,0,,0.05,1.67,20.30,[]
/dlsu/goks/cam,/dlsu/goks/cam,0.000000,0,0,,0,0,,0.00,0.00,24.54,[]
/dlsu/goks/cam,/dlsu/goks/cam,0.000000,62602.85842490196,0,,0,0,,0.05,1.85,24.90,[]
/dlsu/goks/cam,/dlsu/goks/cam,0.000000,0,0,,0,0,,0.01,0.00,21.18,[]
/dlsu/goks/cam,/dlsu/goks/cam,0.000000,62602.90280890465,0,,0,0,,0.03,0.98,24.45,[]
/dlsu/goks/cam,/dlsu/goks/cam,0.000000,62602.93366098404,0,,0,0,,0.04,0.90,21.58,[]
/dlsu/goks/cam,/dlsu/goks/cam,0.000000,62602.99567294121,0,,0,0,,0.03,1.31,21.99,[]
/dlsu/goks/cam,/dlsu/goks/cam,0.000000,62603.0725209713,0,,0,0,,0.07,1.46,24.00,[]
/dlsu/goks/cam,/dlsu/goks/cam,0.000000,0,0,,0,0,,0.01,0.00,25.09,[]
/dlsu/goks/cam,/dlsu/goks/cam,0.000000,62603.159974098206,0,,0,0,,0.06,1.65,24.26,[]
/dlsu/goks/cam,/dlsu/goks/cam,0.000000,0,0,,0,0,,0.01,0.00,24.16,[]
/dlsu/goks/cam,/dlsu/goks/cam,0.000000,62603.239037036896,0,,0,0,,0.06,1.42,25.13,[]
/dlsu/goks/cam,/dlsu/goks/cam,0.000000,0,0,,0,0,,0.01,0.00,23.27,[]
/dlsu/goks/cam,/dlsu/goks/cam,0.000000,62603.314125061035,0,,0,0,,0.08,1.56,24.01,[]
/dlsu/goks/cam,/dlsu/goks/cam,0.000000,0,0,,0,0,,0.00,0.00,21.92,[]
/dlsu/goks/cam,/dlsu/goks/cam,0.000000,62603.35928297043,0,,0,0,,0.06,0.42,26.04,[]
/dlsu/goks/cam,/dlsu/goks/cam,0.000000,62603.39267897606,0,,0,0,,0.04,0.69,20.86,[]
/dlsu/goks/cam,/dlsu/goks/cam,0.000000,62603.445436000824,0,,0,0,,0.04,0.85,20.97,[]
/dlsu/goks/cam,/dlsu/goks/cam,0.000000,62603.492508888245,0,,0,0,,0.03,0.78,21.08,[]
/dlsu/goks/cam,/dlsu/goks/cam,0.000000,62603.518625974655,0,,0,0,,0.03,0.86,25.16,[]
/dlsu/goks/cam,/dlsu/goks/cam,0.000000,62603.57029604912,0,,0,0,,0.04,1.08,25.24,[]
/dlsu/goks/cam,/dlsu/goks/cam,0.000000,62603.62323307991,0,,0,0,,0.04,0.96,25.41,[]
/dlsu/goks/cam,/dlsu/goks/cam,0.000000,62603.667701005936,0,,0,0,,0.05,2.08,25.49,[]
/dlsu/goks/cam,/dlsu/goks/cam,0.000000,62603.70442199707,0,,0,0,,0.33,2.23,26.28,[]
/dlsu/goks/cam,/dlsu/goks/cam,0.000000,62603.760018110275,0,,0,0,,0.17,5.91,26.00,[]
/dlsu/goks/cam,/dlsu/goks/cam,0.000000,62603.80669403076,0,,0,0,,0.31,17.20,24.79,[]
/dlsu/goks/cam,/dlsu/goks/cam,0.000000,0,0,,0,0,,0.02,0.00,21.49,[]
/dlsu/goks/cam,/dlsu/goks/cam,0.000000,62603.87805509567,0,,0,0,,0.07,1.58,25.18,[]
/dlsu/goks/cam,/dlsu/goks/cam,0.000000,62603.926938056946,0,,0,0,,0.12,2.62,23.69,[]
/dlsu/goks/cam,/dlsu/goks/cam,0.000000,0,0,,0,0,,0.01,0.00,22.41,[]
/dlsu/goks/cam,/dlsu/goks/cam,0.000000,62603.96602988243,0,,0,0,,0.02,0.85,25.14,[]
/dlsu/goks/cam,/dlsu/goks/cam,0.000000,62604.00765800476,0,,0,0,,0.06,1.09,22.62,[]
/dlsu/goks/cam,/dlsu/goks/cam,0.000000,62604.072216033936,0,,0,0,,0.05,1.45,20.99,[]
/dlsu/goks/cam,/dlsu/goks/cam,0.000000,62604.15414404869,0,,0,0,,0.06,1.55,25.01,[]
/dlsu/goks/cam,/dlsu/goks/cam,0.000000,0,0,,0,0,,0.01,0.00,25.11,[]
/dlsu/goks/cam,/dlsu/goks/cam,0.000000,62604.22872591019,0,,0,0,,0.13,1.76,23.44,[]
/dlsu/goks/cam,/dlsu/goks/cam,0.000000,0,0,,0,0,,0.01,0.00,25.06,[]
/dlsu/goks/cam,/dlsu/goks/cam,0.000000,62604.29238009453,0,,0,0,,0.08,0.98,21.63,[]
/dlsu/goks/cam,/dlsu/goks/cam,0.000000,62604.3113090992,0,,0,0,,0.04,1.05,25.07,[]
/dlsu/goks/cam,/dlsu/goks/cam,0.000000,0,0,,0,0,,0.01,0.00,22.99,[]
/dlsu/goks/cam,/dlsu/goks/cam,0.000000,62604.36326503754,0,,0,0,,0.04,0.84,21.67,[]
/dlsu/goks/cam,/dlsu/goks/cam,0.000000,62604.41635298729,0,,0,0,,0.04,1.46,25.12,[]
/dlsu/goks/cam,/dlsu/goks/cam,0.000000,62604.43213009834,0,,0,0,,0.03,0.84,23.91,[]
/dlsu/goks/cam,/dlsu/goks/cam,0.000000,0,0,,0,0,,0.01,0.00,25.11,[]
/dlsu/goks/cam,/dlsu/goks/cam,0.000000,62604.49545097351,0,,0,0,,0.03,1.16,25.54,[]
/dlsu/goks/cam,/dlsu/goks/cam,0.000000,0,0,,0,0,,0.01,0.00,23.31,[]
/dlsu/goks/cam,/dlsu/goks/cam,0.000000,62604.58383011818,0,,0,0,,0.04,0.85,25.17,[]
/dlsu/goks/cam,/dlsu/goks/cam,0.000000,62604.63152098656,0,,0,0,,0.05,1.56,25.22,[]
/dlsu/goks/cam,/dlsu/goks/cam,0.000000,0,0,,0,0,,0.00,0.00,22.39,[]
/dlsu/goks/cam,/dlsu/goks/cam,0.000000,62604.702756881714,0,,0,0,,0.06,1.18,24.11,[]
/dlsu/goks/cam,/dlsu/goks/cam,0.000000,0,0,,0,0,,0.01,0.00,20.31,[]
/dlsu/goks/cam,/dlsu/goks/cam,0.000000,62604.7880051136,0,,0,0,,0.06,1.48,25.42,[]
/dlsu/goks/cam,/dlsu/goks/cam,0.000000,0,0,,0,0,,0.00,0.00,24.68,[]
/dlsu/goks/cam,/dlsu/goks/cam,0.000000,62604.82176399231,0,,0,0,,0.05,1.06,22.26,[]
/dlsu/goks/cam,/dlsu/goks/cam,0.000000,62604.87722611427,0,,0,0,,0.04,1.47,21.22,[]
/dlsu/goks/cam,/dlsu/goks/cam,0.000000,0,0,,0,0,,0.01,0.00,25.08,[]
/dlsu/goks/cam,/dlsu/goks/cam,0.000000,62604.95813202858,0,,0,0,,0.06,1.61,23.89,[]
/dlsu/goks/cam,/dlsu/goks/cam,0.000000,0,0,,0,0,,0.01,0.00,25.07,[]
/dlsu/goks/cam,/dlsu/goks/cam,0.000000,62605.02195596695,0,,0,0,,0.08,2.14,22.57,[]
/dlsu/goks/cam,/dlsu/goks/cam,0.000000,62605.03896403313,0,,0,0,,0.04,0.74,20.36,[]
/dlsu/goks/cam,/dlsu/goks/cam,0.000000,0,0,,0,0,,0.01,0.00,24.33,[]
/dlsu/goks/cam,/dlsu/goks/cam,0.000000,62605.08853507042,0,,0,0,,0.03,0.88,21.96,[]
/dlsu/goks/cam,/dlsu/goks/cam,0.000000,62605.125729084015,0,,0,0,,0.03,1.16,25.47,[]
/dlsu/goks/cam,/dlsu/goks/cam,0.000000,62605.17398810387,0,,0,0,,0.05,1.40,25.17,[]
/dlsu/goks/cam,/dlsu/goks/cam,0.000000,0,0,,0,0,,0.00,0.00,23.67,[]
/dlsu/goks/cam,/dlsu/goks/cam,0.000000,62605.325593948364,0,,0,0,,0.06,0.78,25.25,[]
/dlsu/goks/cam,/dlsu/goks/cam,0.000000,62605.394324064255,0,,0,0,,0.09,2.04,22.24,[]
/dlsu/goks/cam,/dlsu/goks/cam,0.000000,62605.4102909565,0,,0,0,,0.02,0.76,25.09,[]
/dlsu/goks/cam,/dlsu/goks/cam,0.000000,62605.45151090622,0,,0,0,,0.02,0.95,25.49,[]
/dlsu/goks/cam,/dlsu/goks/cam,0.000000,0,0,,0,0,,0.00,0.00,25.07,[]
/dlsu/goks/cam,/dlsu/goks/cam,0.000000,62605.507055044174,0,,0,0,,0.06,0.72,23.63,[]
/dlsu/goks/cam,/dlsu/goks/cam,0.000000,0,0,,0,0,,0.00,0.00,20.14,[]
/dlsu/goks/cam,/dlsu/goks/cam,0.000000,62605.58056592941,0,,0,0,,0.06,1.68,21.20,[]
/dlsu/goks/cam,/dlsu/goks/cam,0.000000,0,0,,0,0,,0.00,0.00,24.27,[]
/dlsu/goks/cam,/dlsu/goks/cam,0.000000,62605.664705991745,0,,0,0,,0.09,0.80,25.20,[]
/dlsu/goks/cam,/dlsu/goks/cam,0.000000,62610.99534511566,0,,0,0,,0.31,3.54,25.17,[]
/dlsu/goks/cam,/dlsu/goks/cam,0.000000,62611.04511594772,0,,0,0,,0.04,1.00,25.19,[]
/dlsu/goks/cam,/dlsu/goks/cam,0.000000,62611.13072991371,0,,0,0,,0.18,2.95,20.58,[]
/dlsu/goks/cam,/dlsu/goks/cam,0.000000,0,0,,0,0,,0.00,0.00,25.07,[]
/dlsu/goks/cam,/dlsu/goks/cam,0.000000,62611.20723104477,0,,0,0,,0.05,0.74,26.08,[]
/dlsu/goks/cam,/dlsu/goks/cam,0.000000,62611.28799009323,0,,0,0,,0.90,24.26,38.55,[]
/dlsu/goks/cam,/dlsu/goks/cam,0.000000,62611.30249810219,0,,0,0,,0.82,0.00,24.23,[]
/dlsu/goks/cam,/dlsu/goks/cam,0.000000,0,0,,0,0,,0.02,22.56,22.84,[]
/dlsu/goks/cam,/dlsu/goks/cam,0.000000,62611.39191508293,0,,0,0,,0.36,5.57,21.19,[]
/dlsu/goks/cam,/dlsu/goks/cam,0.000000,0,0,,0,0,,0.02,0.00,29.92,[]
/dlsu/goks/cam,/dlsu/goks/cam,0.000000,62611.467425107956,0,,0,0,,0.13,1.11,25.83,[]
/dlsu/goks/cam,/dlsu/goks/cam,0.000000,62611.53093910217,0,,0,0,,0.06,0.95,25.12,[]
/dlsu/goks/cam,/dlsu/goks/cam,0.000000,62611.605331897736,0,,0,0,,0.09,2.19,23.73,[]
/dlsu/goks/cam,/dlsu/goks/cam,0.000000,0,0,,0,0,,0.01,0.00,25.10,[]
/dlsu/goks/cam,/dlsu/goks/cam,0.000000,62611.655433893204,0,,0,0,,0.04,1.65,20.82,[]
/dlsu/goks/cam,/dlsu/goks/cam,0.000000,0,0,,0,0,,0.01,0.00,25.09,[]
/dlsu/goks/cam,/dlsu/goks/cam,0.000000,62611.71459197998,0,,0,0,,0.06,1.65,25.08,[]
/dlsu/goks/cam,/dlsu/goks/cam,0.000000,0,0,,0,0,,0.01,0.00,23.67,[]
/dlsu/goks/cam,/dlsu/goks/cam,0.000000,62611.7733669281,0,,0,0,,0.04,0.90,20.66,[]
/dlsu/goks/cam,/dlsu/goks/cam,0.000000,62611.83110809326,0,,0,0,,0.05,0.96,25.14,[]
/dlsu/goks/cam,/dlsu/goks/cam,0.000000,62611.87388396263,0,,0,0,,0.04,1.04,25.66,[]
/dlsu/goks/cam,/dlsu/goks/cam,0.000000,62611.99923706055,0,,0,0,,0.08,1.51,23.20,[]
/dlsu/goks/cam,/dlsu/goks/cam,0.000000,62612.015238046646,0,,0,0,,0.03,0.69,25.12,[]
/dlsu/goks/cam,/dlsu/goks/cam,0.000000,62612.04651904106,0,,0,0,,0.03,0.76,24.97,[]
/dlsu/goks/cam,/dlsu/goks/cam,0.000000,0,0,,0,0,,0.01,0.00,25.10,[]
/dlsu/goks/cam,/dlsu/goks/cam,0.000000,62612.08629488945,0,,0,0,,0.03,0.85,24.35,[]
/dlsu/goks/cam,/dlsu/goks/cam,0.000000,62612.1342689991,0,,0,0,,0.03,0.73,22.88,[]
/dlsu/goks/cam,/dlsu/goks/cam,0.000000,62612.194966077805,0,,0,0,,0.06,1.55,23.30,[]
/dlsu/goks/cam,/dlsu/goks/cam,0.000000,0,0,,0,0,,0.00,0.00,24.24,[]
/dlsu/goks/cam,/dlsu/goks/cam,0.000000,62612.24898195267,0,,0,0,,0.04,1.25,25.55,[]
/dlsu/goks/cam,/dlsu/goks/cam,0.000000,62612.29628396034,0,,0,0,,0.02,0.83,25.22,[]
/dlsu/goks/cam,/dlsu/goks/cam,0.000000,62612.34544610977,0,,0,0,,0.04,0.90,25.15,[]
/dlsu/goks/cam,/dlsu/goks/cam,0.000000,62612.39320588112,0,,0,0,,0.03,0.74,25.07,[]
/dlsu/goks/cam,/dlsu/goks/cam,0.000000,62612.43674993515,0,,0,0,,0.04,1.29,25.78,[]
/dlsu/goks/cam,/dlsu/goks/cam,0.000000,0,0,,0,0,,0.00,0.00,25.12,[]
/dlsu/goks/cam,/dlsu/goks/cam,0.000000,62612.513952970505,0,,0,0,,0.06,0.88,21.66,[]
/dlsu/goks/cam,/dlsu/goks/cam,0.000000,62612.570394039154,0,,0,0,,0.05,1.64,25.19,[]
/dlsu/goks/cam,/dlsu/goks/cam,0.000000,0,0,,0,0,,0.01,0.00,25.09,[]
/dlsu/goks/cam,/dlsu/goks/cam,0.000000,62612.63180589676,0,,0,0,,0.04,1.51,24.61,[]
/dlsu/goks/cam,/dlsu/goks/cam,0.000000,0,0,,0,0,,0.01,0.00,23.06,[]
/dlsu/goks/cam,/dlsu/goks/cam,0.000000,62612.70053792,0,,0,0,,0.04,1.54,21.48,[]
/dlsu/goks/cam,/dlsu/goks/cam,0.000000,0,0,,0,0,,0.00,0.00,20.89,[]
/dlsu/goks/cam,/dlsu/goks/cam,0.000000,62612.755263090134,0,,0,0,,0.04,1.21,22.68,[]
/dlsu/goks/cam,/dlsu/goks/cam,0.000000,0,0,,0,0,,0.01,0.00,25.08,[]
/dlsu/goks/cam,/dlsu/goks/cam,0.000000,62612.850887060165,0,,0,0,,0.10,1.55,24.62,[]
/dlsu/goks/cam,/dlsu/goks/cam,0.000000,0,0,,0,0,,0.00,0.00,25.12,[]
/dlsu/goks/cam,/dlsu/goks/cam,0.000000,62612.909058094025,0,,0,0,,0.03,0.84,25.17,[]
/dlsu/goks/cam,/dlsu/goks/cam,0.000000,62618.043018102646,0,,0,0,,0.13,1.30,25.20,[]
/dlsu/goks/cam,/dlsu/goks/cam,0.000000,62618.09046506882,0,,0,0,,0.04,1.19,21.07,[]
/dlsu/goks/cam,/dlsu/goks/cam,0.000000,62618.13891005516,0,,0,0,,0.04,0.79,21.45,[]
/dlsu/goks/cam,/dlsu/goks/cam,0.000000,62618.18105196953,0,,0,0,,0.04,1.21,21.82,[]
/dlsu/goks/cam,/dlsu/goks/cam,0.000000,62618.284110069275,0,,0,0,,0.06,1.39,21.25,[]
/dlsu/goks/cam,/dlsu/goks/cam,0.000000,0,0,,0,0,,0.00,0.00,21.08,[]
/dlsu/goks/cam,/dlsu/goks/cam,0.000000,62618.35370802879,0,,0,0,,0.05,1.29,21.42,[]
/dlsu/goks/cam,/dlsu/goks/cam,0.000000,0,0,,0,0,,0.00,0.00,25.08,[]
/dlsu/goks/cam,/dlsu/goks/cam,0.000000,62618.45996904373,0,,0,0,,0.04,1.10,25.09,[]
/dlsu/goks/cam,/dlsu/goks/cam,0.000000,62618.525618076324,0,,0,0,,0.04,1.57,22.75,[]
/dlsu/goks/cam,/dlsu/goks/cam,0.000000,0,0,,0,0,,0.00,0.00,25.07,[]
/dlsu/goks/cam,/dlsu/goks/cam,0.000000,62623.040366888046,0,,0,0,,0.09,1.26,20.81,[]
/dlsu/goks/cam,/dlsu/goks/cam,0.000000,62623.07250499725,0,,0,0,,0.03,0.92,21.33,[]
/dlsu/goks/cam,/dlsu/goks/cam,0.000000,62623.10436797142,0,,0,0,,0.02,0.80,25.10,[]
/dlsu/goks/cam,/dlsu/goks/cam,0.000000,62623.18360590935,0,,0,0,,0.20,1.27,26.96,[]
/dlsu/goks/cam,/dlsu/goks/cam,0.000000,0,0,,0,0,,0.00,0.00,25.56,[]
2

/dlsu/goks/cam,/dlsu/goks/cam,0.000000,62957.819600105286,0,,0,62957.83877110481,,1.56,47.61,11465.58,[]
/dlsu/goks/cam,/dlsu/goks/cam,0.000000,62973.68888401985,0,,0,0,,0.25,1.42,20.83,[]
/dlsu/goks/cam,/dlsu/goks/cam,0.000000,62973.72108888626,0,,0,0,,0.05,0.87,25.61,[]
/dlsu/goks/cam,/dlsu/goks/cam,0.000000,62973.737016916275,0,,0,0,,0.04,0.15,20.67,[]
/dlsu/goks/cam,/dlsu/goks/cam,0.000000,62973.75299191475,0,,0,0,,0.05,0.43,22.02,[]
/dlsu/goks/cam,/dlsu/goks/cam,0.000000,0,0,,0,0,,0.00,0.00,21.63,[]
/dlsu/goks/cam,/dlsu/goks/cam,0.000000,62973.801964998245,0,,0,0,,0.06,1.13,25.44,[]
/dlsu/goks/cam,/dlsu/goks/cam,0.000000,62973.83296704292,0,,0,0,,0.04,0.75,25.51,[]
/dlsu/goks/cam,/dlsu/goks/cam,0.000000,62973.864933013916,0,,0,0,,0.05,0.28,24.51,[]
/dlsu/goks/cam,/dlsu/goks/cam,0.000000,62973.89682197571,0,,0,0,,0.03,0.84,25.07,[]
/dlsu/goks/cam,/dlsu/goks/cam,0.000000,62973.92870211601,0,,0,0,,0.12,0.47,25.09,[]
/dlsu/goks/cam,/dlsu/goks/cam,0.000000,0,0,,0,0,,0.00,0.72,25.18,[]
/dlsu/goks/cam,/dlsu/goks/cam,0.000000,62973.97701096535,0,,0,0,,0.24,1.23,22.29,[]
/dlsu/goks/cam,/dlsu/goks/cam,0.000000,62973.9927110672,0,,0,0,,0.04,0.70,25.08,[]
/dlsu/goks/cam,/dlsu/goks/cam,0.000000,62974.025007009506,0,,0,0,,0.05,0.55,24.25,[]
/dlsu/goks/cam,/dlsu/goks/cam,0.000000,62974.04094195366,0,,0,0,,0.02,0.53,24.79,[]
/dlsu/goks/cam,/dlsu/goks/cam,0.000000,62974.07294201851,0,,0,0,,0.03,0.52,25.13,[]
/dlsu/goks/cam,/dlsu/goks/cam,0.000000,62974.08887600899,0,,0,0,,0.02,0.41,25.13,[]
/dlsu/goks/cam,/dlsu/goks/cam,0.000000,62974.120394945145,0,,0,0,,0.04,0.15,25.01,[]
/dlsu/goks/cam,/dlsu/goks/cam,0.000000,62974.13662099838,0,,0,0,,0.04,0.50,20.60,[]
/dlsu/goks/cam,/dlsu/goks/cam,0.000000,62974.152268886566,0,,0,0,,0.10,0.12,25.09,[]
/dlsu/goks/cam,/dlsu/goks/cam,0.000000,0,0,,0,0,,0.00,0.00,20.32,[]
/dlsu/goks/cam,/dlsu/goks/cam,0.000000,0,0,,0,0,,0.00,0.00,25.09,[]
/dlsu/goks/cam,/dlsu/goks/cam,0.000000,0,0,,0,0,,0.00,0.00,24.42,[]
/dlsu/goks/cam,/dlsu/goks/cam,0.000000,62978.69663596153,0,,0,0,,0.04,0.56,25.81,[]
mfn(14)

/dlsu/goks/cam,/dlsu/goks/cam,0.000000,63106.78635597229,0,,0,63107.06701207161,,0.42,282.42,117217.13,[]
/dlsu/goks/cam,/dlsu/goks/cam,0.000000,63228.836684942245,0,,0,0,,0.15,2.73,25.16,[]
/dlsu/goks/cam,/dlsu/goks/cam,0.000000,63228.85256409645,0,,0,0,,0.03,0.39,20.81,[]
/dlsu/goks/cam,/dlsu/goks/cam,0.000000,63228.88500189781,0,,0,0,,0.03,0.72,23.37,[]
/dlsu/goks/cam,/dlsu/goks/cam,0.000000,63228.900924921036,0,,0,0,,0.04,0.65,21.42,[]
/dlsu/goks/cam,/dlsu/goks/cam,0.000000,63228.93295907974,0,,0,0,,0.03,0.67,22.27,[]
/dlsu/goks/cam,/dlsu/goks/cam,0.000000,63228.94887804985,0,,0,0,,0.04,0.71,23.64,[]
/dlsu/goks/cam,/dlsu/goks/cam,0.000000,63228.98094892502,0,,0,0,,0.17,0.74,23.79,[]
/dlsu/goks/cam,/dlsu/goks/cam,0.000000,63228.9967520237,0,,0,0,,0.03,0.77,24.70,[]
/dlsu/goks/cam,/dlsu/goks/cam,0.000000,63229.02878499031,0,,0,0,,0.05,1.09,22.30,[]
/dlsu/goks/cam,/dlsu/goks/cam,0.000000,63229.044828891754,0,,0,0,,0.07,0.80,25.07,[]
/dlsu/goks/cam,/dlsu/goks/cam,0.000000,63229.07664394379,0,,0,0,,0.02,0.69,22.78,[]
/dlsu/goks/cam,/dlsu/goks/cam,0.000000,0,0,,0,0,,0.00,0.00,25.09,[]
/dlsu/goks/cam,/dlsu/goks/cam,0.000000,63229.124494075775,0,,0,0,,0.13,1.25,20.26,[]
/dlsu/goks/cam,/dlsu/goks/cam,0.000000,63229.140167951584,0,,0,0,,0.02,0.69,25.06,[]
/dlsu/goks/cam,/dlsu/goks/cam,0.000000,0,0,,0,0,,0.00,0.00,24.24,[]
/dlsu/goks/cam,/dlsu/goks/cam,0.000000,63229.18833708763,0,,0,0,,0.05,0.77,22.98,[]
/dlsu/goks/cam,/dlsu/goks/cam,0.000000,63229.22013902664,0,,0,0,,0.10,1.41,24.36,[]
/dlsu/goks/cam,/dlsu/goks/cam,0.000000,63229.23648905754,0,,0,0,,0.05,0.94,25.09,[]
/dlsu/goks/cam,/dlsu/goks/cam,0.000000,63229.26841688156,0,,0,0,,0.08,1.71,22.68,[]
/dlsu/goks/cam,/dlsu/goks/cam,0.000000,63229.2996339798,0,,0,0,,0.05,0.00,25.40,[]
/dlsu/goks/cam,/dlsu/goks/cam,0.000000,63229.31601691246,0,,0,0,,0.06,1.70,22.32,[]
/dlsu/goks/cam,/dlsu/goks/cam,0.000000,63229.33186888695,0,,0,0,,0.02,0.69,20.20,[]
/dlsu/goks/cam,/dlsu/goks/cam,0.000000,63229.3636701107,0,,0,0,,0.03,0.00,20.56,[]
/dlsu/goks/cam,/dlsu/goks/cam,0.000000,0,0,,0,0,,0.00,0.00,25.07,[]
/dlsu/goks/cam,/dlsu/goks/cam,0.000000,63229.41194105148,0,,0,0,,0.07,1.53,25.33,[]
/dlsu/goks/cam,/dlsu/goks/cam,0.000000,63229.42800402641,0,,0,0,,0.02,0.63,24.72,[]
/dlsu/goks/cam,/dlsu/goks/cam,0.000000,63229.443726062775,0,,0,0,,0.03,0.44,20.85,[]
/dlsu/goks/cam,/dlsu/goks/cam,0.000000,63229.476300001144,0,,0,0,,0.05,0.87,21.39,[]
/dlsu/goks/cam,/dlsu/goks/cam,0.000000,63229.50783896446,0,,0,0,,0.06,0.70,24.59,[]
/dlsu/goks/cam,/dlsu/goks/cam,0.000000,0,0,,0,0,,0.00,0.00,25.14,[]
/dlsu/goks/cam,/dlsu/goks/cam,0.000000,63229.556447029114,0,,0,0,,0.04,1.13,26.04,[]
/dlsu/goks/cam,/dlsu/goks/cam,0.000000,63229.57178211212,0,,0,0,,0.06,0.93,24.12,[]
/dlsu/goks/cam,/dlsu/goks/cam,0.000000,63229.603718042374,0,,0,0,,0.06,0.87,21.42,[]
/dlsu/goks/cam,/dlsu/goks/cam,0.000000,63229.61959195137,0,,0,0,,0.05,0.35,21.38,[]
/dlsu/goks/cam,/dlsu/goks/cam,0.000000,63229.63552904129,0,,0,0,,0.03,0.41,25.14,[]
/dlsu/goks/cam,/dlsu/goks/cam,0.000000,63229.667983055115,0,,0,0,,0.03,0.68,24.40,[]
/dlsu/goks/cam,/dlsu/goks/cam,0.000000,63229.68361210823,0,,0,0,,0.03,1.02,23.98,[]
/dlsu/goks/cam,/dlsu/goks/cam,0.000000,63229.71588397026,0,,0,0,,0.13,1.45,25.10,[]
/dlsu/goks/cam,/dlsu/goks/cam,0.000000,63229.74766302109,0,,0,0,,0.11,1.93,24.64,[]
/dlsu/goks/cam,/dlsu/goks/cam,0.000000,63229.763670921326,0,,0,0,,0.07,1.76,24.92,[]
/dlsu/goks/cam,/dlsu/goks/cam,0.000000,63229.795732975006,0,,0,0,,0.06,0.64,22.93,[]
/dlsu/goks/cam,/dlsu/goks/cam,0.000000,0,0,,0,0,,0.00,0.00,25.07,[]
/dlsu/goks/cam,/dlsu/goks/cam,0.000000,63229.828735113144,0,,0,0,,0.04,0.84,23.39,[]
/dlsu/goks/cam,/dlsu/goks/cam,0.000000,63229.87560796738,0,,0,0,,0.04,1.77,25.64,[]
/dlsu/goks/cam,/dlsu/goks/cam,0.000000,0,0,,0,0,,0.00,0.00,24.84,[]
/dlsu/goks/cam,/dlsu/goks/cam,0.000000,63229.92363810539,0,,0,0,,0.05,1.18,24.97,[]
/dlsu/goks/cam,/dlsu/goks/cam,0.000000,63229.93985390663,0,,0,0,,0.02,0.71,23.91,[]
/dlsu/goks/cam,/dlsu/goks/cam,0.000000,63229.9586019516,0,,0,0,,0.74,2.48,26.43,[]
/dlsu/goks/cam,/dlsu/goks/cam,0.000000,63230.00895905495,0,,0,0,,0.98,0.00,24.72,[]
/dlsu/goks/cam,/dlsu/goks/cam,0.000000,63230.030616045,0,,0,0,,0.07,8.68,21.33,[]
/dlsu/goks/cam,/dlsu/goks/cam,0.000000,63230.05249905586,0,,0,0,,0.04,1.19,24.36,[]
/dlsu/goks/cam,/dlsu/goks/cam,0.000000,0,0,,0,0,,0.00,0.00,28.03,[]
/dlsu/goks/cam,/dlsu/goks/cam,0.000000,63230.11651301384,0,,0,0,,0.60,7.55,26.19,[]
/dlsu/goks/cam,/dlsu/goks/cam,0.000000,63230.14777994156,0,,0,0,,0.21,1.25,25.11,[]
/dlsu/goks/cam,/dlsu/goks/cam,0.000000,63230.17177605629,0,,0,0,,0.11,4.11,23.71,[]
/dlsu/goks/cam,/dlsu/goks/cam,0.000000,63230.19527697563,0,,0,0,,0.11,0.85,22.91,[]
/dlsu/goks/cam,/dlsu/goks/cam,0.000000,63230.22661495209,0,,0,0,,0.07,1.27,24.78,[]
/dlsu/goks/cam,/dlsu/goks/cam,0.000000,0,0,,0,0,,0.00,0.00,25.06,[]
/dlsu/goks/cam,/dlsu/goks/cam,0.000000,63230.27442288399,0,,0,0,,0.13,1.32,23.33,[]
/dlsu/goks/cam,/dlsu/goks/cam,0.000000,63230.290695905685,0,,0,0,,0.03,0.77,25.07,[]
/dlsu/goks/cam,/dlsu/goks/cam,0.000000,63230.306320905685,0,,0,0,,0.11,0.40,25.10,[]
/dlsu/goks/cam,/dlsu/goks/cam,0.000000,63230.33859705925,0,,0,0,,0.11,0.90,24.20,[]
/dlsu/goks/cam,/dlsu/goks/cam,0.000000,63230.35421991348,0,,0,0,,0.02,0.44,25.36,[]
/dlsu/goks/cam,/dlsu/goks/cam,0.000000,63230.38631892204,0,,0,0,,0.17,0.68,25.10,[]
/dlsu/goks/cam,/dlsu/goks/cam,0.000000,63230.41872596741,0,,0,0,,0.05,1.18,24.21,[]
/dlsu/goks/cam,/dlsu/goks/cam,0.000000,63230.449661016464,0,,0,0,,0.04,0.39,22.29,[]
/dlsu/goks/cam,/dlsu/goks/cam,0.000000,63230.465617895126,0,,0,0,,0.10,0.45,25.06,[]
/dlsu/goks/cam,/dlsu/goks/cam,0.000000,63230.48181605339,0,,0,0,,0.06,0.88,25.13,[]
/dlsu/goks/cam,/dlsu/goks/cam,0.000000,63230.51336193085,0,,0,0,,0.03,1.43,25.14,[]
/dlsu/goks/cam,/dlsu/goks/cam,0.000000,63230.54512095451,0,,0,0,,0.04,0.72,23.05,[]
/dlsu/goks/cam,/dlsu/goks/cam,0.000000,63230.56105995178,0,,0,0,,0.02,0.96,24.77,[]
/dlsu/goks/cam,/dlsu/goks/cam,0.000000,63230.59322094917,0,,0,0,,0.04,1.32,22.11,[]
/dlsu/goks/cam,/dlsu/goks/cam,0.000000,0,0,,0,0,,0.00,0.00,20.20,[]
/dlsu/goks/cam,/dlsu/goks/cam,0.000000,63230.640744924545,0,,0,0,,0.04,0.00,21.42,[]
/dlsu/goks/cam,/dlsu/goks/cam,0.000000,0,0,,0,0,,0.00,0.00,25.05,[]
/dlsu/goks/cam,/dlsu/goks/cam,0.000000,63230.68890404701,0,,0,0,,0.04,0.76,25.10,[]
/dlsu/goks/cam,/dlsu/goks/cam,0.000000,63230.7046289444,0,,0,0,,0.02,0.74,25.09,[]
/dlsu/goks/cam,/dlsu/goks/cam,0.000000,63230.736448049545,0,,0,0,,0.06,0.89,24.88,[]
/dlsu/goks/cam,/dlsu/goks/cam,0.000000,0,0,,0,0,,0.00,0.00,25.14,[]
/dlsu/goks/cam,/dlsu/goks/cam,0.000000,63230.78467988968,0,,0,0,,0.06,1.46,23.13,[]
/dlsu/goks/cam,/dlsu/goks/cam,0.000000,0,0,,0,0,,0.00,0.00,22.81,[]
/dlsu/goks/cam,/dlsu/goks/cam,0.000000,63230.832695007324,0,,0,0,,0.05,1.38,25.09,[]
/dlsu/goks/cam,/dlsu/goks/cam,0.000000,63230.864331007004,0,,0,0,,0.04,0.38,25.15,[]
/dlsu/goks/cam,/dlsu/goks/cam,0.000000,0,0,,0,0,,0.00,0.00,25.06,[]
/dlsu/goks/cam,/dlsu/goks/cam,0.000000,63230.896752119064,0,,0,0,,0.02,0.72,25.10,[]
/dlsu/goks/cam,/dlsu/goks/cam,0.000000,63230.92856001854,0,,0,0,,0.02,0.68,25.08,[]
/dlsu/goks/cam,/dlsu/goks/cam,0.000000,63230.96123099327,0,,0,0,,0.07,1.47,24.48,[]
/dlsu/goks/cam,/dlsu/goks/cam,0.000000,63230.976392030716,0,,0,0,,0.02,0.69,20.84,[]
/dlsu/goks/cam,/dlsu/goks/cam,0.000000,0,0,,0,0,,0.00,0.00,25.10,[]
/dlsu/goks/cam,/dlsu/goks/cam,0.000000,63231.02438402176,0,,0,0,,0.02,0.78,25.08,[]
/dlsu/goks/cam,/dlsu/goks/cam,0.000000,63231.05610394478,0,,0,0,,0.03,0.69,23.41,[]
/dlsu/goks/cam,/dlsu/goks/cam,0.000000,63231.072055101395,0,,0,0,,0.03,0.66,25.11,[]
/dlsu/goks/cam,/dlsu/goks/cam,0.000000,63231.10368204117,0,,0,0,,0.03,0.43,23.92,[]
/dlsu/goks/cam,/dlsu/goks/cam,0.000000,63231.1198220253,0,,0,0,,0.02,0.62,22.71,[]
/dlsu/goks/cam,/dlsu/goks/cam,0.000000,63231.135575056076,0,,0,0,,0.07,0.36,25.16,[]
/dlsu/goks/cam,/dlsu/goks/cam,0.000000,63231.16833996773,0,,0,0,,0.11,1.13,25.11,[]
/dlsu/goks/cam,/dlsu/goks/cam,0.000000,63231.199851989746,0,,0,0,,0.06,0.92,21.62,[]
/dlsu/goks/cam,/dlsu/goks/cam,0.000000,63231.215607881546,0,,0,0,,0.06,0.81,20.76,[]
/dlsu/goks/cam,/dlsu/goks/cam,0.000000,63231.24733901024,0,,0,0,,0.04,1.25,24.75,[]
/dlsu/goks/cam,/dlsu/goks/cam,0.000000,63231.26349210739,0,,0,0,,0.04,0.96,22.64,[]
/dlsu/goks/cam,/dlsu/goks/cam,0.000000,63231.2794110775,0,,0,0,,0.11,2.22,21.55,[]
/dlsu/goks/cam,/dlsu/goks/cam,0.000000,63231.31193900108,0,,0,0,,0.05,0.99,21.08,[]
/dlsu/goks/cam,/dlsu/goks/cam,0.000000,63231.34338402748,0,,0,0,,0.05,1.45,25.15,[]
/dlsu/goks/cam,/dlsu/goks/cam,0.000000,0,0,,0,0,,0.00,0.00,25.06,[]
/dlsu/goks/cam,/dlsu/goks/cam,0.000000,63231.39161992073,0,,0,0,,0.07,1.46,24.93,[]
/dlsu/goks/cam,/dlsu/goks/cam,0.000000,63231.40723705292,0,,0,0,,0.02,0.35,25.08,[]
/dlsu/goks/cam,/dlsu/goks/cam,0.000000,63231.43948793411,0,,0,0,,0.02,0.65,24.24,[]
/dlsu/goks/cam,/dlsu/goks/cam,0.000000,0,0,,0,0,,0.00,0.00,25.08,[]
/dlsu/goks/cam,/dlsu/goks/cam,0.000000,63231.487723112106,0,,0,0,,0.15,1.38,24.31,[]
/dlsu/goks/cam,/dlsu/goks/cam,0.000000,63231.519033908844,0,,0,0,,0.05,0.00,23.99,[]
/dlsu/goks/cam,/dlsu/goks/cam,0.000000,63231.53506207466,0,,0,0,,0.03,0.39,20.22,[]
/dlsu/goks/cam,/dlsu/goks/cam,0.000000,63231.55117511749,0,,0,0,,0.02,0.65,22.33,[]
/dlsu/goks/cam,/dlsu/goks/cam,0.000000,63231.583632946014,0,,0,0,,0.04,1.08,20.15,[]
/dlsu/goks/cam,/dlsu/goks/cam,0.000000,0,0,,0,0,,0.00,0.00,25.08,[]
/dlsu/goks/cam,/dlsu/goks/cam,0.000000,63231.63087296486,0,,0,0,,0.03,0.96,25.12,[]
/dlsu/goks/cam,/dlsu/goks/cam,0.000000,63231.6476149559,0,,0,0,,0.04,1.37,20.83,[]
/dlsu/goks/cam,/dlsu/goks/cam,0.000000,0,0,,0,0,,0.00,0.00,22.87,[]
/dlsu/goks/cam,/dlsu/goks/cam,0.000000,63231.69617605209,0,,0,0,,0.06,0.91,24.33,[]
/dlsu/goks/cam,/dlsu/goks/cam,0.000000,63231.7107129097,0,,0,0,,0.02,0.75,24.42,[]
/dlsu/goks/cam,/dlsu/goks/cam,0.000000,63231.74297094345,0,,0,0,,0.07,0.98,20.29,[]
/dlsu/goks/cam,/dlsu/goks/cam,0.000000,63231.758758068085,0,,0,0,,0.05,0.84,25.09,[]
/dlsu/goks/cam,/dlsu/goks/cam,0.000000,63231.77443695068,0,,0,0,,0.03,1.34,25.16,[]
/dlsu/goks/cam,/dlsu/goks/cam,0.000000,63231.82255411148,0,,0,0,,0.16,1.47,25.38,[]
/dlsu/goks/cam,/dlsu/goks/cam,0.000000,63231.838300943375,0,,0,0,,0.06,0.44,25.09,[]
/dlsu/goks/cam,/dlsu/goks/cam,0.000000,63231.870342969894,0,,0,0,,0.02,0.35,23.50,[]
/dlsu/goks/cam,/dlsu/goks/cam,0.000000,63231.88654088974,0,,0,0,,0.02,0.87,25.10,[]
/dlsu/goks/cam,/dlsu/goks/cam,0.000000,63231.91846990585,0,,0,0,,0.02,0.65,22.56,[]
/dlsu/goks/cam,/dlsu/goks/cam,0.000000,63231.93447995186,0,,0,0,,0.02,0.76,25.08,[]
/dlsu/goks/cam,/dlsu/goks/cam,0.000000,63231.950993061066,0,,0,0,,0.01,0.41,25.14,[]
/dlsu/goks/cam,/dlsu/goks/cam,0.000000,63231.99820494652,0,,0,0,,0.18,2.22,25.11,[]
/dlsu/goks/cam,/dlsu/goks/cam,0.000000,63232.01446604729,0,,0,0,,0.03,0.93,24.47,[]
/dlsu/goks/cam,/dlsu/goks/cam,0.000000,63232.04595398903,0,,0,0,,0.03,0.65,21.84,[]
/dlsu/goks/cam,/dlsu/goks/cam,0.000000,63232.06203007698,0,,0,0,,0.03,0.45,21.40,[]
/dlsu/goks/cam,/dlsu/goks/cam,0.000000,0,0,,0,0,,0.00,0.00,24.50,[]
/dlsu/goks/cam,/dlsu/goks/cam,0.000000,63232.09523010254,0,,0,0,,0.05,0.44,25.07,[]
/dlsu/goks/cam,/dlsu/goks/cam,0.000000,63232.12644004822,0,,0,0,,0.02,0.66,25.09,[]
/dlsu/goks/cam,/dlsu/goks/cam,0.000000,63232.157850027084,0,,0,0,,0.02,0.40,25.07,[]
/dlsu/goks/cam,/dlsu/goks/cam,0.000000,63232.19006609917,0,,0,0,,0.16,1.18,24.63,[]
/dlsu/goks/cam,/dlsu/goks/cam,0.000000,63232.20609498024,0,,0,0,,0.06,0.76,25.17,[]
/dlsu/goks/cam,/dlsu/goks/cam,0.000000,63232.237922906876,0,,0,0,,0.03,0.66,22.09,[]
/dlsu/goks/cam,/dlsu/goks/cam,0.000000,0,0,,0,0,,0.00,0.00,25.13,[]
/dlsu/goks/cam,/dlsu/goks/cam,0.000000,63232.285526037216,0,,0,0,,0.04,1.16,23.58,[]
/dlsu/goks/cam,/dlsu/goks/cam,0.000000,63232.30177998543,0,,0,0,,0.05,0.74,21.17,[]
/dlsu/goks/cam,/dlsu/goks/cam,0.000000,0,0,,0,0,,0.00,0.00,25.47,[]
/dlsu/goks/cam,/dlsu/goks/cam,0.000000,63232.34959602356,0,,0,0,,0.03,0.79,20.73,[]
/dlsu/goks/cam,/dlsu/goks/cam,0.000000,63232.381448984146,0,,0,0,,0.02,0.73,25.09,[]
/dlsu/goks/cam,/dlsu/goks/cam,0.000000,63232.397553920746,0,,0,0,,0.02,1.01,24.37,[]
/dlsu/goks/cam,/dlsu/goks/cam,0.000000,63232.429351091385,0,,0,0,,0.20,1.08,24.05,[]
/dlsu/goks/cam,/dlsu/goks/cam,0.000000,0,0,,0,0,,0.00,0.00,25.08,[]
/dlsu/goks/cam,/dlsu/goks/cam,0.000000,63232.477832078934,0,,0,0,,0.02,2.09,20.70,[]
/dlsu/goks/cam,/dlsu/goks/cam,0.000000,63232.50950098038,0,,0,0,,0.05,1.06,25.42,[]
/dlsu/goks/cam,/dlsu/goks/cam,0.000000,63232.52526092529,0,,0,0,,0.04,0.74,20.40,[]
/dlsu/goks/cam,/dlsu/goks/cam,0.000000,63232.5411260128,0,,0,0,,0.05,0.69,21.47,[]
/dlsu/goks/cam,/dlsu/goks/cam,0.000000,63232.57353401184,0,,0,0,,0.04,0.84,24.98,[]
/dlsu/goks/cam,/dlsu/goks/cam,0.000000,63232.58933496475,0,,0,0,,0.02,0.55,23.95,[]
/dlsu/goks/cam,/dlsu/goks/cam,0.000000,63232.604908943176,0,,0,0,,0.01,0.45,25.09,[]
/dlsu/goks/cam,/dlsu/goks/cam,0.000000,63232.637841939926,0,,0,0,,0.06,0.87,24.05,[]
/dlsu/goks/cam,/dlsu/goks/cam,0.000000,0,0,,0,0,,0.00,0.00,24.27,[]
/dlsu/goks/cam,/dlsu/goks/cam,0.000000,63232.6854660511,0,,0,0,,0.07,1.23,24.79,[]
/dlsu/goks/cam,/dlsu/goks/cam,0.000000,63232.7164580822,0,,0,0,,0.03,0.40,24.76,[]
/dlsu/goks/cam,/dlsu/goks/cam,0.000000,63232.74855494499,0,,0,0,,0.04,0.80,25.12,[]
/dlsu/goks/cam,/dlsu/goks/cam,0.000000,63232.76476311684,0,,0,0,,0.15,0.91,21.59,[]
/dlsu/goks/cam,/dlsu/goks/cam,0.000000,63232.780261039734,0,,0,0,,0.04,0.88,20.21,[]
/dlsu/goks/cam,/dlsu/goks/cam,0.000000,63232.81228399277,0,,0,0,,0.06,0.64,23.56,[]
/dlsu/goks/cam,/dlsu/goks/cam,0.000000,63232.829011917114,0,,0,0,,0.03,1.05,25.07,[]
/dlsu/goks/cam,/dlsu/goks/cam,0.000000,0,0,,0,0,,0.00,0.00,23.55,[]
/dlsu/goks/cam,/dlsu/goks/cam,0.000000,63232.87694001198,0,,0,0,,0.08,1.14,25.12,[]
/dlsu/goks/cam,/dlsu/goks/cam,0.000000,63232.9080350399,0,,0,0,,0.02,0.84,21.82,[]
/dlsu/goks/cam,/dlsu/goks/cam,0.000000,63232.924449920654,0,,0,0,,0.08,0.68,25.09,[]
/dlsu/goks/cam,/dlsu/goks/cam,0.000000,0,0,,0,0,,0.00,0.00,21.74,[]
/dlsu/goks/cam,/dlsu/goks/cam,0.000000,63232.97247290611,0,,0,0,,0.05,0.70,24.72,[]
/dlsu/goks/cam,/dlsu/goks/cam,0.000000,63233.005669116974,0,,0,0,,0.05,1.90,24.38,[]
/dlsu/goks/cam,/dlsu/goks/cam,0.000000,0,0,,0,0,,0.00,0.00,25.08,[]
/dlsu/goks/cam,/dlsu/goks/cam,0.000000,63233.05257201195,0,,0,0,,0.06,1.09,24.18,[]
/dlsu/goks/cam,/dlsu/goks/cam,0.000000,63233.06788110733,0,,0,0,,0.02,0.70,24.67,[]
/dlsu/goks/cam,/dlsu/goks/cam,0.000000,63233.0995221138,0,,0,0,,0.02,0.76,24.41,[]
/dlsu/goks/cam,/dlsu/goks/cam,0.000000,63233.115516901016,0,,0,0,,0.14,0.42,23.64,[]
/dlsu/goks/cam,/dlsu/goks/cam,0.000000,63233.14757204056,0,,0,0,,0.02,0.63,24.22,[]
/dlsu/goks/cam,/dlsu/goks/cam,0.000000,63233.17966198921,0,,0,0,,0.02,0.79,24.74,[]
/dlsu/goks/cam,/dlsu/goks/cam,0.000000,0,0,,0,0,,0.00,0.00,25.20,[]
/dlsu/goks/cam,/dlsu/goks/cam,0.000000,0,0,,0,0,,0.00,0.00,25.07,[]
/dlsu/goks/cam,/dlsu/goks/cam,0.000000,0,0,,0,0,,0.00,0.00,25.09,[]
/dlsu/goks/cam,/dlsu/goks/cam,0.000000,0,0,,0,0,,0.00,0.00,23.89,[]
/dlsu/goks/cam,/dlsu/goks/cam,0.000000,0,0,,0,0,,0.00,0.00,24.21,[]
/dlsu/goks/cam,/dlsu/goks/cam,0.000000,0,0,,0,0,,0.00,0.00,25.07,[]
/dlsu/goks/cam,/dlsu/goks/cam,0.000000,0,0,,0,0,,0.00,0.00,23.49,[]
/dlsu/goks/cam,/dlsu/goks/cam,0.000000,0,0,,0,0,,0.00,0.00,25.10,[]
/dlsu/goks/cam,/dlsu/goks/cam,0.000000,0,0,,0,0,,0.00,0.00,25.09,[]
/dlsu/goks/cam,/dlsu/goks/cam,0.000000,0,0,,0,0,,0.00,0.00,25.15,[]
/dlsu/goks/cam,/dlsu/goks/cam,0.000000,0,0,,0,0,,0.00,0.00,25.11,[]
/dlsu/goks/cam,/dlsu/goks/cam,0.000000,0,0,,0,0,,0.00,0.00,25.41,[]
/dlsu/goks/cam,/dlsu/goks/cam,0.000000,0,0,,0,0,,0.00,0.00,21.30,[]
/dlsu/goks/cam,/dlsu/goks/cam,0.000000,0,0,,0,0,,0.00,0.00,25.10,[]
/dlsu/goks/cam,/dlsu/goks/cam,0.000000,0,0,,0,0,,0.00,0.00,25.12,[]
/dlsu/goks/cam,/dlsu/goks/cam,0.000000,63237.902492046356,0,,0,0,,0.09,1.16,25.23,[]
/dlsu/goks/cam,/dlsu/goks/cam,0.000000,63237.950112104416,0,,0,0,,0.34,15.97,27.66,[]
/dlsu/goks/cam,/dlsu/goks/cam,0.000000,63237.99188899994,0,,0,0,,0.26,18.46,37.85,[]
/dlsu/goks/cam,/dlsu/goks/cam,0.000000,63238.03262591362,0,,0,0,,0.03,7.45,21.43,[]
/dlsu/goks/cam,/dlsu/goks/cam,0.000000,63238.06809306145,0,,0,0,,0.04,0.00,25.15,[]
/dlsu/goks/cam,/dlsu/goks/cam,0.000000,63238.094160079956,0,,0,0,,0.12,10.88,23.90,[]
/dlsu/goks/cam,/dlsu/goks/cam,0.000000,63238.12977194786,0,,0,0,,0.48,0.00,25.37,[]
/dlsu/goks/cam,/dlsu/goks/cam,0.000000,63238.142345905304,0,,0,0,,0.13,2.85,25.38,[]
/dlsu/goks/cam,/dlsu/goks/cam,0.000000,63238.173933029175,0,,0,0,,0.07,1.13,22.43,[]
/dlsu/goks/cam,/dlsu/goks/cam,0.000000,63238.18951892853,0,,0,0,,0.12,0.53,23.61,[]
/dlsu/goks/cam,/dlsu/goks/cam,0.000000,63238.22253894806,0,,0,0,,0.10,1.37,25.56,[]
/dlsu/goks/cam,/dlsu/goks/cam,0.000000,0,0,,0,0,,0.00,0.00,25.36,[]
/dlsu/goks/cam,/dlsu/goks/cam,0.000000,0,0,,0,0,,0.00,0.00,24.71,[]
/dlsu/goks/cam,/dlsu/goks/cam,0.000000,0,0,,0,0,,0.00,0.00,25.10,[]
/dlsu/goks/cam,/dlsu/goks/cam,0.000000,0,0,,0,0,,0.00,0.00,25.14,[]
/dlsu/goks/cam,/dlsu/goks/cam,0.000000,0,0,,0,0,,0.00,0.00,25.11,[]
/dlsu/goks/cam,/dlsu/goks/cam,0.000000,63242.911859989166,0,,0,0,,0.14,1.62,25.10,[]
mfn(2)

/dlsu/goks/cam,/dlsu/goks/cam,0.000000,63399.35308909416,0,,0,63399.367481946945,,0.20,17.77,11458.72,[]
/dlsu/goks/cam,/dlsu/goks/cam,0.000000,63415.492404937744,0,,0,0,,0.16,1.08,25.11,[]
/dlsu/goks/cam,/dlsu/goks/cam,0.000000,63415.540319919586,0,,0,0,,0.09,1.05,20.92,[]
/dlsu/goks/cam,/dlsu/goks/cam,0.000000,0,0,,0,0,,0.00,0.00,25.16,[]
/dlsu/goks/cam,/dlsu/goks/cam,0.000000,63415.58786988258,0,,0,0,,0.10,0.73,22.76,[]
/dlsu/goks/cam,/dlsu/goks/cam,0.000000,0,0,,0,0,,0.00,0.00,25.11,[]
/dlsu/goks/cam,/dlsu/goks/cam,0.000000,63415.6213889122,0,,0,0,,0.00,0.47,25.20,[]
/dlsu/goks/cam,/dlsu/goks/cam,0.000000,63415.66832399368,0,,0,0,,0.05,1.12,25.40,[]
/dlsu/goks/cam,/dlsu/goks/cam,0.000000,0,0,,0,0,,0.00,0.00,21.83,[]
/dlsu/goks/cam,/dlsu/goks/cam,0.000000,63415.70035505295,0,,0,0,,0.04,0.42,25.40,[]
/dlsu/goks/cam,/dlsu/goks/cam,0.000000,63415.73261809349,0,,0,0,,0.04,0.57,24.17,[]
/dlsu/goks/cam,/dlsu/goks/cam,0.000000,63415.76405096054,0,,0,0,,0.03,0.66,24.85,[]
/dlsu/goks/cam,/dlsu/goks/cam,0.000000,63415.78018808365,0,,0,0,,0.05,0.41,23.51,[]
/dlsu/goks/cam,/dlsu/goks/cam,0.000000,63415.79583692551,0,,0,0,,0.02,0.08,24.78,[]
/dlsu/goks/cam,/dlsu/goks/cam,0.000000,63415.827975034714,0,,0,0,,0.04,0.43,24.76,[]
/dlsu/goks/cam,/dlsu/goks/cam,0.000000,63415.86052489281,0,,0,0,,0.08,0.28,21.42,[]
/dlsu/goks/cam,/dlsu/goks/cam,0.000000,0,0,,0,0,,0.00,0.00,25.09,[]
/dlsu/goks/cam,/dlsu/goks/cam,0.000000,63415.89250707626,0,,0,0,,0.04,0.14,23.45,[]
/dlsu/goks/cam,/dlsu/goks/cam,0.000000,0,0,,0,0,,0.00,0.00,20.76,[]
/dlsu/goks/cam,/dlsu/goks/cam,0.000000,0,0,,0,0,,0.00,0.00,24.38,[]
if(14)

/dlsu/goks/cam,/dlsu/goks/cam,0.000000,63539.598169088364,0,,0,63539.730180978775,,1.46,134.34,117377.08,[]
/dlsu/goks/cam,/dlsu/goks/cam,0.000000,63661.610141038895,0,,0,0,,0.19,1.83,25.35,[]
/dlsu/goks/cam,/dlsu/goks/cam,0.000000,63661.67290902138,0,,0,0,,0.14,1.95,21.36,[]
/dlsu/goks/cam,/dlsu/goks/cam,0.000000,63661.68858599663,0,,0,0,,0.02,0.83,23.61,[]
/dlsu/goks/cam,/dlsu/goks/cam,0.000000,63661.72129011154,0,,0,0,,0.06,1.00,24.00,[]
/dlsu/goks/cam,/dlsu/goks/cam,0.000000,63661.75261592865,0,,0,0,,0.04,0.73,25.73,[]
/dlsu/goks/cam,/dlsu/goks/cam,0.000000,63661.76836800575,0,,0,0,,0.02,0.60,20.89,[]
/dlsu/goks/cam,/dlsu/goks/cam,0.000000,0,0,,0,0,,0.00,0.00,25.07,[]
/dlsu/goks/cam,/dlsu/goks/cam,0.000000,63661.81623005867,0,,0,0,,0.05,0.77,23.37,[]
/dlsu/goks/cam,/dlsu/goks/cam,0.000000,63661.83236908913,0,,0,0,,0.04,0.66,20.95,[]
/dlsu/goks/cam,/dlsu/goks/cam,0.000000,63661.86453104019,0,,0,0,,0.10,0.86,23.73,[]
/dlsu/goks/cam,/dlsu/goks/cam,0.000000,63661.88033699989,0,,0,0,,0.02,0.77,25.11,[]
/dlsu/goks/cam,/dlsu/goks/cam,0.000000,63661.91218805313,0,,0,0,,0.02,0.61,25.08,[]
/dlsu/goks/cam,/dlsu/goks/cam,0.000000,63661.927969932556,0,,0,0,,0.02,0.85,20.47,[]
/dlsu/goks/cam,/dlsu/goks/cam,0.000000,0,0,,0,0,,0.00,0.00,25.09,[]
/dlsu/goks/cam,/dlsu/goks/cam,0.000000,63661.9766459465,0,,0,0,,0.04,1.06,20.70,[]
/dlsu/goks/cam,/dlsu/goks/cam,0.000000,63662.00837993622,0,,0,0,,0.03,0.81,24.82,[]
/dlsu/goks/cam,/dlsu/goks/cam,0.000000,63662.024209976196,0,,0,0,,0.02,0.59,24.25,[]
/dlsu/goks/cam,/dlsu/goks/cam,0.000000,63662.0559360981,0,,0,0,,0.04,0.68,25.08,[]
/dlsu/goks/cam,/dlsu/goks/cam,0.000000,63662.07225894928,0,,0,0,,0.10,0.65,24.27,[]
/dlsu/goks/cam,/dlsu/goks/cam,0.000000,63662.0877559185,0,,0,0,,0.03,0.39,25.06,[]
/dlsu/goks/cam,/dlsu/goks/cam,0.000000,63662.11954808235,0,,0,0,,0.02,0.34,25.11,[]
/dlsu/goks/cam,/dlsu/goks/cam,0.000000,63662.15185594559,0,,0,0,,0.02,0.73,24.86,[]
/dlsu/goks/cam,/dlsu/goks/cam,0.000000,63662.16779398918,0,,0,0,,0.03,0.75,25.10,[]
/dlsu/goks/cam,/dlsu/goks/cam,0.000000,63662.200207948685,0,,0,0,,0.03,0.98,24.39,[]
/dlsu/goks/cam,/dlsu/goks/cam,0.000000,63662.21556210518,0,,0,0,,0.04,0.83,23.23,[]
/dlsu/goks/cam,/dlsu/goks/cam,0.000000,63662.24763298035,0,,0,0,,0.03,0.72,24.63,[]
/dlsu/goks/cam,/dlsu/goks/cam,0.000000,0,0,,0,0,,0.00,0.00,25.13,[]
/dlsu/goks/cam,/dlsu/goks/cam,0.000000,63662.29580807686,0,,0,0,,0.04,0.90,25.13,[]
/dlsu/goks/cam,/dlsu/goks/cam,0.000000,63662.328329086304,0,,0,0,,0.04,1.18,25.15,[]
/dlsu/goks/cam,/dlsu/goks/cam,0.000000,63662.359472990036,0,,0,0,,0.02,0.69,25.05,[]
/dlsu/goks/cam,/dlsu/goks/cam,0.000000,63662.37572097778,0,,0,0,,0.04,0.59,22.55,[]
/dlsu/goks/cam,/dlsu/goks/cam,0.000000,63662.40737891197,0,,0,0,,0.03,0.62,25.09,[]
/dlsu/goks/cam,/dlsu/goks/cam,0.000000,63662.42362999916,0,,0,0,,0.02,0.65,20.57,[]
/dlsu/goks/cam,/dlsu/goks/cam,0.000000,63662.455400943756,0,,0,0,,0.02,0.62,25.08,[]
/dlsu/goks/cam,/dlsu/goks/cam,0.000000,63662.47101688385,0,,0,0,,0.02,0.35,20.95,[]
/dlsu/goks/cam,/dlsu/goks/cam,0.000000,63662.48727989197,0,,0,0,,0.02,0.60,25.08,[]
/dlsu/goks/cam,/dlsu/goks/cam,0.000000,63662.51951408386,0,,0,0,,0.02,0.65,25.00,[]
/dlsu/goks/cam,/dlsu/goks/cam,0.000000,63662.55126905441,0,,0,0,,0.04,1.49,24.28,[]
/dlsu/goks/cam,/dlsu/goks/cam,0.000000,63662.56745505333,0,,0,0,,0.02,0.63,20.85,[]
/dlsu/goks/cam,/dlsu/goks/cam,0.000000,63662.583492040634,0,,0,0,,0.03,0.75,20.66,[]
/dlsu/goks/cam,/dlsu/goks/cam,0.000000,0,0,,0,0,,0.00,0.00,25.12,[]
/dlsu/goks/cam,/dlsu/goks/cam,0.000000,63662.63195800781,0,,0,0,,0.06,1.05,24.52,[]
/dlsu/goks/cam,/dlsu/goks/cam,0.000000,63662.663153886795,0,,0,0,,0.02,0.54,22.99,[]
/dlsu/goks/cam,/dlsu/goks/cam,0.000000,63662.679438114166,0,,0,0,,0.03,0.79,25.08,[]
/dlsu/goks/cam,/dlsu/goks/cam,0.000000,63662.71137189865,0,,0,0,,0.02,0.68,24.59,[]
/dlsu/goks/cam,/dlsu/goks/cam,0.000000,63662.74303007126,0,,0,0,,0.08,0.34,25.52,[]
/dlsu/goks/cam,/dlsu/goks/cam,0.000000,63662.759428977966,0,,0,0,,0.04,1.81,21.90,[]
/dlsu/goks/cam,/dlsu/goks/cam,0.000000,63662.79084300995,0,,0,0,,0.03,0.39,24.67,[]
/dlsu/goks/cam,/dlsu/goks/cam,0.000000,63662.80682492256,0,,0,0,,0.04,0.89,21.50,[]
/dlsu/goks/cam,/dlsu/goks/cam,0.000000,63662.839077949524,0,,0,0,,0.02,0.65,25.32,[]
/dlsu/goks/cam,/dlsu/goks/cam,0.000000,63662.85481905937,0,,0,0,,0.02,0.87,20.76,[]
/dlsu/goks/cam,/dlsu/goks/cam,0.000000,63662.870934963226,0,,0,0,,0.02,0.61,21.87,[]
/dlsu/goks/cam,/dlsu/goks/cam,0.000000,63662.9029750824,0,,0,0,,0.02,0.67,25.10,[]
/dlsu/goks/cam,/dlsu/goks/cam,0.000000,63662.91888809204,0,,0,0,,0.02,0.74,22.16,[]
/dlsu/goks/cam,/dlsu/goks/cam,0.000000,63662.950789928436,0,,0,0,,0.02,0.68,20.46,[]
/dlsu/goks/cam,/dlsu/goks/cam,0.000000,63662.96659493446,0,,0,0,,0.02,0.86,24.90,[]
/dlsu/goks/cam,/dlsu/goks/cam,0.000000,63662.98276805878,0,,0,0,,0.02,0.66,25.10,[]
/dlsu/goks/cam,/dlsu/goks/cam,0.000000,63663.014631032944,0,,0,0,,0.02,0.67,24.78,[]
/dlsu/goks/cam,/dlsu/goks/cam,0.000000,63663.03036904335,0,,0,0,,0.12,0.38,25.13,[]
/dlsu/goks/cam,/dlsu/goks/cam,0.000000,63663.06272792816,0,,0,0,,0.02,1.20,24.41,[]
/dlsu/goks/cam,/dlsu/goks/cam,0.000000,63663.09450292587,0,,0,0,,0.05,0.99,24.37,[]
/dlsu/goks/cam,/dlsu/goks/cam,0.000000,63663.12625694275,0,,0,0,,0.03,0.67,25.40,[]
/dlsu/goks/cam,/dlsu/goks/cam,0.000000,63663.14256095886,0,,0,0,,0.02,0.64,25.07,[]
/dlsu/goks/cam,/dlsu/goks/cam,0.000000,63663.15866303444,0,,0,0,,0.05,0.70,24.98,[]
/dlsu/goks/cam,/dlsu/goks/cam,0.000000,63663.19067311287,0,,0,0,,0.03,0.72,25.12,[]
/dlsu/goks/cam,/dlsu/goks/cam,0.000000,63663.222549915314,0,,0,0,,0.12,1.43,24.96,[]
/dlsu/goks/cam,/dlsu/goks/cam,0.000000,63663.238694906235,0,,0,0,,0.03,0.61,23.14,[]
/dlsu/goks/cam,/dlsu/goks/cam,0.000000,63663.27097892761,0,,0,0,,0.05,0.93,25.09,[]
/dlsu/goks/cam,/dlsu/goks/cam,0.000000,63663.2863380909,0,,0,0,,0.02,0.81,24.92,[]
/dlsu/goks/cam,/dlsu/goks/cam,0.000000,63663.31847500801,0,,0,0,,0.03,0.74,22.48,[]
/dlsu/goks/cam,/dlsu/goks/cam,0.000000,63663.33442592621,0,,0,0,,0.03,0.76,25.12,[]
/dlsu/goks/cam,/dlsu/goks/cam,0.000000,63663.36631703377,0,,0,0,,0.04,2.39,25.09,[]
/dlsu/goks/cam,/dlsu/goks/cam,0.000000,63663.39902997017,0,,0,0,,0.37,7.66,27.57,[]
/dlsu/goks/cam,/dlsu/goks/cam,0.000000,63663.43314409256,0,,0,0,,0.16,3.96,28.40,[]
/dlsu/goks/cam,/dlsu/goks/cam,0.000000,63663.462491989136,0,,0,0,,0.18,2.31,26.93,[]
/dlsu/goks/cam,/dlsu/goks/cam,0.000000,63663.47956895828,0,,0,0,,0.10,5.25,21.20,[]
/dlsu/goks/cam,/dlsu/goks/cam,0.000000,63663.517188072205,0,,0,0,,0.18,6.32,25.25,[]
/dlsu/goks/cam,/dlsu/goks/cam,0.000000,63663.53435301781,0,,0,0,,0.21,1.24,21.99,[]
/dlsu/goks/cam,/dlsu/goks/cam,0.000000,63663.56540298462,0,,0,0,,0.10,0.00,24.37,[]
/dlsu/goks/cam,/dlsu/goks/cam,0.000000,63663.573972940445,0,,0,0,,0.03,2.34,25.45,[]
/dlsu/goks/cam,/dlsu/goks/cam,0.000000,0,0,,0,0,,0.00,0.00,24.65,[]
/dlsu/goks/cam,/dlsu/goks/cam,0.000000,63663.63760089874,0,,0,0,,0.04,1.13,24.39,[]
/dlsu/goks/cam,/dlsu/goks/cam,0.000000,63663.653254032135,0,,0,0,,0.02,0.41,20.76,[]
/dlsu/goks/cam,/dlsu/goks/cam,0.000000,63663.68538188934,0,,0,0,,0.02,0.61,25.08,[]
/dlsu/goks/cam,/dlsu/goks/cam,0.000000,63663.701322078705,0,,0,0,,0.02,0.58,22.52,[]
/dlsu/goks/cam,/dlsu/goks/cam,0.000000,63663.7173910141,0,,0,0,,0.13,0.64,24.15,[]
/dlsu/goks/cam,/dlsu/goks/cam,0.000000,63663.749186992645,0,,0,0,,0.02,1.26,24.50,[]
/dlsu/goks/cam,/dlsu/goks/cam,0.000000,63663.78148794174,0,,0,0,,0.05,0.82,25.09,[]
/dlsu/goks/cam,/dlsu/goks/cam,0.000000,0,0,,0,0,,0.00,0.00,25.09,[]
/dlsu/goks/cam,/dlsu/goks/cam,0.000000,63663.82948708534,0,,0,0,,0.18,1.24,25.14,[]
/dlsu/goks/cam,/dlsu/goks/cam,0.000000,63663.86133790016,0,,0,0,,0.10,1.41,25.10,[]
/dlsu/goks/cam,/dlsu/goks/cam,0.000000,0,0,,0,0,,0.00,0.00,22.25,[]
/dlsu/goks/cam,/dlsu/goks/cam,0.000000,63663.90915608406,0,,0,0,,0.03,0.67,25.19,[]
/dlsu/goks/cam,/dlsu/goks/cam,0.000000,0,0,,0,0,,0.00,0.00,25.06,[]
/dlsu/goks/cam,/dlsu/goks/cam,0.000000,63663.95664000511,0,,0,0,,0.08,0.36,20.69,[]
/dlsu/goks/cam,/dlsu/goks/cam,0.000000,63663.973026037216,0,,0,0,,0.02,0.85,20.68,[]
/dlsu/goks/cam,/dlsu/goks/cam,0.000000,0,0,,0,0,,0.00,0.00,23.48,[]
/dlsu/goks/cam,/dlsu/goks/cam,0.000000,63664.02132296562,0,,0,0,,0.04,1.01,23.86,[]
/dlsu/goks/cam,/dlsu/goks/cam,0.000000,63664.036396980286,0,,0,0,,0.02,0.42,22.82,[]
/dlsu/goks/cam,/dlsu/goks/cam,0.000000,63664.06860804558,0,,0,0,,0.04,0.71,25.09,[]
/dlsu/goks/cam,/dlsu/goks/cam,0.000000,0,0,,0,0,,0.00,0.00,25.11,[]
/dlsu/goks/cam,/dlsu/goks/cam,0.000000,63664.101308107376,0,,0,0,,0.01,1.35,24.41,[]
/dlsu/goks/cam,/dlsu/goks/cam,0.000000,63664.13231301308,0,,0,0,,0.06,0.69,25.08,[]
/dlsu/goks/cam,/dlsu/goks/cam,0.000000,63664.16485404968,0,,0,0,,0.04,1.22,24.92,[]
/dlsu/goks/cam,/dlsu/goks/cam,0.000000,0,0,,0,0,,0.00,0.00,25.10,[]
/dlsu/goks/cam,/dlsu/goks/cam,0.000000,63664.212976932526,0,,0,0,,0.10,1.31,23.13,[]
/dlsu/goks/cam,/dlsu/goks/cam,0.000000,63664.244077920914,0,,0,0,,0.02,0.71,24.32,[]
/dlsu/goks/cam,/dlsu/goks/cam,0.000000,63664.25967311859,0,,0,0,,0.05,0.47,25.07,[]
/dlsu/goks/cam,/dlsu/goks/cam,0.000000,63664.291820049286,0,,0,0,,0.03,0.77,25.09,[]
/dlsu/goks/cam,/dlsu/goks/cam,0.000000,63664.31085395813,0,,0,0,,0.11,0.80,22.97,[]
/dlsu/goks/cam,/dlsu/goks/cam,0.000000,63664.33950805664,0,,0,0,,0.04,0.80,22.49,[]
/dlsu/goks/cam,/dlsu/goks/cam,0.000000,63664.37136888504,0,,0,0,,0.02,0.00,25.22,[]
/dlsu/goks/cam,/dlsu/goks/cam,0.000000,63664.387166023254,0,,0,0,,0.03,0.55,21.80,[]
/dlsu/goks/cam,/dlsu/goks/cam,0.000000,0,0,,0,0,,0.00,0.00,25.05,[]
/dlsu/goks/cam,/dlsu/goks/cam,0.000000,63664.43601489067,0,,0,0,,0.04,1.18,24.30,[]
/dlsu/goks/cam,/dlsu/goks/cam,0.000000,63664.45141291618,0,,0,0,,0.03,0.71,25.06,[]
/dlsu/goks/cam,/dlsu/goks/cam,0.000000,0,0,,0,0,,0.00,0.00,24.38,[]
/dlsu/goks/cam,/dlsu/goks/cam,0.000000,63664.51536989212,0,,0,0,,0.06,1.45,25.10,[]
/dlsu/goks/cam,/dlsu/goks/cam,0.000000,63664.53190088272,0,,0,0,,0.03,1.04,24.28,[]
/dlsu/goks/cam,/dlsu/goks/cam,0.000000,63664.563595056534,0,,0,0,,0.02,0.84,24.92,[]
/dlsu/goks/cam,/dlsu/goks/cam,0.000000,0,0,,0,0,,0.00,0.00,24.56,[]
/dlsu/goks/cam,/dlsu/goks/cam,0.000000,63664.61097407341,0,,0,0,,0.05,1.37,23.72,[]
/dlsu/goks/cam,/dlsu/goks/cam,0.000000,63664.643187999725,0,,0,0,,0.04,0.70,25.15,[]
/dlsu/goks/cam,/dlsu/goks/cam,0.000000,0,0,,0,0,,0.00,0.53,25.12,[]
/dlsu/goks/cam,/dlsu/goks/cam,0.000000,63664.674854040146,0,,0,0,,0.04,0.42,25.11,[]
/dlsu/goks/cam,/dlsu/goks/cam,0.000000,63664.708194971085,0,,0,0,,0.05,0.82,23.07,[]
/dlsu/goks/cam,/dlsu/goks/cam,0.000000,63664.73882699013,0,,0,0,,0.04,0.43,21.96,[]
/dlsu/goks/cam,/dlsu/goks/cam,0.000000,63664.7551510334,0,,0,0,,0.02,0.62,21.47,[]
/dlsu/goks/cam,/dlsu/goks/cam,0.000000,63664.77129793167,0,,0,0,,0.02,0.80,22.82,[]
/dlsu/goks/cam,/dlsu/goks/cam,0.000000,63664.80292201042,0,,0,0,,0.03,0.52,24.76,[]
/dlsu/goks/cam,/dlsu/goks/cam,0.000000,63664.81921195984,0,,0,0,,0.05,0.83,24.73,[]
/dlsu/goks/cam,/dlsu/goks/cam,0.000000,63664.85102510452,0,,0,0,,0.02,0.66,25.05,[]
/dlsu/goks/cam,/dlsu/goks/cam,0.000000,63664.86678195,0,,0,0,,0.06,0.64,25.27,[]
/dlsu/goks/cam,/dlsu/goks/cam,0.000000,63664.89943408966,0,,0,0,,0.10,1.06,25.11,[]
/dlsu/goks/cam,/dlsu/goks/cam,0.000000,63664.93069911003,0,,0,0,,0.05,0.91,25.05,[]
/dlsu/goks/cam,/dlsu/goks/cam,0.000000,63664.94663310051,0,,0,0,,0.13,0.38,24.17,[]
/dlsu/goks/cam,/dlsu/goks/cam,0.000000,63664.97865605354,0,,0,0,,0.02,0.61,23.48,[]
/dlsu/goks/cam,/dlsu/goks/cam,0.000000,63664.99486398697,0,,0,0,,0.02,0.73,25.07,[]
/dlsu/goks/cam,/dlsu/goks/cam,0.000000,63665.0267329216,0,,0,0,,0.02,0.79,22.87,[]
/dlsu/goks/cam,/dlsu/goks/cam,0.000000,63665.04271197319,0,,0,0,,0.02,0.68,22.01,[]
/dlsu/goks/cam,/dlsu/goks/cam,0.000000,63665.05848002434,0,,0,0,,0.02,0.45,25.15,[]
/dlsu/goks/cam,/dlsu/goks/cam,0.000000,63665.09121990204,0,,0,0,,0.03,0.95,25.14,[]
/dlsu/goks/cam,/dlsu/goks/cam,0.000000,63665.12277388573,0,,0,0,,0.03,0.69,22.91,[]
/dlsu/goks/cam,/dlsu/goks/cam,0.000000,63665.138660907745,0,,0,0,,0.04,0.70,23.04,[]
/dlsu/goks/cam,/dlsu/goks/cam,0.000000,63665.17084503174,0,,0,0,,0.03,0.76,24.53,[]
/dlsu/goks/cam,/dlsu/goks/cam,0.000000,0,0,,0,0,,0.00,0.00,21.01,[]
/dlsu/goks/cam,/dlsu/goks/cam,0.000000,63665.21889901161,0,,0,0,,0.09,1.18,24.89,[]
/dlsu/goks/cam,/dlsu/goks/cam,0.000000,63665.23472690582,0,,0,0,,0.02,0.79,25.15,[]
/dlsu/goks/cam,/dlsu/goks/cam,0.000000,63665.267350912094,0,,0,0,,0.03,1.01,22.87,[]
/dlsu/goks/cam,/dlsu/goks/cam,0.000000,63665.28247690201,0,,0,0,,0.02,0.68,21.99,[]
/dlsu/goks/cam,/dlsu/goks/cam,0.000000,63665.31450200081,0,,0,0,,0.03,0.74,20.92,[]
/dlsu/goks/cam,/dlsu/goks/cam,0.000000,63665.33025407791,0,,0,0,,0.03,1.00,20.85,[]
/dlsu/goks/cam,/dlsu/goks/cam,0.000000,0,0,,0,0,,0.00,0.00,23.45,[]
/dlsu/goks/cam,/dlsu/goks/cam,0.000000,63665.37823295593,0,,0,0,,0.16,1.27,24.90,[]
/dlsu/goks/cam,/dlsu/goks/cam,0.000000,63665.41023302078,0,,0,0,,0.04,0.74,24.56,[]
/dlsu/goks/cam,/dlsu/goks/cam,0.000000,63665.426455020905,0,,0,0,,0.02,0.72,20.71,[]
/dlsu/goks/cam,/dlsu/goks/cam,0.000000,63665.44252204895,0,,0,0,,0.02,0.70,25.09,[]
/dlsu/goks/cam,/dlsu/goks/cam,0.000000,63665.47420310974,0,,0,0,,0.03,0.39,23.49,[]
/dlsu/goks/cam,/dlsu/goks/cam,0.000000,63665.49010205269,0,,0,0,,0.04,0.62,25.09,[]
/dlsu/goks/cam,/dlsu/goks/cam,0.000000,63665.52183008194,0,,0,0,,0.02,0.47,20.71,[]
/dlsu/goks/cam,/dlsu/goks/cam,0.000000,63665.538105010986,0,,0,0,,0.08,0.74,25.05,[]
/dlsu/goks/cam,/dlsu/goks/cam,0.000000,63665.57098698616,0,,0,0,,0.08,1.39,24.40,[]
/dlsu/goks/cam,/dlsu/goks/cam,0.000000,63665.58612203598,0,,0,0,,0.02,0.92,25.09,[]
/dlsu/goks/cam,/dlsu/goks/cam,0.000000,63665.61793708801,0,,0,0,,0.03,0.97,25.10,[]
/dlsu/goks/cam,/dlsu/goks/cam,0.000000,63665.63387989998,0,,0,0,,0.08,0.40,25.38,[]
/dlsu/goks/cam,/dlsu/goks/cam,0.000000,63665.66612410545,0,,0,0,,0.03,0.61,24.14,[]
/dlsu/goks/cam,/dlsu/goks/cam,0.000000,63665.69821190834,0,,0,0,,0.02,0.62,25.08,[]
/dlsu/goks/cam,/dlsu/goks/cam,0.000000,63665.71418094635,0,,0,0,,0.02,0.63,23.30,[]
/dlsu/goks/cam,/dlsu/goks/cam,0.000000,63665.72991108894,0,,0,0,,0.02,0.46,24.22,[]
/dlsu/goks/cam,/dlsu/goks/cam,0.000000,63665.76229810715,0,,0,0,,0.03,0.68,21.20,[]
/dlsu/goks/cam,/dlsu/goks/cam,0.000000,63665.794161081314,0,,0,0,,0.05,0.41,20.77,[]
/dlsu/goks/cam,/dlsu/goks/cam,0.000000,63665.81078791618,0,,0,0,,0.04,1.07,25.05,[]
/dlsu/goks/cam,/dlsu/goks/cam,0.000000,63665.826055049896,0,,0,0,,0.02,0.46,23.76,[]
/dlsu/goks/cam,/dlsu/goks/cam,0.000000,63665.857925891876,0,,0,0,,0.02,0.42,20.13,[]
/dlsu/goks/cam,/dlsu/goks/cam,0.000000,63665.89015293121,0,,0,0,,0.03,0.81,25.47,[]
/dlsu/goks/cam,/dlsu/goks/cam,0.000000,63665.90567588806,0,,0,0,,0.02,0.64,20.10,[]
/dlsu/goks/cam,/dlsu/goks/cam,0.000000,63665.92216300964,0,,0,0,,0.02,0.73,23.94,[]
/dlsu/goks/cam,/dlsu/goks/cam,0.000000,63665.953799963,0,,0,0,,0.03,0.38,25.17,[]
/dlsu/goks/cam,/dlsu/goks/cam,0.000000,63665.98615503311,0,,0,0,,0.05,1.17,25.16,[]
/dlsu/goks/cam,/dlsu/goks/cam,0.000000,0,0,,0,0,,0.00,0.00,23.77,[]
/dlsu/goks/cam,/dlsu/goks/cam,0.000000,63666.03360891342,0,,0,0,,0.07,1.33,25.06,[]
/dlsu/goks/cam,/dlsu/goks/cam,0.000000,63666.04956698418,0,,0,0,,0.05,0.71,25.08,[]
/dlsu/goks/cam,/dlsu/goks/cam,0.000000,63666.08187007904,0,,0,0,,0.05,0.69,25.07,[]
/dlsu/goks/cam,/dlsu/goks/cam,0.000000,63666.09783411026,0,,0,0,,0.02,0.67,23.85,[]
/dlsu/goks/cam,/dlsu/goks/cam,0.000000,63666.1296339035,0,,0,0,,0.04,0.58,25.06,[]
/dlsu/goks/cam,/dlsu/goks/cam,0.000000,63666.14554190636,0,,0,0,,0.03,0.71,25.08,[]
/dlsu/goks/cam,/dlsu/goks/cam,0.000000,63666.177798986435,0,,0,0,,0.02,0.90,21.78,[]
/dlsu/goks/cam,/dlsu/goks/cam,0.000000,0,0,,0,0,,0.00,0.00,25.06,[]
/dlsu/goks/cam,/dlsu/goks/cam,0.000000,63666.22577595711,0,,0,0,,0.07,1.49,22.84,[]
/dlsu/goks/cam,/dlsu/goks/cam,0.000000,63666.24181890488,0,,0,0,,0.09,0.61,22.11,[]
/dlsu/goks/cam,/dlsu/goks/cam,0.000000,0,0,,0,0,,0.00,0.00,25.08,[]
/dlsu/goks/cam,/dlsu/goks/cam,0.000000,0,0,,0,0,,0.00,0.00,22.22,[]
/dlsu/goks/cam,/dlsu/goks/cam,0.000000,0,0,,0,0,,0.00,0.00,25.10,[]
/dlsu/goks/cam,/dlsu/goks/cam,0.000000,0,0,,0,0,,0.00,0.00,25.12,[]
/dlsu/goks/cam,/dlsu/goks/cam,0.000000,0,0,,0,0,,0.00,0.00,25.09,[]
/dlsu/goks/cam,/dlsu/goks/cam,0.000000,0,0,,0,0,,0.00,0.00,25.08,[]
/dlsu/goks/cam,/dlsu/goks/cam,0.000000,0,0,,0,0,,0.00,0.00,24.39,[]
/dlsu/goks/cam,/dlsu/goks/cam,0.000000,0,0,,0,0,,0.00,0.00,23.87,[]
/dlsu/goks/cam,/dlsu/goks/cam,0.000000,0,0,,0,0,,0.00,0.00,25.13,[]
/dlsu/goks/cam,/dlsu/goks/cam,0.000000,0,0,,0,0,,0.00,0.00,25.14,[]
/dlsu/goks/cam,/dlsu/goks/cam,0.000000,0,0,,0,0,,0.00,0.00,24.55,[]
/dlsu/goks/cam,/dlsu/goks/cam,0.000000,0,0,,0,0,,0.00,0.00,24.17,[]
/dlsu/goks/cam,/dlsu/goks/cam,0.000000,0,0,,0,0,,0.00,0.00,25.11,[]
/dlsu/goks/cam,/dlsu/goks/cam,0.000000,0,0,,0,0,,0.00,0.00,25.07,[]
/dlsu/goks/cam,/dlsu/goks/cam,0.000000,0,0,,0,0,,0.00,0.00,24.84,[]
/dlsu/goks/cam,/dlsu/goks/cam,0.000000,0,0,,0,0,,0.00,0.00,25.14,[]
/dlsu/goks/cam,/dlsu/goks/cam,0.000000,0,0,,0,0,,0.00,0.00,24.50,[]
/dlsu/goks/cam,/dlsu/goks/cam,0.000000,0,0,,0,0,,0.00,0.00,25.13,[]
/dlsu/goks/cam,/dlsu/goks/cam,0.000000,0,0,,0,0,,0.00,0.00,24.27,[]
/dlsu/goks/cam,/dlsu/goks/cam,0.000000,63671.72819709778,0,,0,0,,0.15,1.68,22.10,[]
/dlsu/goks/cam,/dlsu/goks/cam,0.000000,63671.74456906319,0,,0,0,,0.05,0.64,25.09,[]
/dlsu/goks/cam,/dlsu/goks/cam,0.000000,63671.7763299942,0,,0,0,,0.10,0.80,21.24,[]
/dlsu/goks/cam,/dlsu/goks/cam,0.000000,63671.792603969574,0,,0,0,,0.05,0.82,20.91,[]
/dlsu/goks/cam,/dlsu/goks/cam,0.000000,63671.82454395294,0,,0,0,,0.04,0.75,20.86,[]
/dlsu/goks/cam,/dlsu/goks/cam,0.000000,63671.84068107605,0,,0,0,,0.03,0.76,25.08,[]
/dlsu/goks/cam,/dlsu/goks/cam,0.000000,63671.872540950775,0,,0,0,,0.03,0.69,25.91,[]
/dlsu/goks/cam,/dlsu/goks/cam,0.000000,63671.889343976974,0,,0,0,,0.39,1.08,25.05,[]
/dlsu/goks/cam,/dlsu/goks/cam,0.000000,0,0,,0,0,,0.00,0.00,25.09,[]
/dlsu/goks/cam,/dlsu/goks/cam,0.000000,63671.941797971725,0,,0,0,,0.20,5.21,25.75,[]
/dlsu/goks/cam,/dlsu/goks/cam,0.000000,63671.98968100548,0,,0,0,,0.09,18.96,31.00,[]
/dlsu/goks/cam,/dlsu/goks/cam,0.000000,0,0,,0,0,,0.00,0.00,25.12,[]
/dlsu/goks/cam,/dlsu/goks/cam,0.000000,0,0,,0,0,,0.00,0.00,25.18,[]
/dlsu/goks/cam,/dlsu/goks/cam,0.000000,0,0,,0,0,,0.00,0.00,21.83,[]
if(2)

/dlsu/goks/cam,/dlsu/goks/cam,0.000000,63817.1702580452,0,,0,63817.191226005554,,2.63,56.76,11524.22,[]
/dlsu/goks/cam,/dlsu/goks/cam,0.000000,63832.87820005417,0,,0,0,,0.25,1.78,25.17,[]
/dlsu/goks/cam,/dlsu/goks/cam,0.000000,63832.89414906502,0,,0,0,,0.24,0.58,21.12,[]
/dlsu/goks/cam,/dlsu/goks/cam,0.000000,0,0,,0,0,,0.00,0.00,24.97,[]
/dlsu/goks/cam,/dlsu/goks/cam,0.000000,63832.94272208214,0,,0,0,,0.05,0.83,25.23,[]
/dlsu/goks/cam,/dlsu/goks/cam,0.000000,63832.98971104622,0,,0,0,,0.08,0.58,21.99,[]
/dlsu/goks/cam,/dlsu/goks/cam,0.000000,63833.006069898605,0,,0,0,,0.05,1.63,25.17,[]
/dlsu/goks/cam,/dlsu/goks/cam,0.000000,63833.03788590431,0,,0,0,,0.14,0.57,26.05,[]
/dlsu/goks/cam,/dlsu/goks/cam,0.000000,63833.05402088165,0,,0,0,,0.04,0.52,23.83,[]
/dlsu/goks/cam,/dlsu/goks/cam,0.000000,63833.085939884186,0,,0,0,,0.16,0.21,20.12,[]
/dlsu/goks/cam,/dlsu/goks/cam,0.000000,63833.10206604004,0,,0,0,,0.07,0.50,21.18,[]
/dlsu/goks/cam,/dlsu/goks/cam,0.000000,63833.11775302887,0,,0,0,,0.05,0.49,25.06,[]
/dlsu/goks/cam,/dlsu/goks/cam,0.000000,63833.14974093437,0,,0,0,,0.03,0.50,24.41,[]
/dlsu/goks/cam,/dlsu/goks/cam,0.000000,63833.18130302429,0,,0,0,,0.04,0.41,25.25,[]
/dlsu/goks/cam,/dlsu/goks/cam,0.000000,63833.197926044464,0,,0,0,,0.13,0.57,24.28,[]
/dlsu/goks/cam,/dlsu/goks/cam,0.000000,63833.229111909866,0,,0,0,,0.03,0.65,23.74,[]
/dlsu/goks/cam,/dlsu/goks/cam,0.000000,63833.24556899071,0,,0,0,,0.07,0.95,23.41,[]
/dlsu/goks/cam,/dlsu/goks/cam,0.000000,63833.26197195053,0,,0,0,,0.11,2.12,23.81,[]
/dlsu/goks/cam,/dlsu/goks/cam,0.000000,0,0,,0,0,,0.00,0.00,28.20,[]
/dlsu/goks/cam,/dlsu/goks/cam,0.000000,0,0,,0,0,,0.00,0.00,55.50,[]
/dlsu/goks/cam,/dlsu/goks/cam,0.000000,0,0,,0,0,,0.00,0.00,24.53,[]
fn(14)

/dlsu/goks/cam,/dlsu/goks/cam,0.000000,63930.77781200409,0,,0,63930.909329891205,,3.49,136.58,117595.20,[]
/dlsu/goks/cam,/dlsu/goks/cam,0.000000,64053.116946935654,0,,0,0,,0.19,2.00,24.19,[]
/dlsu/goks/cam,/dlsu/goks/cam,0.000000,64053.13366103172,0,,0,0,,0.02,0.72,20.93,[]
/dlsu/goks/cam,/dlsu/goks/cam,0.000000,64053.16517210007,0,,0,0,,0.02,0.65,22.86,[]
/dlsu/goks/cam,/dlsu/goks/cam,0.000000,64053.18098902702,0,,0,0,,0.03,0.74,22.03,[]
/dlsu/goks/cam,/dlsu/goks/cam,0.000000,64053.21311998367,0,,0,0,,0.05,0.95,25.06,[]
/dlsu/goks/cam,/dlsu/goks/cam,0.000000,64053.22905302048,0,,0,0,,0.05,0.75,23.41,[]
/dlsu/goks/cam,/dlsu/goks/cam,0.000000,64053.260941028595,0,,0,0,,0.04,0.66,24.76,[]
/dlsu/goks/cam,/dlsu/goks/cam,0.000000,64053.29311490059,0,,0,0,,0.06,1.13,24.95,[]
/dlsu/goks/cam,/dlsu/goks/cam,0.000000,64053.309149980545,0,,0,0,,0.02,0.74,24.20,[]
/dlsu/goks/cam,/dlsu/goks/cam,0.000000,64053.34111595154,0,,0,0,,0.03,0.64,24.29,[]
/dlsu/goks/cam,/dlsu/goks/cam,0.000000,0,0,,0,0,,0.00,0.00,25.06,[]
/dlsu/goks/cam,/dlsu/goks/cam,0.000000,64053.37260198593,0,,0,0,,0.04,0.48,24.45,[]
/dlsu/goks/cam,/dlsu/goks/cam,0.000000,64053.40523505211,0,,0,0,,0.11,0.97,25.13,[]
/dlsu/goks/cam,/dlsu/goks/cam,0.000000,0,0,,0,0,,0.00,0.00,25.08,[]
/dlsu/goks/cam,/dlsu/goks/cam,0.000000,64053.469238996506,0,,0,0,,0.06,0.63,25.35,[]
/dlsu/goks/cam,/dlsu/goks/cam,0.000000,64053.48453593254,0,,0,0,,0.04,0.67,24.18,[]
/dlsu/goks/cam,/dlsu/goks/cam,0.000000,64053.51649403572,0,,0,0,,0.02,0.82,25.09,[]
/dlsu/goks/cam,/dlsu/goks/cam,0.000000,64053.53239989281,0,,0,0,,0.02,0.76,23.54,[]
/dlsu/goks/cam,/dlsu/goks/cam,0.000000,64053.54804897308,0,,0,0,,0.04,0.96,24.41,[]
/dlsu/goks/cam,/dlsu/goks/cam,0.000000,64053.58074903488,0,,0,0,,0.06,1.02,24.27,[]
/dlsu/goks/cam,/dlsu/goks/cam,0.000000,0,0,,0,0,,0.00,0.00,25.09,[]
/dlsu/goks/cam,/dlsu/goks/cam,0.000000,64053.62878704071,0,,0,0,,0.03,1.29,20.70,[]
/dlsu/goks/cam,/dlsu/goks/cam,0.000000,64053.65992498398,0,,0,0,,0.02,0.66,24.13,[]
/dlsu/goks/cam,/dlsu/goks/cam,0.000000,64053.675875902176,0,,0,0,,0.02,0.69,23.25,[]
/dlsu/goks/cam,/dlsu/goks/cam,0.000000,64053.69153499603,0,,0,0,,0.02,0.46,23.30,[]
/dlsu/goks/cam,/dlsu/goks/cam,0.000000,64053.72394800186,0,,0,0,,0.02,0.75,24.32,[]
/dlsu/goks/cam,/dlsu/goks/cam,0.000000,64053.73956799507,0,,0,0,,0.04,0.52,24.30,[]
/dlsu/goks/cam,/dlsu/goks/cam,0.000000,64053.77159905434,0,,0,0,,0.03,0.64,25.08,[]
/dlsu/goks/cam,/dlsu/goks/cam,0.000000,64053.78722810745,0,,0,0,,0.02,0.38,25.09,[]
/dlsu/goks/cam,/dlsu/goks/cam,0.000000,64053.81999993324,0,,0,0,,0.03,1.25,24.63,[]
/dlsu/goks/cam,/dlsu/goks/cam,0.000000,64053.85122895241,0,,0,0,,0.03,0.65,20.86,[]
/dlsu/goks/cam,/dlsu/goks/cam,0.000000,0,0,,0,0,,0.00,0.00,25.09,[]
/dlsu/goks/cam,/dlsu/goks/cam,0.000000,64053.899003982544,0,,0,0,,0.06,1.49,24.15,[]
/dlsu/goks/cam,/dlsu/goks/cam,0.000000,64053.915227890015,0,,0,0,,0.03,0.66,25.09,[]
/dlsu/goks/cam,/dlsu/goks/cam,0.000000,64053.94751596451,0,,0,0,,0.04,0.97,22.22,[]
/dlsu/goks/cam,/dlsu/goks/cam,0.000000,0,0,,0,0,,0.00,0.00,25.06,[]
/dlsu/goks/cam,/dlsu/goks/cam,0.000000,64053.99580311775,0,,0,0,,0.03,1.35,21.56,[]
/dlsu/goks/cam,/dlsu/goks/cam,0.000000,0,0,,0,0,,0.00,0.00,25.06,[]
/dlsu/goks/cam,/dlsu/goks/cam,0.000000,64054.043638944626,0,,0,0,,0.09,1.01,22.32,[]
/dlsu/goks/cam,/dlsu/goks/cam,0.000000,64054.05886602402,0,,0,0,,0.02,0.54,25.08,[]
/dlsu/goks/cam,/dlsu/goks/cam,0.000000,64054.09091806412,0,,0,0,,0.04,1.08,22.25,[]
/dlsu/goks/cam,/dlsu/goks/cam,0.000000,64054.10717201233,0,,0,0,,0.02,0.63,25.07,[]
/dlsu/goks/cam,/dlsu/goks/cam,0.000000,64054.13907289505,0,,0,0,,0.02,0.67,25.12,[]
/dlsu/goks/cam,/dlsu/goks/cam,0.000000,64054.15504693985,0,,0,0,,0.05,0.70,22.13,[]
/dlsu/goks/cam,/dlsu/goks/cam,0.000000,64054.186733961105,0,,0,0,,0.03,0.40,23.65,[]
/dlsu/goks/cam,/dlsu/goks/cam,0.000000,64054.21898293495,0,,0,0,,0.05,1.59,25.17,[]
/dlsu/goks/cam,/dlsu/goks/cam,0.000000,64054.23473095894,0,,0,0,,0.02,0.36,23.33,[]
/dlsu/goks/cam,/dlsu/goks/cam,0.000000,64054.26731300354,0,,0,0,,0.06,7.55,28.78,[]
/dlsu/goks/cam,/dlsu/goks/cam,0.000000,64054.287867069244,0,,0,0,,0.08,0.00,27.89,[]
/dlsu/goks/cam,/dlsu/goks/cam,0.000000,64054.3792181015,0,,0,0,,0.17,68.17,54.84,[]
/dlsu/goks/cam,/dlsu/goks/cam,0.000000,0,0,,0,0,,0.00,0.00,25.35,[]
/dlsu/goks/cam,/dlsu/goks/cam,0.000000,64054.41156101227,0,,0,0,,0.02,2.73,22.70,[]
/dlsu/goks/cam,/dlsu/goks/cam,0.000000,64054.443054914474,0,,0,0,,0.02,0.64,21.22,[]
/dlsu/goks/cam,/dlsu/goks/cam,0.000000,64054.45877099037,0,,0,0,,0.03,0.86,25.10,[]
/dlsu/goks/cam,/dlsu/goks/cam,0.000000,64054.490977048874,0,,0,0,,0.03,0.72,20.86,[]
/dlsu/goks/cam,/dlsu/goks/cam,0.000000,64054.50701999664,0,,0,0,,0.02,0.66,25.10,[]
/dlsu/goks/cam,/dlsu/goks/cam,0.000000,64054.53960490227,0,,0,0,,0.03,1.26,20.75,[]
/dlsu/goks/cam,/dlsu/goks/cam,0.000000,0,0,,0,0,,0.00,0.00,25.06,[]
/dlsu/goks/cam,/dlsu/goks/cam,0.000000,64054.586669921875,0,,0,0,,0.04,0.80,23.39,[]
/dlsu/goks/cam,/dlsu/goks/cam,0.000000,64054.60265493393,0,,0,0,,0.02,0.37,20.53,[]
/dlsu/goks/cam,/dlsu/goks/cam,0.000000,64054.635023117065,0,,0,0,,0.05,0.69,21.14,[]
/dlsu/goks/cam,/dlsu/goks/cam,0.000000,0,0,,0,0,,0.00,0.00,25.05,[]
/dlsu/goks/cam,/dlsu/goks/cam,0.000000,64054.683108091354,0,,0,0,,0.05,1.31,22.50,[]
/dlsu/goks/cam,/dlsu/goks/cam,0.000000,64054.68382310867,0,,0,0,,0.00,0.59,25.40,[]
/dlsu/goks/cam,/dlsu/goks/cam,0.000000,64054.73130106926,0,,0,0,,0.06,1.45,25.22,[]
/dlsu/goks/cam,/dlsu/goks/cam,0.000000,64054.747123003006,0,,0,0,,0.02,0.78,23.06,[]
/dlsu/goks/cam,/dlsu/goks/cam,0.000000,0,0,,0,0,,0.00,0.00,25.11,[]
/dlsu/goks/cam,/dlsu/goks/cam,0.000000,64054.79536294937,0,,0,0,,0.04,1.07,25.14,[]
/dlsu/goks/cam,/dlsu/goks/cam,0.000000,64054.82697200775,0,,0,0,,0.02,0.82,23.79,[]
/dlsu/goks/cam,/dlsu/goks/cam,0.000000,64054.84280896187,0,,0,0,,0.03,0.71,25.07,[]
/dlsu/goks/cam,/dlsu/goks/cam,0.000000,64054.87469792366,0,,0,0,,0.03,0.66,24.79,[]
/dlsu/goks/cam,/dlsu/goks/cam,0.000000,64054.89050197601,0,,0,0,,0.03,0.64,25.09,[]
/dlsu/goks/cam,/dlsu/goks/cam,0.000000,64054.923209905624,0,,0,0,,0.03,1.25,21.11,[]
/dlsu/goks/cam,/dlsu/goks/cam,0.000000,64054.954277038574,0,,0,0,,0.02,0.67,25.05,[]
/dlsu/goks/cam,/dlsu/goks/cam,0.000000,0,0,,0,0,,0.00,0.00,21.84,[]
/dlsu/goks/cam,/dlsu/goks/cam,0.000000,64054.98694705963,0,,0,0,,0.07,1.35,24.01,[]
/dlsu/goks/cam,/dlsu/goks/cam,0.000000,64055.01817011833,0,,0,0,,0.06,0.67,22.90,[]
/dlsu/goks/cam,/dlsu/goks/cam,0.000000,64055.03407692909,0,,0,0,,0.08,0.66,25.06,[]
/dlsu/goks/cam,/dlsu/goks/cam,0.000000,64055.06600403786,0,,0,0,,0.17,0.98,25.09,[]
/dlsu/goks/cam,/dlsu/goks/cam,0.000000,64055.082046985626,0,,0,0,,0.05,0.79,20.92,[]
/dlsu/goks/cam,/dlsu/goks/cam,0.000000,64055.0985929966,0,,0,0,,0.05,0.38,25.08,[]
/dlsu/goks/cam,/dlsu/goks/cam,0.000000,64055.13086104393,0,,0,0,,0.30,1.27,21.39,[]
/dlsu/goks/cam,/dlsu/goks/cam,0.000000,64055.16160607338,0,,0,0,,0.02,0.68,23.35,[]
/dlsu/goks/cam,/dlsu/goks/cam,0.000000,64055.17829108238,0,,0,0,,0.03,0.62,25.12,[]
/dlsu/goks/cam,/dlsu/goks/cam,0.000000,64055.209918022156,0,,0,0,,0.03,0.67,25.22,[]
/dlsu/goks/cam,/dlsu/goks/cam,0.000000,64055.22588610649,0,,0,0,,0.08,0.64,25.08,[]
/dlsu/goks/cam,/dlsu/goks/cam,0.000000,64055.25742006302,0,,0,0,,0.02,0.83,24.30,[]
/dlsu/goks/cam,/dlsu/goks/cam,0.000000,64055.289716959,0,,0,0,,0.07,0.46,21.03,[]
/dlsu/goks/cam,/dlsu/goks/cam,0.000000,0,0,,0,0,,0.00,0.00,25.06,[]
/dlsu/goks/cam,/dlsu/goks/cam,0.000000,64055.337493896484,0,,0,0,,0.09,1.67,25.10,[]
/dlsu/goks/cam,/dlsu/goks/cam,0.000000,64055.353205919266,0,,0,0,,0.03,0.45,20.31,[]
/dlsu/goks/cam,/dlsu/goks/cam,0.000000,64055.36908698082,0,,0,0,,0.02,0.81,20.77,[]
/dlsu/goks/cam,/dlsu/goks/cam,0.000000,0,0,,0,0,,0.00,0.00,22.51,[]
/dlsu/goks/cam,/dlsu/goks/cam,0.000000,64055.4181330204,0,,0,0,,0.04,1.23,22.35,[]
/dlsu/goks/cam,/dlsu/goks/cam,0.000000,0,0,,0,0,,0.00,0.00,25.08,[]
/dlsu/goks/cam,/dlsu/goks/cam,0.000000,64055.46607494354,0,,0,0,,0.05,1.08,24.18,[]
/dlsu/goks/cam,/dlsu/goks/cam,0.000000,64055.49775290489,0,,0,0,,0.04,1.39,24.65,[]
/dlsu/goks/cam,/dlsu/goks/cam,0.000000,64055.513526916504,0,,0,0,,0.03,0.73,24.60,[]
/dlsu/goks/cam,/dlsu/goks/cam,0.000000,64055.545321941376,0,,0,0,,0.17,1.23,24.28,[]
/dlsu/goks/cam,/dlsu/goks/cam,0.000000,64055.56148505211,0,,0,0,,0.02,0.86,25.10,[]
/dlsu/goks/cam,/dlsu/goks/cam,0.000000,0,0,,0,0,,0.00,0.00,24.34,[]
/dlsu/goks/cam,/dlsu/goks/cam,0.000000,64055.6249499321,0,,0,0,,0.15,1.48,24.27,[]
/dlsu/goks/cam,/dlsu/goks/cam,0.000000,0,0,,0,0,,0.00,0.00,48.86,[]
/dlsu/goks/cam,/dlsu/goks/cam,0.000000,64055.67816209793,0,,0,0,,0.24,2.19,25.54,[]
/dlsu/goks/cam,/dlsu/goks/cam,0.000000,64055.70486497879,0,,0,0,,0.03,0.51,25.16,[]
/dlsu/goks/cam,/dlsu/goks/cam,0.000000,64055.737369060516,0,,0,0,,0.05,0.95,24.54,[]
/dlsu/goks/cam,/dlsu/goks/cam,0.000000,64055.76886892319,0,,0,0,,0.04,0.81,21.01,[]
/dlsu/goks/cam,/dlsu/goks/cam,0.000000,64055.78507590294,0,,0,0,,0.06,0.66,20.51,[]
/dlsu/goks/cam,/dlsu/goks/cam,0.000000,64055.817193984985,0,,0,0,,0.05,0.65,23.26,[]
/dlsu/goks/cam,/dlsu/goks/cam,0.000000,64055.832797050476,0,,0,0,,0.02,0.87,20.98,[]
/dlsu/goks/cam,/dlsu/goks/cam,0.000000,64055.84945011139,0,,0,0,,0.03,1.11,21.61,[]
/dlsu/goks/cam,/dlsu/goks/cam,0.000000,64055.88092708588,0,,0,0,,0.03,0.72,25.08,[]
/dlsu/goks/cam,/dlsu/goks/cam,0.000000,64055.896996974945,0,,0,0,,0.03,0.72,24.29,[]
/dlsu/goks/cam,/dlsu/goks/cam,0.000000,64055.92903494835,0,,0,0,,0.03,0.70,24.41,[]
/dlsu/goks/cam,/dlsu/goks/cam,0.000000,64055.94504189491,0,,0,0,,0.02,0.72,25.10,[]
/dlsu/goks/cam,/dlsu/goks/cam,0.000000,64055.9613070488,0,,0,0,,0.02,0.86,25.36,[]
/dlsu/goks/cam,/dlsu/goks/cam,0.000000,64056.00870490074,0,,0,0,,0.07,1.07,22.24,[]
/dlsu/goks/cam,/dlsu/goks/cam,0.000000,64056.02487492561,0,,0,0,,0.03,0.65,24.85,[]
/dlsu/goks/cam,/dlsu/goks/cam,0.000000,64056.05633711815,0,,0,0,,0.04,0.72,25.08,[]
/dlsu/goks/cam,/dlsu/goks/cam,0.000000,64056.07255411148,0,,0,0,,0.03,0.66,25.06,[]
/dlsu/goks/cam,/dlsu/goks/cam,0.000000,64056.08821797371,0,,0,0,,0.03,0.41,25.12,[]
/dlsu/goks/cam,/dlsu/goks/cam,0.000000,64056.12024497986,0,,0,0,,0.02,0.60,25.40,[]
/dlsu/goks/cam,/dlsu/goks/cam,0.000000,64056.15224289894,0,,0,0,,0.03,0.68,22.74,[]
/dlsu/goks/cam,/dlsu/goks/cam,0.000000,64056.16907811165,0,,0,0,,0.09,1.11,25.07,[]
/dlsu/goks/cam,/dlsu/goks/cam,0.000000,64056.200496912,0,,0,0,,0.02,0.64,21.76,[]
/dlsu/goks/cam,/dlsu/goks/cam,0.000000,64056.21634507179,0,,0,0,,0.02,0.65,24.06,[]
/dlsu/goks/cam,/dlsu/goks/cam,0.000000,64056.232472896576,0,,0,0,,0.02,0.34,20.87,[]
/dlsu/goks/cam,/dlsu/goks/cam,0.000000,64056.264338970184,0,,0,0,,0.04,0.83,24.10,[]
/dlsu/goks/cam,/dlsu/goks/cam,0.000000,64056.295943021774,0,,0,0,,0.05,0.87,24.98,[]
/dlsu/goks/cam,/dlsu/goks/cam,0.000000,0,0,,0,0,,0.00,0.00,25.12,[]
/dlsu/goks/cam,/dlsu/goks/cam,0.000000,64056.32885599136,0,,0,0,,0.03,0.74,24.70,[]
/dlsu/goks/cam,/dlsu/goks/cam,0.000000,64056.37578010559,0,,0,0,,0.16,0.77,24.43,[]
/dlsu/goks/cam,/dlsu/goks/cam,0.000000,64056.39187788963,0,,0,0,,0.02,0.58,21.60,[]
/dlsu/goks/cam,/dlsu/goks/cam,0.000000,64056.42381000519,0,,0,0,,0.02,0.71,25.34,[]
/dlsu/goks/cam,/dlsu/goks/cam,0.000000,64056.43987798691,0,,0,0,,0.02,0.61,20.97,[]
/dlsu/goks/cam,/dlsu/goks/cam,0.000000,64056.455756902695,0,,0,0,,0.07,0.49,22.23,[]
/dlsu/goks/cam,/dlsu/goks/cam,0.000000,64056.48749399185,0,,0,0,,0.02,0.64,24.86,[]
/dlsu/goks/cam,/dlsu/goks/cam,0.000000,64056.5031850338,0,,0,0,,0.02,0.90,24.78,[]
/dlsu/goks/cam,/dlsu/goks/cam,0.000000,64056.51965594292,0,,0,0,,0.02,0.37,24.71,[]
/dlsu/goks/cam,/dlsu/goks/cam,0.000000,64056.55136489868,0,,0,0,,0.02,0.73,24.82,[]
/dlsu/goks/cam,/dlsu/goks/cam,0.000000,64056.58399605751,0,,0,0,,0.05,1.15,25.15,[]
/dlsu/goks/cam,/dlsu/goks/cam,0.000000,0,0,,0,0,,0.00,0.00,25.09,[]
/dlsu/goks/cam,/dlsu/goks/cam,0.000000,64056.63206100464,0,,0,0,,0.04,1.15,25.09,[]
/dlsu/goks/cam,/dlsu/goks/cam,0.000000,64056.66372799873,0,,0,0,,0.02,0.96,25.09,[]
/dlsu/goks/cam,/dlsu/goks/cam,0.000000,64056.67932009697,0,,0,0,,0.08,0.63,24.21,[]
/dlsu/goks/cam,/dlsu/goks/cam,0.000000,64056.711246967316,0,,0,0,,0.07,1.16,23.66,[]
/dlsu/goks/cam,/dlsu/goks/cam,0.000000,0,0,,0,0,,0.00,0.00,25.11,[]
/dlsu/goks/cam,/dlsu/goks/cam,0.000000,64056.76041889191,0,,0,0,,0.06,2.09,25.01,[]
/dlsu/goks/cam,/dlsu/goks/cam,0.000000,64056.791340112686,0,,0,0,,0.05,0.81,23.04,[]
/dlsu/goks/cam,/dlsu/goks/cam,0.000000,64056.806826114655,0,,0,0,,0.02,0.64,22.10,[]
/dlsu/goks/cam,/dlsu/goks/cam,0.000000,0,0,,0,0,,0.00,0.00,20.65,[]
/dlsu/goks/cam,/dlsu/goks/cam,0.000000,64056.838686943054,0,,0,0,,0.03,0.39,24.29,[]
/dlsu/goks/cam,/dlsu/goks/cam,0.000000,64056.87066197395,0,,0,0,,0.02,0.61,24.82,[]
/dlsu/goks/cam,/dlsu/goks/cam,0.000000,64056.902458906174,0,,0,0,,0.02,0.40,24.85,[]
/dlsu/goks/cam,/dlsu/goks/cam,0.000000,64056.934482097626,0,,0,0,,0.05,1.24,24.89,[]
/dlsu/goks/cam,/dlsu/goks/cam,0.000000,0,0,,0,0,,0.00,0.00,25.10,[]
/dlsu/goks/cam,/dlsu/goks/cam,0.000000,64056.966546058655,0,,0,0,,0.05,0.87,25.09,[]
/dlsu/goks/cam,/dlsu/goks/cam,0.000000,64056.998692035675,0,,0,0,,0.04,1.04,20.72,[]
/dlsu/goks/cam,/dlsu/goks/cam,0.000000,0,0,,0,0,,0.00,0.00,25.13,[]
/dlsu/goks/cam,/dlsu/goks/cam,0.000000,64057.045834064484,0,,0,0,,0.03,0.64,25.09,[]
/dlsu/goks/cam,/dlsu/goks/cam,0.000000,64057.061758995056,0,,0,0,,0.03,0.82,25.35,[]
/dlsu/goks/cam,/dlsu/goks/cam,0.000000,64057.0940349102,0,,0,0,,0.02,0.83,25.22,[]
/dlsu/goks/cam,/dlsu/goks/cam,0.000000,64057.125610113144,0,,0,0,,0.03,0.59,24.32,[]
/dlsu/goks/cam,/dlsu/goks/cam,0.000000,64057.14183306694,0,,0,0,,0.02,0.66,25.09,[]
/dlsu/goks/cam,/dlsu/goks/cam,0.000000,64057.1742310524,0,,0,0,,0.04,0.94,22.19,[]
/dlsu/goks/cam,/dlsu/goks/cam,0.000000,64057.18985199928,0,,0,0,,0.05,0.71,25.09,[]
/dlsu/goks/cam,/dlsu/goks/cam,0.000000,64057.22128009796,0,,0,0,,0.03,0.86,20.41,[]
/dlsu/goks/cam,/dlsu/goks/cam,0.000000,64057.23711895943,0,,0,0,,0.02,0.34,21.93,[]
/dlsu/goks/cam,/dlsu/goks/cam,0.000000,64057.26932692528,0,,0,0,,0.03,0.42,24.16,[]
/dlsu/goks/cam,/dlsu/goks/cam,0.000000,64057.28569698334,0,,0,0,,0.03,0.84,22.79,[]
/dlsu/goks/cam,/dlsu/goks/cam,0.000000,64057.31759309769,0,,0,0,,0.05,1.33,25.07,[]
/dlsu/goks/cam,/dlsu/goks/cam,0.000000,0,0,,0,0,,0.00,0.00,25.12,[]
/dlsu/goks/cam,/dlsu/goks/cam,0.000000,64057.36534500122,0,,0,0,,0.05,1.45,20.66,[]
/dlsu/goks/cam,/dlsu/goks/cam,0.000000,64057.38128590584,0,,0,0,,0.02,0.64,25.26,[]
/dlsu/goks/cam,/dlsu/goks/cam,0.000000,64057.41352891922,0,,0,0,,0.02,0.81,25.08,[]
/dlsu/goks/cam,/dlsu/goks/cam,0.000000,64057.42937898636,0,,0,0,,0.05,0.92,23.36,[]
/dlsu/goks/cam,/dlsu/goks/cam,0.000000,64057.46128201485,0,,0,0,,0.02,0.81,24.78,[]
/dlsu/goks/cam,/dlsu/goks/cam,0.000000,64057.4769411087,0,,0,0,,0.16,0.61,24.71,[]
/dlsu/goks/cam,/dlsu/goks/cam,0.000000,64057.50940203667,0,,0,0,,0.04,0.95,25.09,[]
/dlsu/goks/cam,/dlsu/goks/cam,0.000000,0,0,,0,0,,0.00,0.00,25.17,[]
/dlsu/goks/cam,/dlsu/goks/cam,0.000000,64057.55733394623,0,,0,0,,0.04,1.02,25.09,[]
/dlsu/goks/cam,/dlsu/goks/cam,0.000000,64057.57261610031,0,,0,0,,0.08,0.44,25.08,[]
/dlsu/goks/cam,/dlsu/goks/cam,0.000000,64057.60468792915,0,,0,0,,0.02,0.69,25.08,[]
/dlsu/goks/cam,/dlsu/goks/cam,0.000000,64057.63641500473,0,,0,0,,0.02,0.36,23.98,[]
/dlsu/goks/cam,/dlsu/goks/cam,0.000000,64057.66834306717,0,,0,0,,0.04,0.36,24.48,[]
/dlsu/goks/cam,/dlsu/goks/cam,0.000000,64057.68455505371,0,,0,0,,0.02,0.63,24.59,[]
/dlsu/goks/cam,/dlsu/goks/cam,0.000000,64057.71640896797,0,,0,0,,0.02,0.69,25.67,[]
/dlsu/goks/cam,/dlsu/goks/cam,0.000000,0,0,,0,0,,0.00,0.00,25.13,[]
/dlsu/goks/cam,/dlsu/goks/cam,0.000000,64057.748342990875,0,,0,0,,0.06,1.74,25.09,[]
/dlsu/goks/cam,/dlsu/goks/cam,0.000000,64057.78000497818,0,,0,0,,0.07,0.66,25.07,[]
/dlsu/goks/cam,/dlsu/goks/cam,0.000000,64057.8125770092,0,,0,0,,0.02,1.21,25.07,[]
/dlsu/goks/cam,/dlsu/goks/cam,0.000000,64057.82781910896,0,,0,0,,0.02,1.03,25.10,[]
/dlsu/goks/cam,/dlsu/goks/cam,0.000000,64057.85984802246,0,,0,0,,0.02,0.92,20.58,[]
/dlsu/goks/cam,/dlsu/goks/cam,0.000000,0,0,,0,0,,0.00,0.00,25.08,[]
/dlsu/goks/cam,/dlsu/goks/cam,0.000000,0,0,,0,0,,0.00,0.00,25.11,[]
/dlsu/goks/cam,/dlsu/goks/cam,0.000000,0,0,,0,0,,0.00,0.00,25.09,[]
/dlsu/goks/cam,/dlsu/goks/cam,0.000000,0,0,,0,0,,0.00,0.00,25.08,[]
/dlsu/goks/cam,/dlsu/goks/cam,0.000000,0,0,,0,0,,0.00,0.00,25.10,[]
/dlsu/goks/cam,/dlsu/goks/cam,0.000000,0,0,,0,0,,0.00,0.00,25.12,[]
/dlsu/goks/cam,/dlsu/goks/cam,0.000000,0,0,,0,0,,0.00,0.00,24.71,[]
/dlsu/goks/cam,/dlsu/goks/cam,0.000000,0,0,,0,0,,0.00,0.00,24.23,[]
/dlsu/goks/cam,/dlsu/goks/cam,0.000000,0,0,,0,0,,0.00,0.00,25.09,[]
/dlsu/goks/cam,/dlsu/goks/cam,0.000000,0,0,,0,0,,0.00,0.00,25.08,[]
/dlsu/goks/cam,/dlsu/goks/cam,0.000000,0,0,,0,0,,0.00,0.00,24.62,[]
/dlsu/goks/cam,/dlsu/goks/cam,0.000000,0,0,,0,0,,0.00,0.00,25.07,[]
/dlsu/goks/cam,/dlsu/goks/cam,0.000000,0,0,,0,0,,0.00,0.00,25.08,[]
/dlsu/goks/cam,/dlsu/goks/cam,0.000000,0,0,,0,0,,0.00,0.00,25.08,[]
/dlsu/goks/cam,/dlsu/goks/cam,0.000000,0,0,,0,0,,0.00,0.00,24.08,[]
/dlsu/goks/cam,/dlsu/goks/cam,0.000000,0,0,,0,0,,0.00,0.00,25.12,[]
/dlsu/goks/cam,/dlsu/goks/cam,0.000000,0,0,,0,0,,0.00,0.00,23.55,[]
/dlsu/goks/cam,/dlsu/goks/cam,0.000000,0,0,,0,0,,0.00,0.00,25.51,[]
/dlsu/goks/cam,/dlsu/goks/cam,0.000000,0,0,,0,0,,0.00,0.00,23.97,[]
/dlsu/goks/cam,/dlsu/goks/cam,0.000000,0,0,,0,0,,0.00,0.00,24.82,[]
/dlsu/goks/cam,/dlsu/goks/cam,0.000000,0,0,,0,0,,0.00,0.00,24.82,[]
/dlsu/goks/cam,/dlsu/goks/cam,0.000000,0,0,,0,0,,0.00,0.00,24.82,[]
/dlsu/goks/cam,/dlsu/goks/cam,0.000000,0,0,,0,0,,0.00,0.00,25.15,[]
/dlsu/goks/cam,/dlsu/goks/cam,0.000000,0,0,,0,0,,0.00,0.00,25.12,[]
/dlsu/goks/cam,/dlsu/goks/cam,0.000000,0,0,,0,0,,0.00,0.00,25.08,[]
/dlsu/goks/cam,/dlsu/goks/cam,0.000000,64063.219840049744,0,,0,0,,0.09,1.27,21.21,[]
/dlsu/goks/cam,/dlsu/goks/cam,0.000000,0,0,,0,0,,0.00,0.00,25.06,[]
/dlsu/goks/cam,/dlsu/goks/cam,0.000000,64063.2680850029,0,,0,0,,0.05,1.44,21.63,[]
/dlsu/goks/cam,/dlsu/goks/cam,0.000000,64063.28396296501,0,,0,0,,0.02,0.76,25.07,[]
/dlsu/goks/cam,/dlsu/goks/cam,0.000000,64063.31555509567,0,,0,0,,0.03,0.74,21.89,[]
/dlsu/goks/cam,/dlsu/goks/cam,0.000000,64063.331929922104,0,,0,0,,0.12,0.71,25.08,[]
/dlsu/goks/cam,/dlsu/goks/cam,0.000000,64063.36627292633,0,,0,0,,0.75,2.62,26.75,[]
/dlsu/goks/cam,/dlsu/goks/cam,0.000000,64063.3826880455,0,,0,0,,0.25,5.36,24.16,[]
/dlsu/goks/cam,/dlsu/goks/cam,0.000000,64063.45009589195,0,,0,0,,8.50,14.80,30.68,[]
/dlsu/goks/cam,/dlsu/goks/cam,0.000000,64063.47643303871,0,,0,0,,0.33,2.76,28.29,[]
/dlsu/goks/cam,/dlsu/goks/cam,0.000000,64063.49648690224,0,,0,0,,0.09,1.06,22.98,[]
/dlsu/goks/cam,/dlsu/goks/cam,0.000000,64063.52401590347,0,,0,0,,0.05,1.06,24.58,[]
/dlsu/goks/cam,/dlsu/goks/cam,0.000000,64063.54115009308,0,,0,0,,0.08,1.03,25.78,[]
/dlsu/goks/cam,/dlsu/goks/cam,0.000000,64063.57264089584,0,,0,0,,0.12,1.48,20.15,[]
/dlsu/goks/cam,/dlsu/goks/cam,0.000000,0,0,,0,0,,0.00,0.00,25.10,[]
/dlsu/goks/cam,/dlsu/goks/cam,0.000000,64063.61934900284,0,,0,0,,0.02,0.42,23.28,[]
/dlsu/goks/cam,/dlsu/goks/cam,0.000000,0,0,,0,0,,0.00,0.00,25.12,[]
/dlsu/goks/cam,/dlsu/goks/cam,0.000000,0,0,,0,0,,0.00,0.00,25.21,[]
/dlsu/goks/cam,/dlsu/goks/cam,0.000000,0,0,,0,0,,0.00,0.00,25.07,[]
/dlsu/goks/cam,/dlsu/goks/cam,0.000000,0,0,,0,0,,0.00,0.00,25.09,[]
fn(2)

/dlsu/goks/cam,/dlsu/goks/cam,0.000000,64399.37641310692,0,,0,64399.41099190712,,6.49,69.73,11327.37,[]
/dlsu/goks/cam,/dlsu/goks/cam,0.000000,64415.84258508682,0,,0,0,,0.45,3.54,25.25,[]
/dlsu/goks/cam,/dlsu/goks/cam,0.000000,64415.91316199303,0,,0,0,,0.09,2.91,25.43,[]
/dlsu/goks/cam,/dlsu/goks/cam,0.000000,0,0,,0,0,,0.01,0.00,25.36,[]
/dlsu/goks/cam,/dlsu/goks/cam,0.000000,64415.994019031525,0,,0,0,,0.18,2.38,23.47,[]
/dlsu/goks/cam,/dlsu/goks/cam,0.000000,0,0,,0,0,,0.03,0.00,25.71,[]
/dlsu/goks/cam,/dlsu/goks/cam,0.000000,64416.065313100815,0,,0,0,,0.29,0.90,22.05,[]
/dlsu/goks/cam,/dlsu/goks/cam,0.000000,64416.11700105667,0,,0,0,,0.07,0.87,21.64,[]
/dlsu/goks/cam,/dlsu/goks/cam,0.000000,64416.175674915314,0,,0,0,,0.12,0.90,25.18,[]
/dlsu/goks/cam,/dlsu/goks/cam,0.000000,64416.207725048065,0,,0,0,,0.06,0.60,22.81,[]
/dlsu/goks/cam,/dlsu/goks/cam,0.000000,0,0,,0,0,,0.01,0.00,24.30,[]
/dlsu/goks/cam,/dlsu/goks/cam,0.000000,64416.2457139492,0,,0,0,,0.04,0.58,25.09,[]
/dlsu/goks/cam,/dlsu/goks/cam,0.000000,64416.311880111694,0,,0,0,,0.34,2.27,22.06,[]
/dlsu/goks/cam,/dlsu/goks/cam,0.000000,0,0,,0,0,,0.02,0.00,23.39,[]
/dlsu/goks/cam,/dlsu/goks/cam,0.000000,64416.368180036545,0,,0,0,,0.11,1.02,22.11,[]
/dlsu/goks/cam,/dlsu/goks/cam,0.000000,64416.489084005356,0,,0,0,,3.96,21.21,24.03,[]
/dlsu/goks/cam,/dlsu/goks/cam,0.000000,0,0,,0,0,,0.01,0.00,27.11,[]
/dlsu/goks/cam,/dlsu/goks/cam,0.000000,64416.54114508629,0,,0,0,,0.13,1.08,21.80,[]
/dlsu/goks/cam,/dlsu/goks/cam,0.000000,64416.583517074585,0,,0,0,,0.17,4.44,21.58,[]
/dlsu/goks/cam,/dlsu/goks/cam,0.000000,64416.62682509422,0,,0,0,,0.07,1.86,24.13,[]
/dlsu/goks/cam,/dlsu/goks/cam,0.000000,0,0,,0,0,,0.01,0.00,24.65,[]
/dlsu/goks/cam,/dlsu/goks/cam,0.000000,64416.69278693199,0,,0,0,,0.12,1.22,22.82,[]
/dlsu/goks/cam,/dlsu/goks/cam,0.000000,0,0,,0,0,,0.01,0.00,25.33,[]
/dlsu/goks/cam,/dlsu/goks/cam,0.000000,0,0,,0,0,,0.01,0.00,24.36,[]
/dlsu/goks/cam,/dlsu/goks/cam,0.000000,64416.76486706734,0,,0,0,,0.04,0.65,21.28,[]
/dlsu/goks/cam,/dlsu/goks/cam,0.000000,64416.81318807602,0,,0,0,,0.06,0.54,22.62,[]
/dlsu/goks/cam,/dlsu/goks/cam,0.000000,0,0,,0,0,,0.01,0.00,25.06,[]
/dlsu/goks/cam,/dlsu/goks/cam,0.000000,64416.88114905357,0,,0,0,,0.03,0.53,21.56,[]
/dlsu/goks/cam,/dlsu/goks/cam,0.000000,64416.92401599884,0,,0,0,,0.06,1.53,24.08,[]
/dlsu/goks/cam,/dlsu/goks/cam,0.000000,0,0,,0,0,,0.02,0.00,20.46,[]
/dlsu/goks/cam,/dlsu/goks/cam,0.000000,64417.004914045334,0,,0,0,,0.45,1.97,25.68,[]
/dlsu/goks/cam,/dlsu/goks/cam,0.000000,64417.093802928925,0,,0,0,,0.34,1.06,21.66,[]
/dlsu/goks/cam,/dlsu/goks/cam,0.000000,0,0,,0,0,,0.07,0.00,20.47,[]
/dlsu/goks/cam,/dlsu/goks/cam,0.000000,64417.13052010536,0,,0,0,,0.07,1.09,25.27,[]
/dlsu/goks/cam,/dlsu/goks/cam,0.000000,64417.200254917145,0,,0,0,,0.18,1.54,20.36,[]
/dlsu/goks/cam,/dlsu/goks/cam,0.000000,0,0,,0,0,,0.02,0.00,25.07,[]
/dlsu/goks/cam,/dlsu/goks/cam,0.000000,64417.27605700493,0,,0,0,,0.14,1.34,21.77,[]
/dlsu/goks/cam,/dlsu/goks/cam,0.000000,0,0,,0,0,,0.02,0.00,24.59,[]
/dlsu/goks/cam,/dlsu/goks/cam,0.000000,64417.3189098835,0,,0,0,,0.07,1.14,24.03,[]
/dlsu/goks/cam,/dlsu/goks/cam,0.000000,64417.37350296974,0,,0,0,,0.07,1.13,25.07,[]
/dlsu/goks/cam,/dlsu/goks/cam,0.000000,64417.43834090233,0,,0,0,,0.07,0.57,22.10,[]
/dlsu/goks/cam,/dlsu/goks/cam,0.000000,64417.48502397537,0,,0,0,,0.04,0.49,22.96,[]
/dlsu/goks/cam,/dlsu/goks/cam,0.000000,64417.52461910248,0,,0,0,,0.08,1.49,25.09,[]
/dlsu/goks/cam,/dlsu/goks/cam,0.000000,0,0,,0,0,,0.01,0.00,22.93,[]
/dlsu/goks/cam,/dlsu/goks/cam,0.000000,64417.5936191082,0,,0,0,,0.04,0.63,22.70,[]
/dlsu/goks/cam,/dlsu/goks/cam,0.000000,64417.66763091087,0,,0,0,,0.04,0.75,25.14,[]
/dlsu/goks/cam,/dlsu/goks/cam,0.000000,64417.72848010063,0,,0,0,,0.35,2.08,21.83,[]
/dlsu/goks/cam,/dlsu/goks/cam,0.000000,0,0,,0,0,,0.01,0.00,25.35,[]
/dlsu/goks/cam,/dlsu/goks/cam,0.000000,64417.792730093,0,,0,0,,0.10,1.91,20.74,[]
/dlsu/goks/cam,/dlsu/goks/cam,0.000000,0,0,,0,0,,0.00,0.00,25.27,[]
/dlsu/goks/cam,/dlsu/goks/cam,0.000000,64417.88930988312,0,,0,0,,0.06,0.60,21.07,[]
/dlsu/goks/cam,/dlsu/goks/cam,0.000000,64417.91797590256,0,,0,0,,0.08,1.17,25.43,[]
/dlsu/goks/cam,/dlsu/goks/cam,0.000000,64417.95132303238,0,,0,0,,0.20,0.94,23.40,[]
/dlsu/goks/cam,/dlsu/goks/cam,0.000000,64418.025070905685,0,,0,0,,0.24,1.71,21.33,[]
/dlsu/goks/cam,/dlsu/goks/cam,0.000000,0,0,,0,0,,0.01,0.00,23.87,[]
/dlsu/goks/cam,/dlsu/goks/cam,0.000000,64418.19916200638,0,,0,0,,0.15,1.74,21.19,[]
/dlsu/goks/cam,/dlsu/goks/cam,0.000000,64418.21511101723,0,,0,0,,0.07,0.78,21.67,[]
/dlsu/goks/cam,/dlsu/goks/cam,0.000000,0,0,,0,0,,0.01,0.00,25.45,[]
/dlsu/goks/cam,/dlsu/goks/cam,0.000000,64418.30225610733,0,,0,0,,0.05,0.66,24.77,[]
/dlsu/goks/cam,/dlsu/goks/cam,0.000000,64418.37479400635,0,,0,0,,0.12,1.66,23.82,[]
/dlsu/goks/cam,/dlsu/goks/cam,0.000000,0,0,,0,0,,0.01,0.00,25.13,[]
/dlsu/goks/cam,/dlsu/goks/cam,0.000000,64418.43041801453,0,,0,0,,0.24,1.69,23.75,[]
/dlsu/goks/cam,/dlsu/goks/cam,0.000000,64418.45664191246,0,,0,0,,0.04,0.59,23.42,[]
/dlsu/goks/cam,/dlsu/goks/cam,0.000000,64418.48801898956,0,,0,0,,0.05,0.93,25.49,[]
/dlsu/goks/cam,/dlsu/goks/cam,0.000000,64418.513551950455,0,,0,0,,0.18,0.87,25.06,[]
/dlsu/goks/cam,/dlsu/goks/cam,0.000000,0,0,,0,0,,0.01,0.00,25.07,[]
/dlsu/goks/cam,/dlsu/goks/cam,0.000000,64418.58764004707,0,,0,0,,0.07,1.43,25.08,[]
/dlsu/goks/cam,/dlsu/goks/cam,0.000000,64418.61958003044,0,,0,0,,0.04,0.68,25.13,[]
/dlsu/goks/cam,/dlsu/goks/cam,0.000000,64418.636806964874,0,,0,0,,0.09,1.18,24.97,[]
/dlsu/goks/cam,/dlsu/goks/cam,0.000000,0,0,,0,0,,0.01,0.00,25.43,[]
/dlsu/goks/cam,/dlsu/goks/cam,0.000000,64418.73795104027,0,,0,0,,0.13,1.12,22.17,[]
/dlsu/goks/cam,/dlsu/goks/cam,0.000000,64418.78387904167,0,,0,0,,1.49,23.20,22.09,[]
/dlsu/goks/cam,/dlsu/goks/cam,0.000000,64418.827064991,0,,0,0,,0.06,2.04,25.06,[]
/dlsu/goks/cam,/dlsu/goks/cam,0.000000,64418.891817092896,0,,0,0,,0.10,1.00,25.24,[]
/dlsu/goks/cam,/dlsu/goks/cam,0.000000,0,0,,0,0,,0.01,0.00,25.17,[]
/dlsu/goks/cam,/dlsu/goks/cam,0.000000,64418.9944460392,0,,0,0,,0.16,1.63,25.07,[]
/dlsu/goks/cam,/dlsu/goks/cam,0.000000,0,0,,0,0,,0.01,0.00,23.47,[]
/dlsu/goks/cam,/dlsu/goks/cam,0.000000,64419.075212955475,0,,0,0,,0.12,1.38,25.26,[]
/dlsu/goks/cam,/dlsu/goks/cam,0.000000,64423.90558099747,0,,0,0,,0.28,1.70,20.34,[]
/dlsu/goks/cam,/dlsu/goks/cam,0.000000,64423.965373039246,0,,0,0,,0.05,0.66,21.74,[]
/dlsu/goks/cam,/dlsu/goks/cam,0.000000,64424.00799489021,0,,0,0,,0.04,0.60,21.47,[]
/dlsu/goks/cam,/dlsu/goks/cam,0.000000,64424.03933811188,0,,0,0,,0.07,0.72,20.99,[]
/dlsu/goks/cam,/dlsu/goks/cam,0.000000,64424.08232998848,0,,0,0,,0.08,1.06,24.25,[]
/dlsu/goks/cam,/dlsu/goks/cam,0.000000,64424.24263501167,0,,0,0,,0.15,7.63,23.36,[]
/dlsu/goks/cam,/dlsu/goks/cam,0.000000,64424.27138590813,0,,0,0,,0.76,0.91,54.27,[]
/dlsu/goks/cam,/dlsu/goks/cam,0.000000,64424.33036899567,0,,0,0,,0.17,1.94,23.00,[]
/dlsu/goks/cam,/dlsu/goks/cam,0.000000,0,0,,0,0,,0.02,0.00,21.01,[]
/dlsu/goks/cam,/dlsu/goks/cam,0.000000,0,0,,0,0,,0.01,0.00,25.09,[]
/dlsu/goks/cam,/dlsu/goks/cam,0.000000,64424.398736953735,0,,0,0,,0.04,0.67,25.10,[]
/dlsu/goks/cam,/dlsu/goks/cam,0.000000,64424.42656803131,0,,0,0,,0.05,0.62,25.08,[]
/dlsu/goks/cam,/dlsu/goks/cam,0.000000,0,0,,0,0,,0.01,0.00,21.23,[]
/dlsu/goks/cam,/dlsu/goks/cam,0.000000,64424.515666007996,0,,0,0,,0.08,0.88,25.18,[]
/dlsu/goks/cam,/dlsu/goks/cam,0.000000,64424.59491300583,0,,0,0,,0.59,0.79,21.26,[]
/dlsu/goks/cam,/dlsu/goks/cam,0.000000,64424.625776052475,0,,0,0,,0.05,0.72,21.68,[]
/dlsu/goks/cam,/dlsu/goks/cam,0.000000,64424.648425102234,0,,0,0,,0.05,1.63,25.13,[]
/dlsu/goks/cam,/dlsu/goks/cam,0.000000,64424.751142024994,0,,0,0,,0.09,1.34,23.78,[]
/dlsu/goks/cam,/dlsu/goks/cam,0.000000,0,0,,0,0,,0.01,0.00,25.40,[]
/dlsu/goks/cam,/dlsu/goks/cam,0.000000,64424.79067611694,0,,0,0,,0.04,0.63,25.14,[]
/dlsu/goks/cam,/dlsu/goks/cam,0.000000,64424.85108208656,0,,0,0,,0.15,1.35,23.43,[]
/dlsu/goks/cam,/dlsu/goks/cam,0.000000,64424.8660929203,0,,0,0,,0.02,0.53,25.12,[]
/dlsu/goks/cam,/dlsu/goks/cam,0.000000,0,0,,0,0,,0.01,0.00,25.32,[]
/dlsu/goks/cam,/dlsu/goks/cam,0.000000,64424.98775291443,0,,0,0,,0.07,1.56,25.38,[]
/dlsu/goks/cam,/dlsu/goks/cam,0.000000,0,0,,0,0,,0.00,0.00,20.72,[]
/dlsu/goks/cam,/dlsu/goks/cam,0.000000,64425.037792921066,0,,0,0,,0.05,0.16,25.67,[]
/dlsu/goks/cam,/dlsu/goks/cam,0.000000,0,0,,0,0,,0.00,0.00,22.19,[]
/dlsu/goks/cam,/dlsu/goks/cam,0.000000,64425.08377099037,0,,0,0,,0.07,1.15,24.64,[]
/dlsu/goks/cam,/dlsu/goks/cam,0.000000,64425.1194460392,0,,0,0,,0.06,0.72,24.26,[]
/dlsu/goks/cam,/dlsu/goks/cam,0.000000,64425.15976309776,0,,0,0,,0.02,0.69,25.15,[]
/dlsu/goks/cam,/dlsu/goks/cam,0.000000,64429.95791196823,0,,0,0,,0.54,4.86,21.01,[]
/dlsu/goks/cam,/dlsu/goks/cam,0.000000,0,0,,0,0,,0.01,0.00,25.41,[]
/dlsu/goks/cam,/dlsu/goks/cam,0.000000,64430.02644991875,0,,0,0,,0.08,1.58,20.32,[]
/dlsu/goks/cam,/dlsu/goks/cam,0.000000,0,0,,0,0,,0.01,0.00,22.67,[]
/dlsu/goks/cam,/dlsu/goks/cam,0.000000,64430.08692789078,0,,0,0,,0.30,2.50,22.00,[]
/dlsu/goks/cam,/dlsu/goks/cam,0.000000,64430.151701927185,0,,0,0,,0.09,1.51,23.71,[]
/dlsu/goks/cam,/dlsu/goks/cam,0.000000,0,0,,0,0,,0.01,0.00,24.84,[]
/dlsu/goks/cam,/dlsu/goks/cam,0.000000,64434.959409952164,0,,0,0,,5.13,9.38,21.50,[]
/dlsu/goks/cam,/dlsu/goks/cam,0.000000,64435.010478019714,0,,0,0,,0.17,1.15,22.06,[]
/dlsu/goks/cam,/dlsu/goks/cam,0.000000,0,0,,0,0,,0.00,0.00,25.10,[]
14

