node,name,RTT_ms,interest_receive_time,interest_sent_time,interest_latency,data_receive_time,data_sent_time,data_latency,parsing_time,processing_time,send_time,functions
/dlsu/goks/cam,/dlsu/goks/cam,0.000000,66271.98106789589,0,,0,66272.00500202179,,3.68,28.50,11238.33,[]
/dlsu/goks/cam,/dlsu/goks/cam,0.000000,66288.06763911247,0,,0,0,,0.17,1.05,21.15,[]
/dlsu/goks/cam,/dlsu/goks/cam,0.000000,66288.11164903641,0,,0,0,,0.04,0.92,21.13,[]
/dlsu/goks/cam,/dlsu/goks/cam,0.000000,66288.18708395958,0,,0,0,,0.04,0.90,21.09,[]
/dlsu/goks/cam,/dlsu/goks/cam,0.000000,66288.21878290176,0,,0,0,,0.03,0.82,21.42,[]
/dlsu/goks/cam,/dlsu/goks/cam,0.000000,66288.28287005424,0,,0,0,,0.06,0.94,25.14,[]
/dlsu/goks/cam,/dlsu/goks/cam,0.000000,0,0,,0,0,,0.01,0.00,25.10,[]
/dlsu/goks/cam,/dlsu/goks/cam,0.000000,66288.36817789078,0,,0,0,,0.06,0.92,20.32,[]
/dlsu/goks/cam,/dlsu/goks/cam,0.000000,0,0,,0,0,,0.00,0.00,22.79,[]
/dlsu/goks/cam,/dlsu/goks/cam,0.000000,66288.40033888817,0,,0,0,,0.04,0.54,21.70,[]
/dlsu/goks/cam,/dlsu/goks/cam,0.000000,66288.46145009995,0,,0,0,,0.05,1.07,22.44,[]
/dlsu/goks/cam,/dlsu/goks/cam,0.000000,0,0,,0,0,,0.01,0.00,25.08,[]
/dlsu/goks/cam,/dlsu/goks/cam,0.000000,66288.54400491714,0,,0,0,,0.07,0.72,22.25,[]
/dlsu/goks/cam,/dlsu/goks/cam,0.000000,0,0,,0,0,,0.01,0.00,25.08,[]
/dlsu/goks/cam,/dlsu/goks/cam,0.000000,66288.6033399105,0,,0,0,,0.04,0.62,25.10,[]
/dlsu/goks/cam,/dlsu/goks/cam,0.000000,66288.66242003441,0,,0,0,,0.08,1.30,22.85,[]
/dlsu/goks/cam,/dlsu/goks/cam,0.000000,66288.69305610657,0,,0,0,,0.03,0.48,25.09,[]
/dlsu/goks/cam,/dlsu/goks/cam,0.000000,0,0,,0,0,,0.01,0.00,21.19,[]
/dlsu/goks/cam,/dlsu/goks/cam,0.000000,66288.75814890862,0,,0,0,,0.04,0.58,25.15,[]
/dlsu/goks/cam,/dlsu/goks/cam,0.000000,66288.80909490585,0,,0,0,,0.03,0.64,20.51,[]
/dlsu/goks/cam,/dlsu/goks/cam,0.000000,66288.8576540947,0,,0,0,,0.04,0.86,21.36,[]
/dlsu/goks/cam,/dlsu/goks/cam,0.000000,66288.91059708595,0,,0,0,,0.05,0.53,21.42,[]
/dlsu/goks/cam,/dlsu/goks/cam,0.000000,66288.94234704971,0,,0,0,,0.04,0.58,20.66,[]
/dlsu/goks/cam,/dlsu/goks/cam,0.000000,66289.00469398499,0,,0,0,,0.04,0.52,22.03,[]
/dlsu/goks/cam,/dlsu/goks/cam,0.000000,66289.04192304611,0,,0,0,,0.03,0.44,21.15,[]
/dlsu/goks/cam,/dlsu/goks/cam,0.000000,66289.1081840992,0,,0,0,,0.04,0.55,21.71,[]
/dlsu/goks/cam,/dlsu/goks/cam,0.000000,66289.14016199112,0,,0,0,,0.03,0.51,25.13,[]
/dlsu/goks/cam,/dlsu/goks/cam,0.000000,66289.17304205894,0,,0,0,,0.02,0.57,24.48,[]
/dlsu/goks/cam,/dlsu/goks/cam,0.000000,66289.2248840332,0,,0,0,,0.04,0.63,20.97,[]
/dlsu/goks/cam,/dlsu/goks/cam,0.000000,66289.2889521122,0,,0,0,,0.05,1.24,22.65,[]
/dlsu/goks/cam,/dlsu/goks/cam,0.000000,0,0,,0,0,,0.01,0.00,25.06,[]
/dlsu/goks/cam,/dlsu/goks/cam,0.000000,66289.33515691757,0,,0,0,,0.04,0.20,23.75,[]
/dlsu/goks/cam,/dlsu/goks/cam,0.000000,66289.38868403435,0,,0,0,,0.03,0.81,24.01,[]
/dlsu/goks/cam,/dlsu/goks/cam,0.000000,66289.42113399506,0,,0,0,,0.03,0.51,25.11,[]
/dlsu/goks/cam,/dlsu/goks/cam,0.000000,66289.48317790031,0,,0,0,,0.03,0.61,22.28,[]
/dlsu/goks/cam,/dlsu/goks/cam,0.000000,66289.54462599754,0,,0,0,,0.04,0.72,21.84,[]
/dlsu/goks/cam,/dlsu/goks/cam,0.000000,0,0,,0,0,,0.01,0.00,25.09,[]
/dlsu/goks/cam,/dlsu/goks/cam,0.000000,66289.59912705421,0,,0,0,,0.04,0.60,25.09,[]
/dlsu/goks/cam,/dlsu/goks/cam,0.000000,66289.63868308067,0,,0,0,,0.02,0.29,25.19,[]
/dlsu/goks/cam,/dlsu/goks/cam,0.000000,66289.6706109047,0,,0,0,,0.08,0.48,25.13,[]
/dlsu/goks/cam,/dlsu/goks/cam,0.000000,66289.75339388847,0,,0,0,,0.03,0.55,25.13,[]
/dlsu/goks/cam,/dlsu/goks/cam,0.000000,66289.80509591103,0,,0,0,,0.03,0.73,24.90,[]
/dlsu/goks/cam,/dlsu/goks/cam,0.000000,66289.85557198524,0,,0,0,,0.02,0.55,24.17,[]
/dlsu/goks/cam,/dlsu/goks/cam,0.000000,66289.8980050087,0,,0,0,,0.03,0.63,23.22,[]
/dlsu/goks/cam,/dlsu/goks/cam,0.000000,66289.95443201065,0,,0,0,,0.05,1.22,23.28,[]
/dlsu/goks/cam,/dlsu/goks/cam,0.000000,0,0,,0,0,,0.01,0.00,25.10,[]
/dlsu/goks/cam,/dlsu/goks/cam,0.000000,66290.03541398048,0,,0,0,,0.05,0.64,22.45,[]
/dlsu/goks/cam,/dlsu/goks/cam,0.000000,0,0,,0,0,,0.00,0.00,25.10,[]
/dlsu/goks/cam,/dlsu/goks/cam,0.000000,66290.10270309448,0,,0,0,,0.06,0.51,23.14,[]
/dlsu/goks/cam,/dlsu/goks/cam,0.000000,0,0,,0,0,,0.01,0.00,25.05,[]
/dlsu/goks/cam,/dlsu/goks/cam,0.000000,66290.13671803474,0,,0,0,,0.04,0.52,21.25,[]
/dlsu/goks/cam,/dlsu/goks/cam,0.000000,66290.16828989983,0,,0,0,,0.03,0.52,25.10,[]
/dlsu/goks/cam,/dlsu/goks/cam,0.000000,66290.2049651146,0,,0,0,,0.03,0.69,21.84,[]
/dlsu/goks/cam,/dlsu/goks/cam,0.000000,66290.26342701912,0,,0,0,,0.03,0.54,24.62,[]
/dlsu/goks/cam,/dlsu/goks/cam,0.000000,66290.3029859066,0,,0,0,,0.02,0.53,25.11,[]
/dlsu/goks/cam,/dlsu/goks/cam,0.000000,66290.35336589813,0,,0,0,,0.03,0.53,22.22,[]
/dlsu/goks/cam,/dlsu/goks/cam,0.000000,66290.41138911247,0,,0,0,,0.04,0.59,25.11,[]
/dlsu/goks/cam,/dlsu/goks/cam,0.000000,66290.43956589699,0,,0,0,,0.03,0.33,23.49,[]
/dlsu/goks/cam,/dlsu/goks/cam,0.000000,66290.49275898933,0,,0,0,,0.04,0.84,20.77,[]
/dlsu/goks/cam,/dlsu/goks/cam,0.000000,66290.57718110085,0,,0,0,,0.06,1.37,23.61,[]
/dlsu/goks/cam,/dlsu/goks/cam,0.000000,0,0,,0,0,,0.01,0.00,23.47,[]
/dlsu/goks/cam,/dlsu/goks/cam,0.000000,66295.14545297623,0,,0,0,,0.12,0.76,25.15,[]
/dlsu/goks/cam,/dlsu/goks/cam,0.000000,66295.17651104927,0,,0,0,,0.03,0.55,22.84,[]
/dlsu/goks/cam,/dlsu/goks/cam,0.000000,66295.25555205345,0,,0,0,,0.04,0.49,24.20,[]
/dlsu/goks/cam,/dlsu/goks/cam,0.000000,66295.309953928,0,,0,0,,0.04,0.60,22.94,[]
/dlsu/goks/cam,/dlsu/goks/cam,0.000000,66295.37685704231,0,,0,0,,0.03,0.46,25.09,[]
/dlsu/goks/cam,/dlsu/goks/cam,0.000000,66295.40397500992,0,,0,0,,0.04,0.57,25.09,[]
/dlsu/goks/cam,/dlsu/goks/cam,0.000000,66295.46490693092,0,,0,0,,0.05,0.73,25.79,[]
/dlsu/goks/cam,/dlsu/goks/cam,0.000000,0,0,,0,0,,0.01,0.00,22.11,[]
/dlsu/goks/cam,/dlsu/goks/cam,0.000000,66295.51190400124,0,,0,0,,0.03,0.50,20.78,[]
/dlsu/goks/cam,/dlsu/goks/cam,0.000000,66295.59212088585,0,,0,0,,0.10,1.86,23.11,[]
/dlsu/goks/cam,/dlsu/goks/cam,0.000000,66295.64364099503,0,,0,0,,0.05,4.12,26.35,[]
/dlsu/goks/cam,/dlsu/goks/cam,0.000000,66295.71378707886,0,,0,0,,1.70,2.67,26.49,[]
/dlsu/goks/cam,/dlsu/goks/cam,0.000000,0,0,,0,0,,0.11,0.00,20.87,[]
/dlsu/goks/cam,/dlsu/goks/cam,0.000000,66295.7478621006,0,,0,0,,0.06,0.65,21.18,[]
/dlsu/goks/cam,/dlsu/goks/cam,0.000000,66295.77691292763,0,,0,0,,0.03,0.65,25.15,[]
/dlsu/goks/cam,/dlsu/goks/cam,0.000000,66295.82927799225,0,,0,0,,0.03,0.58,24.23,[]
/dlsu/goks/cam,/dlsu/goks/cam,0.000000,0,0,,0,0,,0.00,0.00,25.06,[]
/dlsu/goks/cam,/dlsu/goks/cam,0.000000,66295.89925289154,0,,0,0,,0.04,0.83,20.65,[]
/dlsu/goks/cam,/dlsu/goks/cam,0.000000,0,0,,0,0,,0.00,0.00,25.13,[]
14

/dlsu/goks/cam,/dlsu/goks/cam,0.000000,66350.02293992043,0,,0,66350.05823493004,,6.18,37.86,16545.44,[]
/dlsu/goks/cam,/dlsu/goks/cam,0.000000,66371.22265696526,0,,0,0,,0.17,0.95,23.68,[]
/dlsu/goks/cam,/dlsu/goks/cam,0.000000,66371.25268507004,0,,0,0,,0.04,0.59,25.80,[]
/dlsu/goks/cam,/dlsu/goks/cam,0.000000,66371.32763504982,0,,0,0,,0.06,0.61,25.13,[]
/dlsu/goks/cam,/dlsu/goks/cam,0.000000,66371.3663880825,0,,0,0,,0.11,1.36,24.27,[]
/dlsu/goks/cam,/dlsu/goks/cam,0.000000,66371.39734506607,0,,0,0,,0.03,0.22,23.03,[]
/dlsu/goks/cam,/dlsu/goks/cam,0.000000,0,0,,0,0,,0.01,0.00,22.52,[]
/dlsu/goks/cam,/dlsu/goks/cam,0.000000,66371.53754496574,0,,0,0,,0.08,1.13,21.07,[]
/dlsu/goks/cam,/dlsu/goks/cam,0.000000,0,0,,0,0,,0.01,0.00,25.10,[]
/dlsu/goks/cam,/dlsu/goks/cam,0.000000,66371.61670088768,0,,0,0,,0.32,1.46,21.87,[]
/dlsu/goks/cam,/dlsu/goks/cam,0.000000,0,0,,0,0,,0.00,0.00,23.44,[]
/dlsu/goks/cam,/dlsu/goks/cam,0.000000,0,0,,0,0,,0.01,0.00,22.02,[]
/dlsu/goks/cam,/dlsu/goks/cam,0.000000,66371.69082403183,0,,0,0,,0.04,0.82,21.81,[]
/dlsu/goks/cam,/dlsu/goks/cam,0.000000,0,0,,0,0,,0.02,0.00,22.38,[]
/dlsu/goks/cam,/dlsu/goks/cam,0.000000,66371.75312399864,0,,0,0,,0.06,0.70,20.55,[]
/dlsu/goks/cam,/dlsu/goks/cam,0.000000,66371.80148410797,0,,0,0,,0.04,0.61,24.43,[]
/dlsu/goks/cam,/dlsu/goks/cam,0.000000,66371.8996450901,0,,0,0,,0.06,0.77,25.25,[]
/dlsu/goks/cam,/dlsu/goks/cam,0.000000,66371.94022107124,0,,0,0,,0.04,0.53,21.75,[]
/dlsu/goks/cam,/dlsu/goks/cam,0.000000,0,0,,0,0,,0.01,0.00,22.27,[]
/dlsu/goks/cam,/dlsu/goks/cam,0.000000,66372.02280592918,0,,0,0,,0.07,0.98,25.11,[]
/dlsu/goks/cam,/dlsu/goks/cam,0.000000,0,0,,0,0,,0.01,0.00,25.08,[]
/dlsu/goks/cam,/dlsu/goks/cam,0.000000,66372.06693100929,0,,0,0,,0.04,0.70,25.14,[]
/dlsu/goks/cam,/dlsu/goks/cam,0.000000,66372.13910508156,0,,0,0,,0.15,1.08,22.44,[]
/dlsu/goks/cam,/dlsu/goks/cam,0.000000,0,0,,0,0,,0.01,0.00,21.29,[]
/dlsu/goks/cam,/dlsu/goks/cam,0.000000,66372.22964191437,0,,0,0,,0.06,0.62,25.17,[]
/dlsu/goks/cam,/dlsu/goks/cam,0.000000,66372.26347589493,0,,0,0,,0.04,0.99,22.55,[]
/dlsu/goks/cam,/dlsu/goks/cam,0.000000,66372.30978107452,0,,0,0,,0.04,0.65,23.11,[]
/dlsu/goks/cam,/dlsu/goks/cam,0.000000,66372.35293793678,0,,0,0,,0.07,1.07,20.49,[]
/dlsu/goks/cam,/dlsu/goks/cam,0.000000,0,0,,0,0,,0.01,0.00,24.15,[]
/dlsu/goks/cam,/dlsu/goks/cam,0.000000,66372.42700600624,0,,0,0,,0.06,1.09,25.06,[]
/dlsu/goks/cam,/dlsu/goks/cam,0.000000,0,0,,0,0,,0.01,0.00,21.58,[]
/dlsu/goks/cam,/dlsu/goks/cam,0.000000,66372.48450398445,0,,0,0,,0.06,1.38,20.41,[]
/dlsu/goks/cam,/dlsu/goks/cam,0.000000,0,0,,0,0,,0.01,0.00,22.50,[]
/dlsu/goks/cam,/dlsu/goks/cam,0.000000,66372.53777194023,0,,0,0,,0.05,0.98,25.14,[]
/dlsu/goks/cam,/dlsu/goks/cam,0.000000,66372.65005302429,0,,0,0,,0.07,0.65,21.17,[]
/dlsu/goks/cam,/dlsu/goks/cam,0.000000,66372.69268894196,0,,0,0,,0.05,0.83,20.67,[]
/dlsu/goks/cam,/dlsu/goks/cam,0.000000,66372.73481702805,0,,0,0,,0.03,0.82,23.28,[]
/dlsu/goks/cam,/dlsu/goks/cam,0.000000,66372.7954750061,0,,0,0,,0.04,0.91,25.16,[]
/dlsu/goks/cam,/dlsu/goks/cam,0.000000,66372.85808110237,0,,0,0,,0.06,0.76,22.99,[]
/dlsu/goks/cam,/dlsu/goks/cam,0.000000,66372.88896894455,0,,0,0,,0.02,0.24,24.25,[]
/dlsu/goks/cam,/dlsu/goks/cam,0.000000,66372.92321610451,0,,0,0,,0.04,0.43,23.59,[]
/dlsu/goks/cam,/dlsu/goks/cam,0.000000,0,0,,0,0,,0.01,0.00,25.14,[]
/dlsu/goks/cam,/dlsu/goks/cam,0.000000,66372.96963405609,0,,0,0,,0.07,0.65,25.30,[]
/dlsu/goks/cam,/dlsu/goks/cam,0.000000,0,0,,0,0,,0.01,0.00,22.17,[]
/dlsu/goks/cam,/dlsu/goks/cam,0.000000,66373.05438709259,0,,0,0,,0.08,1.00,23.21,[]
/dlsu/goks/cam,/dlsu/goks/cam,0.000000,0,0,,0,0,,0.01,0.00,25.10,[]
/dlsu/goks/cam,/dlsu/goks/cam,0.000000,66373.09970998764,0,,0,0,,0.08,1.05,25.22,[]
/dlsu/goks/cam,/dlsu/goks/cam,0.000000,66373.12884402275,0,,0,0,,0.07,0.55,25.09,[]
/dlsu/goks/cam,/dlsu/goks/cam,0.000000,66373.17573094368,0,,0,0,,0.09,0.79,25.14,[]
/dlsu/goks/cam,/dlsu/goks/cam,0.000000,66373.26587200165,0,,0,0,,0.06,0.73,25.15,[]
/dlsu/goks/cam,/dlsu/goks/cam,0.000000,66373.33029294014,0,,0,0,,0.14,1.23,24.64,[]
/dlsu/goks/cam,/dlsu/goks/cam,0.000000,0,0,,0,0,,0.01,0.00,25.15,[]
/dlsu/goks/cam,/dlsu/goks/cam,0.000000,66373.39319300652,0,,0,0,,0.04,0.54,25.13,[]
/dlsu/goks/cam,/dlsu/goks/cam,0.000000,66373.4749751091,0,,0,0,,0.08,1.08,21.01,[]
/dlsu/goks/cam,/dlsu/goks/cam,0.000000,0,0,,0,0,,0.01,0.00,23.81,[]
/dlsu/goks/cam,/dlsu/goks/cam,0.000000,66373.52178788185,0,,0,0,,0.03,0.56,24.84,[]
/dlsu/goks/cam,/dlsu/goks/cam,0.000000,66373.59182405472,0,,0,0,,0.06,1.19,25.11,[]
/dlsu/goks/cam,/dlsu/goks/cam,0.000000,0,0,,0,0,,0.01,0.00,25.09,[]
/dlsu/goks/cam,/dlsu/goks/cam,0.000000,66373.66294193268,0,,0,0,,0.05,0.88,25.48,[]
/dlsu/goks/cam,/dlsu/goks/cam,0.000000,66373.67876696587,0,,0,0,,0.04,0.69,25.06,[]
/dlsu/goks/cam,/dlsu/goks/cam,0.000000,66373.72027802467,0,,0,0,,0.03,0.82,25.08,[]
/dlsu/goks/cam,/dlsu/goks/cam,0.000000,0,0,,0,0,,0.01,0.00,22.42,[]
/dlsu/goks/cam,/dlsu/goks/cam,0.000000,66373.76499795914,0,,0,0,,0.03,0.59,24.90,[]
/dlsu/goks/cam,/dlsu/goks/cam,0.000000,66373.79118800163,0,,0,0,,0.02,0.47,22.52,[]
/dlsu/goks/cam,/dlsu/goks/cam,0.000000,66373.84289908409,0,,0,0,,0.03,0.52,25.71,[]
/dlsu/goks/cam,/dlsu/goks/cam,0.000000,66373.88548707962,0,,0,0,,0.03,0.56,20.40,[]
/dlsu/goks/cam,/dlsu/goks/cam,0.000000,66373.95089507103,0,,0,0,,0.11,1.80,27.55,[]
/dlsu/goks/cam,/dlsu/goks/cam,0.000000,66374.01028203964,0,,0,0,,5.20,0.00,37.23,[]
/dlsu/goks/cam,/dlsu/goks/cam,0.000000,66374.07184505463,0,,0,0,,0.04,12.26,24.60,[]
/dlsu/goks/cam,/dlsu/goks/cam,0.000000,0,0,,0,0,,0.01,0.00,21.11,[]
/dlsu/goks/cam,/dlsu/goks/cam,0.000000,0,0,,0,0,,0.01,0.00,25.11,[]
/dlsu/goks/cam,/dlsu/goks/cam,0.000000,66374.16714191437,0,,0,0,,0.06,1.45,24.10,[]
/dlsu/goks/cam,/dlsu/goks/cam,0.000000,0,0,,0,0,,0.01,0.00,25.35,[]
/dlsu/goks/cam,/dlsu/goks/cam,0.000000,66374.21647310257,0,,0,0,,0.03,0.55,25.13,[]
/dlsu/goks/cam,/dlsu/goks/cam,0.000000,66374.28017807007,0,,0,0,,0.11,1.06,24.09,[]
/dlsu/goks/cam,/dlsu/goks/cam,0.000000,66374.35075306892,0,,0,0,,0.15,1.86,25.17,[]
/dlsu/goks/cam,/dlsu/goks/cam,0.000000,0,0,,0,0,,0.00,0.00,25.08,[]
/dlsu/goks/cam,/dlsu/goks/cam,0.000000,66374.43579792976,0,,0,0,,0.09,1.08,24.48,[]
/dlsu/goks/cam,/dlsu/goks/cam,0.000000,0,0,,0,0,,0.00,0.00,20.50,[]
/dlsu/goks/cam,/dlsu/goks/cam,0.000000,66374.50794005394,0,,0,0,,0.05,1.15,25.12,[]
/dlsu/goks/cam,/dlsu/goks/cam,0.000000,0,0,,0,0,,0.01,0.00,24.19,[]
/dlsu/goks/cam,/dlsu/goks/cam,0.000000,66374.54527401924,0,,0,0,,0.11,0.65,25.13,[]
/dlsu/goks/cam,/dlsu/goks/cam,0.000000,66374.59802508354,0,,0,0,,0.03,0.66,25.27,[]
/dlsu/goks/cam,/dlsu/goks/cam,0.000000,66374.66139388084,0,,0,0,,0.04,0.64,25.10,[]
/dlsu/goks/cam,/dlsu/goks/cam,0.000000,66374.70479798317,0,,0,0,,0.03,0.13,25.51,[]
/dlsu/goks/cam,/dlsu/goks/cam,0.000000,66374.77255511284,0,,0,0,,0.05,1.59,21.21,[]
/dlsu/goks/cam,/dlsu/goks/cam,0.000000,0,0,,0,0,,0.00,0.00,23.25,[]
/dlsu/goks/cam,/dlsu/goks/cam,0.000000,66374.85922408104,0,,0,0,,0.06,0.66,25.30,[]
/dlsu/goks/cam,/dlsu/goks/cam,0.000000,0,0,,0,0,,0.01,0.00,24.46,[]
/dlsu/goks/cam,/dlsu/goks/cam,0.000000,66374.94943404198,0,,0,0,,0.05,1.85,25.61,[]
/dlsu/goks/cam,/dlsu/goks/cam,0.000000,0,0,,0,0,,0.01,0.00,25.08,[]
/dlsu/goks/cam,/dlsu/goks/cam,0.000000,66375.00006198883,0,,0,0,,0.04,0.84,25.10,[]
/dlsu/goks/cam,/dlsu/goks/cam,0.000000,66375.03238606453,0,,0,0,,0.08,0.98,25.10,[]
/dlsu/goks/cam,/dlsu/goks/cam,0.000000,66375.08551692963,0,,0,0,,0.04,0.88,23.42,[]
/dlsu/goks/cam,/dlsu/goks/cam,0.000000,66375.11526203156,0,,0,0,,0.06,0.75,22.54,[]
/dlsu/goks/cam,/dlsu/goks/cam,0.000000,66375.17284011841,0,,0,0,,0.06,0.86,23.22,[]
/dlsu/goks/cam,/dlsu/goks/cam,0.000000,66380.31316304207,0,,0,0,,0.15,0.75,24.66,[]
/dlsu/goks/cam,/dlsu/goks/cam,0.000000,66380.35860204697,0,,0,0,,0.03,0.51,21.04,[]
/dlsu/goks/cam,/dlsu/goks/cam,0.000000,66380.38976788521,0,,0,0,,0.03,0.51,21.75,[]
/dlsu/goks/cam,/dlsu/goks/cam,0.000000,66380.43242096901,0,,0,0,,0.04,0.62,25.21,[]
/dlsu/goks/cam,/dlsu/goks/cam,0.000000,66380.4883389473,0,,0,0,,0.05,0.54,22.13,[]
/dlsu/goks/cam,/dlsu/goks/cam,0.000000,66380.54530596733,0,,0,0,,0.04,0.78,23.09,[]
/dlsu/goks/cam,/dlsu/goks/cam,0.000000,66380.59541893005,0,,0,0,,0.04,1.15,22.06,[]
/dlsu/goks/cam,/dlsu/goks/cam,0.000000,0,0,,0,0,,0.02,0.00,25.09,[]
/dlsu/goks/cam,/dlsu/goks/cam,0.000000,66380.65771389008,0,,0,0,,0.07,0.86,25.37,[]
/dlsu/goks/cam,/dlsu/goks/cam,0.000000,66380.7186820507,0,,0,0,,0.05,1.20,25.09,[]
/dlsu/goks/cam,/dlsu/goks/cam,0.000000,0,0,,0,0,,0.01,0.00,25.11,[]
/dlsu/goks/cam,/dlsu/goks/cam,0.000000,66380.79470896721,0,,0,0,,0.04,0.58,21.61,[]
/dlsu/goks/cam,/dlsu/goks/cam,0.000000,66380.83782696724,0,,0,0,,0.03,0.44,25.21,[]
/dlsu/goks/cam,/dlsu/goks/cam,0.000000,66380.90128302574,0,,0,0,,0.10,1.41,21.74,[]
/dlsu/goks/cam,/dlsu/goks/cam,0.000000,66380.91765904427,0,,0,0,,0.02,0.62,25.09,[]
/dlsu/goks/cam,/dlsu/goks/cam,0.000000,0,0,,0,0,,0.01,0.00,24.09,[]
/dlsu/goks/cam,/dlsu/goks/cam,0.000000,66380.9793870449,0,,0,0,,0.06,0.66,22.48,[]
/dlsu/goks/cam,/dlsu/goks/cam,0.000000,66381.01793003082,0,,0,0,,0.10,0.76,22.29,[]
/dlsu/goks/cam,/dlsu/goks/cam,0.000000,0,0,,0,0,,0.01,0.00,22.26,[]
/dlsu/goks/cam,/dlsu/goks/cam,0.000000,66381.11703109741,0,,0,0,,0.05,0.75,22.82,[]
/dlsu/goks/cam,/dlsu/goks/cam,0.000000,66381.17043209076,0,,0,0,,0.04,1.01,25.17,[]
/dlsu/goks/cam,/dlsu/goks/cam,0.000000,66381.21585392952,0,,0,0,,0.14,0.91,25.08,[]
/dlsu/goks/cam,/dlsu/goks/cam,0.000000,66381.2579460144,0,,0,0,,0.04,0.58,20.70,[]
/dlsu/goks/cam,/dlsu/goks/cam,0.000000,66381.31772994995,0,,0,0,,0.11,1.02,25.12,[]
/dlsu/goks/cam,/dlsu/goks/cam,0.000000,66381.3339419365,0,,0,0,,0.04,0.41,21.94,[]
/dlsu/goks/cam,/dlsu/goks/cam,0.000000,0,0,,0,0,,0.00,0.00,20.52,[]
/dlsu/goks/cam,/dlsu/goks/cam,0.000000,66381.40066504478,0,,0,0,,0.03,0.73,25.14,[]
/dlsu/goks/cam,/dlsu/goks/cam,0.000000,66381.43593096733,0,,0,0,,0.04,0.89,22.94,[]
/dlsu/goks/cam,/dlsu/goks/cam,0.000000,66381.4739780426,0,,0,0,,0.03,1.15,21.55,[]
/dlsu/goks/cam,/dlsu/goks/cam,0.000000,66381.53755688667,0,,0,0,,0.15,0.84,25.31,[]
/dlsu/goks/cam,/dlsu/goks/cam,0.000000,66381.60490608215,0,,0,0,,0.04,0.78,24.55,[]
/dlsu/goks/cam,/dlsu/goks/cam,0.000000,66386.37658309937,0,,0,0,,0.10,0.78,21.40,[]
/dlsu/goks/cam,/dlsu/goks/cam,0.000000,66386.40788698196,0,,0,0,,0.03,0.82,21.65,[]
/dlsu/goks/cam,/dlsu/goks/cam,0.000000,66386.43978095055,0,,0,0,,0.05,0.35,21.80,[]
/dlsu/goks/cam,/dlsu/goks/cam,0.000000,66386.51232004166,0,,0,0,,0.08,0.64,21.48,[]
/dlsu/goks/cam,/dlsu/goks/cam,0.000000,66386.58317804337,0,,0,0,,1.19,3.58,33.37,[]
/dlsu/goks/cam,/dlsu/goks/cam,0.000000,66386.62896800041,0,,0,0,,0.13,1.87,24.85,[]
/dlsu/goks/cam,/dlsu/goks/cam,0.000000,66391.37485408783,0,,0,0,,0.09,1.02,20.69,[]
/dlsu/goks/cam,/dlsu/goks/cam,0.000000,66391.40668010712,0,,0,0,,0.04,0.74,22.91,[]
/dlsu/goks/cam,/dlsu/goks/cam,0.000000,66391.43877911568,0,,0,0,,0.03,0.52,24.62,[]
/dlsu/goks/cam,/dlsu/goks/cam,0.000000,66391.50848698616,0,,0,0,,0.12,1.39,23.15,[]
/dlsu/goks/cam,/dlsu/goks/cam,0.000000,0,0,,0,0,,0.00,0.00,21.95,[]
1

/dlsu/goks/cam,/dlsu/goks/cam,0.000000,66431.52569293976,0,,0,66431.81310105324,,43.76,289.01,114615.42,[]
/dlsu/goks/cam,/dlsu/goks/cam,0.000000,66551.48791098595,0,,0,0,,0.17,1.66,21.28,[]
/dlsu/goks/cam,/dlsu/goks/cam,0.000000,66551.5402469635,0,,0,0,,0.03,0.77,25.14,[]
/dlsu/goks/cam,/dlsu/goks/cam,0.000000,66551.59882593155,0,,0,0,,0.05,1.40,24.84,[]
/dlsu/goks/cam,/dlsu/goks/cam,0.000000,66551.6463201046,0,,0,0,,0.09,1.31,23.42,[]
/dlsu/goks/cam,/dlsu/goks/cam,0.000000,66551.69682908058,0,,0,0,,0.03,0.90,25.15,[]
/dlsu/goks/cam,/dlsu/goks/cam,0.000000,66551.73844099045,0,,0,0,,0.07,0.86,25.14,[]
/dlsu/goks/cam,/dlsu/goks/cam,0.000000,66551.7785050869,0,,0,0,,0.03,0.68,25.16,[]
/dlsu/goks/cam,/dlsu/goks/cam,0.000000,66551.8391520977,0,,0,0,,0.08,1.61,25.89,[]
/dlsu/goks/cam,/dlsu/goks/cam,0.000000,0,0,,0,0,,0.01,0.00,24.70,[]
/dlsu/goks/cam,/dlsu/goks/cam,0.000000,66551.89810204506,0,,0,0,,0.03,0.72,21.18,[]
/dlsu/goks/cam,/dlsu/goks/cam,0.000000,66551.94810009003,0,,0,0,,0.09,1.56,25.26,[]
/dlsu/goks/cam,/dlsu/goks/cam,0.000000,0,0,,0,0,,0.01,0.00,22.49,[]
/dlsu/goks/cam,/dlsu/goks/cam,0.000000,66552.04404807091,0,,0,0,,0.06,0.97,25.24,[]
/dlsu/goks/cam,/dlsu/goks/cam,0.000000,0,0,,0,0,,0.01,0.00,22.80,[]
/dlsu/goks/cam,/dlsu/goks/cam,0.000000,66552.13623094559,0,,0,0,,0.07,1.82,21.44,[]
/dlsu/goks/cam,/dlsu/goks/cam,0.000000,0,0,,0,0,,0.01,0.00,20.23,[]
/dlsu/goks/cam,/dlsu/goks/cam,0.000000,66552.2259759903,0,,0,0,,0.06,1.15,25.46,[]
/dlsu/goks/cam,/dlsu/goks/cam,0.000000,0,0,,0,0,,0.01,0.00,25.07,[]
/dlsu/goks/cam,/dlsu/goks/cam,0.000000,66552.2637989521,0,,0,0,,0.03,0.85,22.29,[]
/dlsu/goks/cam,/dlsu/goks/cam,0.000000,66552.32051301003,0,,0,0,,0.04,1.56,25.26,[]
/dlsu/goks/cam,/dlsu/goks/cam,0.000000,66552.37274599075,0,,0,0,,0.03,0.81,24.37,[]
/dlsu/goks/cam,/dlsu/goks/cam,0.000000,66552.41579794884,0,,0,0,,0.06,0.74,25.16,[]
/dlsu/goks/cam,/dlsu/goks/cam,0.000000,66552.45482492447,0,,0,0,,0.03,1.19,23.99,[]
/dlsu/goks/cam,/dlsu/goks/cam,0.000000,66552.49096989632,0,,0,0,,0.04,0.84,22.72,[]
/dlsu/goks/cam,/dlsu/goks/cam,0.000000,66552.56395101547,0,,0,0,,0.06,1.05,21.39,[]
/dlsu/goks/cam,/dlsu/goks/cam,0.000000,66552.63399910927,0,,0,0,,0.04,1.66,24.94,[]
/dlsu/goks/cam,/dlsu/goks/cam,0.000000,0,0,,0,0,,0.01,0.00,20.47,[]
/dlsu/goks/cam,/dlsu/goks/cam,0.000000,66552.6856379509,0,,0,0,,0.11,1.22,22.58,[]
/dlsu/goks/cam,/dlsu/goks/cam,0.000000,66552.73026490211,0,,0,0,,0.03,1.15,24.50,[]
/dlsu/goks/cam,/dlsu/goks/cam,0.000000,66552.77777600288,0,,0,0,,0.04,1.48,24.48,[]
/dlsu/goks/cam,/dlsu/goks/cam,0.000000,0,0,,0,0,,0.01,0.00,22.42,[]
/dlsu/goks/cam,/dlsu/goks/cam,0.000000,66552.83455491066,0,,0,0,,0.18,0.66,21.31,[]
/dlsu/goks/cam,/dlsu/goks/cam,0.000000,66552.87531208992,0,,0,0,,0.04,0.85,24.54,[]
/dlsu/goks/cam,/dlsu/goks/cam,0.000000,66552.92394304276,0,,0,0,,0.04,0.79,22.91,[]
/dlsu/goks/cam,/dlsu/goks/cam,0.000000,66552.96759009361,0,,0,0,,0.03,0.72,20.84,[]
/dlsu/goks/cam,/dlsu/goks/cam,0.000000,66553.03704094887,0,,0,0,,0.03,0.80,25.16,[]
/dlsu/goks/cam,/dlsu/goks/cam,0.000000,66553.09239602089,0,,0,0,,0.06,0.97,24.82,[]
/dlsu/goks/cam,/dlsu/goks/cam,0.000000,66553.12323904037,0,,0,0,,0.08,0.96,22.91,[]
/dlsu/goks/cam,/dlsu/goks/cam,0.000000,66553.17764496803,0,,0,0,,0.09,0.97,22.72,[]
/dlsu/goks/cam,/dlsu/goks/cam,0.000000,66553.22623896599,0,,0,0,,0.04,0.85,22.03,[]
/dlsu/goks/cam,/dlsu/goks/cam,0.000000,66553.27257990837,0,,0,0,,0.15,1.72,22.37,[]
/dlsu/goks/cam,/dlsu/goks/cam,0.000000,0,0,,0,0,,0.01,0.00,23.96,[]
/dlsu/goks/cam,/dlsu/goks/cam,0.000000,66553.33357810974,0,,0,0,,0.05,2.03,23.44,[]
/dlsu/goks/cam,/dlsu/goks/cam,0.000000,0,0,,0,0,,0.01,0.00,25.12,[]
/dlsu/goks/cam,/dlsu/goks/cam,0.000000,66553.37773990631,0,,0,0,,0.03,0.95,22.14,[]
/dlsu/goks/cam,/dlsu/goks/cam,0.000000,66553.40944504738,0,,0,0,,0.05,1.36,21.31,[]
/dlsu/goks/cam,/dlsu/goks/cam,0.000000,66553.44245505333,0,,0,0,,0.03,0.80,24.84,[]
/dlsu/goks/cam,/dlsu/goks/cam,0.000000,66553.48915195465,0,,0,0,,0.03,0.72,23.75,[]
/dlsu/goks/cam,/dlsu/goks/cam,0.000000,66553.54139590263,0,,0,0,,0.04,0.81,22.69,[]
/dlsu/goks/cam,/dlsu/goks/cam,0.000000,66553.57805490494,0,,0,0,,0.34,1.33,25.10,[]
/dlsu/goks/cam,/dlsu/goks/cam,0.000000,66553.6405339241,0,,0,0,,0.09,0.69,23.78,[]
/dlsu/goks/cam,/dlsu/goks/cam,0.000000,66553.68710589409,0,,0,0,,0.04,1.26,24.81,[]
/dlsu/goks/cam,/dlsu/goks/cam,0.000000,66553.74506688118,0,,0,0,,0.07,0.97,21.30,[]
/dlsu/goks/cam,/dlsu/goks/cam,0.000000,66553.8010520935,0,,0,0,,0.04,0.94,20.42,[]
/dlsu/goks/cam,/dlsu/goks/cam,0.000000,66553.85443091393,0,,0,0,,0.04,1.40,21.73,[]
/dlsu/goks/cam,/dlsu/goks/cam,0.000000,66553.89340400696,0,,0,0,,0.03,1.21,21.04,[]
/dlsu/goks/cam,/dlsu/goks/cam,0.000000,66553.94130301476,0,,0,0,,0.04,0.91,22.74,[]
/dlsu/goks/cam,/dlsu/goks/cam,0.000000,66553.97167110443,0,,0,0,,0.13,1.63,24.12,[]
/dlsu/goks/cam,/dlsu/goks/cam,0.000000,66554.00075411797,0,,0,0,,0.04,1.08,25.08,[]
/dlsu/goks/cam,/dlsu/goks/cam,0.000000,66554.07637190819,0,,0,0,,0.07,1.49,23.30,[]
/dlsu/goks/cam,/dlsu/goks/cam,0.000000,66554.10851311684,0,,0,0,,0.08,1.07,25.10,[]
/dlsu/goks/cam,/dlsu/goks/cam,0.000000,0,0,,0,0,,0.00,0.00,20.14,[]
/dlsu/goks/cam,/dlsu/goks/cam,0.000000,66554.16220903397,0,,0,0,,0.05,0.41,25.66,[]
/dlsu/goks/cam,/dlsu/goks/cam,0.000000,66554.19436907768,0,,0,0,,0.03,0.74,21.62,[]
/dlsu/goks/cam,/dlsu/goks/cam,0.000000,66554.22139596939,0,,0,0,,0.11,0.98,24.73,[]
/dlsu/goks/cam,/dlsu/goks/cam,0.000000,66554.26908111572,0,,0,0,,0.10,10.16,22.04,[]
/dlsu/goks/cam,/dlsu/goks/cam,0.000000,0,0,,0,0,,0.01,0.00,37.06,[]
/dlsu/goks/cam,/dlsu/goks/cam,0.000000,66554.33943295479,0,,0,0,,0.38,9.83,26.46,[]
/dlsu/goks/cam,/dlsu/goks/cam,0.000000,0,0,,0,0,,0.07,0.00,25.82,[]
/dlsu/goks/cam,/dlsu/goks/cam,0.000000,66554.41870903969,0,,0,0,,0.40,3.05,24.38,[]
/dlsu/goks/cam,/dlsu/goks/cam,0.000000,0,0,,0,0,,0.01,0.00,24.69,[]
/dlsu/goks/cam,/dlsu/goks/cam,0.000000,66554.49039292336,0,,0,0,,0.43,0.80,25.82,[]
/dlsu/goks/cam,/dlsu/goks/cam,0.000000,0,0,,0,0,,0.00,0.00,21.69,[]
/dlsu/goks/cam,/dlsu/goks/cam,0.000000,66554.55106210709,0,,0,0,,0.10,0.89,20.46,[]
/dlsu/goks/cam,/dlsu/goks/cam,0.000000,66554.62022209167,0,,0,0,,0.10,2.83,24.22,[]
/dlsu/goks/cam,/dlsu/goks/cam,0.000000,0,0,,0,0,,0.02,0.00,25.10,[]
/dlsu/goks/cam,/dlsu/goks/cam,0.000000,66554.67245197296,0,,0,0,,0.11,0.96,25.17,[]
/dlsu/goks/cam,/dlsu/goks/cam,0.000000,66554.69944310188,0,,0,0,,0.02,1.02,21.83,[]
/dlsu/goks/cam,/dlsu/goks/cam,0.000000,66554.780230999,0,,0,0,,0.11,2.06,24.84,[]
/dlsu/goks/cam,/dlsu/goks/cam,0.000000,0,0,,0,0,,0.01,0.00,22.29,[]
/dlsu/goks/cam,/dlsu/goks/cam,0.000000,66554.8857460022,0,,0,0,,0.19,1.16,25.36,[]
/dlsu/goks/cam,/dlsu/goks/cam,0.000000,66554.95985388756,0,,0,0,,0.05,1.64,25.11,[]
/dlsu/goks/cam,/dlsu/goks/cam,0.000000,66554.96868395805,0,,0,0,,0.08,1.24,25.05,[]
/dlsu/goks/cam,/dlsu/goks/cam,0.000000,0,0,,0,0,,0.01,0.00,25.08,[]
/dlsu/goks/cam,/dlsu/goks/cam,0.000000,66555.06029891968,0,,0,0,,0.11,2.05,25.94,[]
/dlsu/goks/cam,/dlsu/goks/cam,0.000000,66555.10002088547,0,,0,0,,0.05,1.96,25.12,[]
/dlsu/goks/cam,/dlsu/goks/cam,0.000000,0,0,,0,0,,0.01,0.00,21.99,[]
/dlsu/goks/cam,/dlsu/goks/cam,0.000000,66555.15168499947,0,,0,0,,0.04,1.11,25.13,[]
/dlsu/goks/cam,/dlsu/goks/cam,0.000000,66555.21780490875,0,,0,0,,0.05,1.09,24.07,[]
/dlsu/goks/cam,/dlsu/goks/cam,0.000000,66555.24802708626,0,,0,0,,0.15,0.91,20.57,[]
/dlsu/goks/cam,/dlsu/goks/cam,0.000000,66555.28132796288,0,,0,0,,0.04,0.87,20.89,[]
/dlsu/goks/cam,/dlsu/goks/cam,0.000000,66555.34318590164,0,,0,0,,0.06,0.91,21.39,[]
/dlsu/goks/cam,/dlsu/goks/cam,0.000000,66555.37175393105,0,,0,0,,0.03,0.99,20.30,[]
/dlsu/goks/cam,/dlsu/goks/cam,0.000000,66555.46147799492,0,,0,0,,0.09,2.11,23.83,[]
/dlsu/goks/cam,/dlsu/goks/cam,0.000000,66555.46955800056,0,,0,0,,0.02,0.78,25.08,[]
/dlsu/goks/cam,/dlsu/goks/cam,0.000000,0,0,,0,0,,0.01,0.00,23.45,[]
/dlsu/goks/cam,/dlsu/goks/cam,0.000000,66555.53490591049,0,,0,0,,0.04,0.83,25.16,[]
/dlsu/goks/cam,/dlsu/goks/cam,0.000000,66555.59107398987,0,,0,0,,0.07,2.03,25.44,[]
/dlsu/goks/cam,/dlsu/goks/cam,0.000000,0,0,,0,0,,0.02,0.00,25.07,[]
/dlsu/goks/cam,/dlsu/goks/cam,0.000000,66555.62771010399,0,,0,0,,0.03,0.91,25.13,[]
/dlsu/goks/cam,/dlsu/goks/cam,0.000000,66555.65897703171,0,,0,0,,0.03,0.94,25.22,[]
/dlsu/goks/cam,/dlsu/goks/cam,0.000000,66555.76064610481,0,,0,0,,0.06,0.96,22.64,[]
/dlsu/goks/cam,/dlsu/goks/cam,0.000000,66555.80609798431,0,,0,0,,0.14,2.56,26.00,[]
/dlsu/goks/cam,/dlsu/goks/cam,0.000000,0,0,,0,0,,0.01,0.00,25.09,[]
/dlsu/goks/cam,/dlsu/goks/cam,0.000000,66555.87101197243,0,,0,0,,0.08,1.01,25.01,[]
/dlsu/goks/cam,/dlsu/goks/cam,0.000000,66555.93857002258,0,,0,0,,0.06,1.13,25.14,[]
/dlsu/goks/cam,/dlsu/goks/cam,0.000000,66555.98942708969,0,,0,0,,0.04,1.75,22.97,[]
/dlsu/goks/cam,/dlsu/goks/cam,0.000000,66556.02152395248,0,,0,0,,0.10,0.00,25.14,[]
/dlsu/goks/cam,/dlsu/goks/cam,0.000000,0,0,,0,0,,0.01,0.00,24.27,[]
/dlsu/goks/cam,/dlsu/goks/cam,0.000000,66556.05983304977,0,,0,0,,0.03,0.92,24.44,[]
/dlsu/goks/cam,/dlsu/goks/cam,0.000000,66556.13015508652,0,,0,0,,0.09,1.70,25.27,[]
/dlsu/goks/cam,/dlsu/goks/cam,0.000000,0,0,,0,0,,0.00,0.00,25.11,[]
/dlsu/goks/cam,/dlsu/goks/cam,0.000000,66556.20453906059,0,,0,0,,0.06,1.85,25.02,[]
/dlsu/goks/cam,/dlsu/goks/cam,0.000000,0,0,,0,0,,0.01,0.00,24.25,[]
/dlsu/goks/cam,/dlsu/goks/cam,0.000000,66556.25123095512,0,,0,0,,0.14,0.92,25.18,[]
/dlsu/goks/cam,/dlsu/goks/cam,0.000000,66556.31414294243,0,,0,0,,0.05,1.83,25.16,[]
/dlsu/goks/cam,/dlsu/goks/cam,0.000000,0,0,,0,0,,0.01,0.00,24.81,[]
/dlsu/goks/cam,/dlsu/goks/cam,0.000000,66556.37281298637,0,,0,0,,0.04,0.82,20.91,[]
/dlsu/goks/cam,/dlsu/goks/cam,0.000000,66556.45824098587,0,,0,0,,0.08,1.23,22.28,[]
/dlsu/goks/cam,/dlsu/goks/cam,0.000000,66556.51148605347,0,,0,0,,0.05,1.00,23.66,[]
/dlsu/goks/cam,/dlsu/goks/cam,0.000000,66556.58630490303,0,,0,0,,0.08,1.81,25.14,[]
/dlsu/goks/cam,/dlsu/goks/cam,0.000000,0,0,,0,0,,0.01,0.00,24.91,[]
/dlsu/goks/cam,/dlsu/goks/cam,0.000000,66556.64858102798,0,,0,0,,0.04,0.99,25.24,[]
/dlsu/goks/cam,/dlsu/goks/cam,0.000000,66556.70245695114,0,,0,0,,0.04,0.74,25.07,[]
/dlsu/goks/cam,/dlsu/goks/cam,0.000000,66556.76542496681,0,,0,0,,0.04,1.16,25.20,[]
/dlsu/goks/cam,/dlsu/goks/cam,0.000000,66556.84744691849,0,,0,0,,0.06,0.73,24.59,[]
/dlsu/goks/cam,/dlsu/goks/cam,0.000000,66556.87659096718,0,,0,0,,0.05,1.11,20.52,[]
/dlsu/goks/cam,/dlsu/goks/cam,0.000000,66556.91887497902,0,,0,0,,0.04,0.90,25.20,[]
/dlsu/goks/cam,/dlsu/goks/cam,0.000000,66556.98028588295,0,,0,0,,0.03,1.18,21.06,[]
/dlsu/goks/cam,/dlsu/goks/cam,0.000000,66557.01817011833,0,,0,0,,0.09,1.01,25.43,[]
/dlsu/goks/cam,/dlsu/goks/cam,0.000000,66557.04905200005,0,,0,0,,0.03,1.49,20.23,[]
/dlsu/goks/cam,/dlsu/goks/cam,0.000000,66557.0825688839,0,,0,0,,0.03,1.14,25.47,[]
/dlsu/goks/cam,/dlsu/goks/cam,0.000000,66557.15545010567,0,,0,0,,0.05,0.77,23.99,[]
/dlsu/goks/cam,/dlsu/goks/cam,0.000000,66557.25269293785,0,,0,0,,0.10,1.63,21.86,[]
/dlsu/goks/cam,/dlsu/goks/cam,0.000000,0,0,,0,0,,0.01,0.00,25.10,[]
/dlsu/goks/cam,/dlsu/goks/cam,0.000000,66557.29433894157,0,,0,0,,0.13,1.32,21.22,[]
/dlsu/goks/cam,/dlsu/goks/cam,0.000000,66557.33286094666,0,,0,0,,0.05,1.05,21.93,[]
/dlsu/goks/cam,/dlsu/goks/cam,0.000000,66557.35919904709,0,,0,0,,0.02,0.85,21.14,[]
/dlsu/goks/cam,/dlsu/goks/cam,0.000000,66557.40139508247,0,,0,0,,0.04,0.96,25.06,[]
/dlsu/goks/cam,/dlsu/goks/cam,0.000000,66557.49030709267,0,,0,0,,0.04,1.16,25.44,[]
/dlsu/goks/cam,/dlsu/goks/cam,0.000000,66557.52563691139,0,,0,0,,0.07,1.12,25.24,[]
/dlsu/goks/cam,/dlsu/goks/cam,0.000000,66557.5517179966,0,,0,0,,0.01,1.23,20.44,[]
/dlsu/goks/cam,/dlsu/goks/cam,0.000000,66557.58341193199,0,,0,0,,0.05,1.20,22.24,[]
/dlsu/goks/cam,/dlsu/goks/cam,0.000000,66557.61880707741,0,,0,0,,0.03,0.92,21.02,[]
/dlsu/goks/cam,/dlsu/goks/cam,0.000000,66557.68974304199,0,,0,0,,0.05,1.33,22.88,[]
/dlsu/goks/cam,/dlsu/goks/cam,0.000000,66557.70564103127,0,,0,0,,0.02,0.76,25.08,[]
/dlsu/goks/cam,/dlsu/goks/cam,0.000000,0,0,,0,0,,0.01,0.00,25.15,[]
/dlsu/goks/cam,/dlsu/goks/cam,0.000000,66557.76408100128,0,,0,0,,0.12,1.01,24.98,[]
/dlsu/goks/cam,/dlsu/goks/cam,0.000000,66557.85103106499,0,,0,0,,0.08,1.58,24.30,[]
/dlsu/goks/cam,/dlsu/goks/cam,0.000000,0,0,,0,0,,0.02,0.00,23.82,[]
/dlsu/goks/cam,/dlsu/goks/cam,0.000000,66557.90486693382,0,,0,0,,0.03,2.06,25.16,[]
/dlsu/goks/cam,/dlsu/goks/cam,0.000000,66557.98080992699,0,,0,0,,0.05,3.41,25.13,[]
/dlsu/goks/cam,/dlsu/goks/cam,0.000000,66558.00777411461,0,,0,0,,0.03,1.04,22.12,[]
/dlsu/goks/cam,/dlsu/goks/cam,0.000000,66558.07490301132,0,,0,0,,0.06,1.78,24.31,[]
/dlsu/goks/cam,/dlsu/goks/cam,0.000000,0,0,,0,0,,0.01,0.00,21.08,[]
/dlsu/goks/cam,/dlsu/goks/cam,0.000000,66558.10389494896,0,,0,0,,0.09,0.87,23.21,[]
/dlsu/goks/cam,/dlsu/goks/cam,0.000000,66558.15377402306,0,,0,0,,0.06,1.43,22.06,[]
/dlsu/goks/cam,/dlsu/goks/cam,0.000000,0,0,,0,0,,0.00,0.00,25.09,[]
/dlsu/goks/cam,/dlsu/goks/cam,0.000000,66558.24257993698,0,,0,0,,0.05,1.07,25.16,[]
/dlsu/goks/cam,/dlsu/goks/cam,0.000000,66558.29556488991,0,,0,0,,0.03,1.14,21.02,[]
/dlsu/goks/cam,/dlsu/goks/cam,0.000000,66558.3827779293,0,,0,0,,0.07,2.53,22.27,[]
/dlsu/goks/cam,/dlsu/goks/cam,0.000000,66558.41223096848,0,,0,0,,0.02,0.68,21.00,[]
/dlsu/goks/cam,/dlsu/goks/cam,0.000000,0,0,,0,0,,0.00,0.00,20.25,[]
/dlsu/goks/cam,/dlsu/goks/cam,0.000000,66558.45409989357,0,,0,0,,0.03,0.84,25.07,[]
/dlsu/goks/cam,/dlsu/goks/cam,0.000000,66558.51315999031,0,,0,0,,0.05,0.89,25.12,[]
/dlsu/goks/cam,/dlsu/goks/cam,0.000000,66558.57664299011,0,,0,0,,0.05,1.13,20.74,[]
/dlsu/goks/cam,/dlsu/goks/cam,0.000000,0,0,,0,0,,0.01,0.00,25.10,[]
/dlsu/goks/cam,/dlsu/goks/cam,0.000000,66558.62361693382,0,,0,0,,0.07,1.11,23.21,[]
/dlsu/goks/cam,/dlsu/goks/cam,0.000000,66558.69193601608,0,,0,0,,0.04,1.05,20.63,[]
/dlsu/goks/cam,/dlsu/goks/cam,0.000000,66558.72330594063,0,,0,0,,0.05,0.96,23.69,[]
/dlsu/goks/cam,/dlsu/goks/cam,0.000000,66558.76923108101,0,,0,0,,0.04,0.86,25.07,[]
/dlsu/goks/cam,/dlsu/goks/cam,0.000000,66558.87542510033,0,,0,0,,0.06,1.15,24.14,[]
/dlsu/goks/cam,/dlsu/goks/cam,0.000000,66558.91653203964,0,,0,0,,0.03,0.78,25.11,[]
/dlsu/goks/cam,/dlsu/goks/cam,0.000000,66558.96682310104,0,,0,0,,0.04,0.48,25.89,[]
/dlsu/goks/cam,/dlsu/goks/cam,0.000000,66558.999532938,0,,0,0,,0.04,0.92,25.15,[]
/dlsu/goks/cam,/dlsu/goks/cam,0.000000,66559.05708694458,0,,0,0,,0.04,0.76,23.32,[]
/dlsu/goks/cam,/dlsu/goks/cam,0.000000,66559.11376309395,0,,0,0,,0.03,0.92,24.42,[]
/dlsu/goks/cam,/dlsu/goks/cam,0.000000,66559.19586801529,0,,0,0,,0.07,5.32,20.91,[]
/dlsu/goks/cam,/dlsu/goks/cam,0.000000,0,0,,0,0,,0.00,0.00,24.90,[]
/dlsu/goks/cam,/dlsu/goks/cam,0.000000,66559.29133200645,0,,0,0,,0.73,36.92,27.51,[]
/dlsu/goks/cam,/dlsu/goks/cam,0.000000,66559.34084510803,0,,0,0,,0.47,0.00,25.43,[]
/dlsu/goks/cam,/dlsu/goks/cam,0.000000,66559.35116291046,0,,0,0,,0.05,3.31,25.26,[]
/dlsu/goks/cam,/dlsu/goks/cam,0.000000,0,0,,0,0,,0.01,0.00,20.39,[]
/dlsu/goks/cam,/dlsu/goks/cam,0.000000,66559.39653611183,0,,0,0,,0.04,1.59,25.09,[]
/dlsu/goks/cam,/dlsu/goks/cam,0.000000,66559.43652892113,0,,0,0,,0.03,0.93,25.36,[]
/dlsu/goks/cam,/dlsu/goks/cam,0.000000,0,0,,0,0,,0.01,0.00,25.10,[]
/dlsu/goks/cam,/dlsu/goks/cam,0.000000,66559.46780896187,0,,0,0,,0.04,1.23,25.60,[]
/dlsu/goks/cam,/dlsu/goks/cam,0.000000,66559.49799704552,0,,0,0,,0.05,0.92,25.17,[]
/dlsu/goks/cam,/dlsu/goks/cam,0.000000,66559.53544902802,0,,0,0,,0.03,0.84,25.16,[]
/dlsu/goks/cam,/dlsu/goks/cam,0.000000,66559.59257292747,0,,0,0,,0.05,1.07,23.02,[]
/dlsu/goks/cam,/dlsu/goks/cam,0.000000,66559.63427996635,0,,0,0,,0.05,1.13,23.15,[]
/dlsu/goks/cam,/dlsu/goks/cam,0.000000,66559.68263196945,0,,0,0,,0.20,1.76,25.21,[]
/dlsu/goks/cam,/dlsu/goks/cam,0.000000,0,0,,0,0,,0.01,0.00,23.90,[]
/dlsu/goks/cam,/dlsu/goks/cam,0.000000,66559.76389503479,0,,0,0,,0.11,2.45,20.77,[]
/dlsu/goks/cam,/dlsu/goks/cam,0.000000,0,0,,0,0,,0.01,0.00,22.97,[]
/dlsu/goks/cam,/dlsu/goks/cam,0.000000,66559.82688999176,0,,0,0,,0.09,1.61,20.91,[]
/dlsu/goks/cam,/dlsu/goks/cam,0.000000,0,0,,0,0,,0.01,0.00,22.43,[]
/dlsu/goks/cam,/dlsu/goks/cam,0.000000,66559.88018989563,0,,0,0,,0.06,1.50,24.24,[]
/dlsu/goks/cam,/dlsu/goks/cam,0.000000,66559.90907096863,0,,0,0,,0.02,0.82,21.36,[]
/dlsu/goks/cam,/dlsu/goks/cam,0.000000,66559.95118498802,0,,0,0,,0.04,0.89,21.17,[]
/dlsu/goks/cam,/dlsu/goks/cam,0.000000,66559.99303603172,0,,0,0,,0.03,0.90,24.10,[]
/dlsu/goks/cam,/dlsu/goks/cam,0.000000,66560.0249300003,0,,0,0,,0.03,0.86,20.29,[]
/dlsu/goks/cam,/dlsu/goks/cam,0.000000,66560.05671811104,0,,0,0,,0.14,1.12,23.75,[]
/dlsu/goks/cam,/dlsu/goks/cam,0.000000,66560.09897994995,0,,0,0,,0.03,0.75,25.22,[]
/dlsu/goks/cam,/dlsu/goks/cam,0.000000,66560.15997099876,0,,0,0,,0.20,4.52,25.36,[]
/dlsu/goks/cam,/dlsu/goks/cam,0.000000,0,0,,0,0,,0.01,0.00,24.61,[]
/dlsu/goks/cam,/dlsu/goks/cam,0.000000,66560.18830990791,0,,0,0,,0.05,1.06,24.19,[]
/dlsu/goks/cam,/dlsu/goks/cam,0.000000,66560.2417280674,0,,0,0,,0.04,1.02,22.53,[]
/dlsu/goks/cam,/dlsu/goks/cam,0.000000,66560.29345393181,0,,0,0,,0.04,1.21,25.44,[]
/dlsu/goks/cam,/dlsu/goks/cam,0.000000,66560.36794996262,0,,0,0,,0.20,1.17,20.36,[]
/dlsu/goks/cam,/dlsu/goks/cam,0.000000,66560.44739198685,0,,0,0,,0.06,2.15,21.36,[]
/dlsu/goks/cam,/dlsu/goks/cam,0.000000,0,0,,0,0,,0.01,0.00,25.08,[]
/dlsu/goks/cam,/dlsu/goks/cam,0.000000,66560.50056910515,0,,0,0,,0.05,0.93,20.95,[]
/dlsu/goks/cam,/dlsu/goks/cam,0.000000,66560.54188203812,0,,0,0,,0.03,0.82,25.05,[]
/dlsu/goks/cam,/dlsu/goks/cam,0.000000,66560.58161902428,0,,0,0,,0.05,1.26,24.03,[]
/dlsu/goks/cam,/dlsu/goks/cam,0.000000,66560.63572406769,0,,0,0,,0.03,0.88,25.13,[]
/dlsu/goks/cam,/dlsu/goks/cam,0.000000,66560.6776061058,0,,0,0,,0.03,0.85,25.18,[]
/dlsu/goks/cam,/dlsu/goks/cam,0.000000,66560.70542907715,0,,0,0,,0.03,0.81,25.16,[]
/dlsu/goks/cam,/dlsu/goks/cam,0.000000,66560.76793003082,0,,0,0,,0.12,4.16,25.19,[]
/dlsu/goks/cam,/dlsu/goks/cam,0.000000,0,0,,0,0,,0.01,0.00,25.07,[]
/dlsu/goks/cam,/dlsu/goks/cam,0.000000,66560.83885288239,0,,0,0,,0.07,0.57,22.69,[]
/dlsu/goks/cam,/dlsu/goks/cam,0.000000,66560.87559509277,0,,0,0,,0.03,1.03,21.24,[]
/dlsu/goks/cam,/dlsu/goks/cam,0.000000,66560.92080807686,0,,0,0,,0.07,0.79,25.18,[]
/dlsu/goks/cam,/dlsu/goks/cam,0.000000,66560.95714998245,0,,0,0,,0.07,1.98,25.36,[]
/dlsu/goks/cam,/dlsu/goks/cam,0.000000,66561.00434589386,0,,0,0,,0.04,1.24,24.24,[]
/dlsu/goks/cam,/dlsu/goks/cam,0.000000,66561.07716298103,0,,0,0,,0.06,1.30,25.23,[]
/dlsu/goks/cam,/dlsu/goks/cam,0.000000,0,0,,0,0,,0.01,0.00,20.42,[]
/dlsu/goks/cam,/dlsu/goks/cam,0.000000,66561.12537288666,0,,0,0,,0.03,0.87,21.74,[]
/dlsu/goks/cam,/dlsu/goks/cam,0.000000,66561.18811488152,0,,0,0,,0.05,1.10,62.64,[]
/dlsu/goks/cam,/dlsu/goks/cam,0.000000,66561.25408697128,0,,0,0,,0.06,2.17,25.58,[]
/dlsu/goks/cam,/dlsu/goks/cam,0.000000,0,0,,0,0,,0.02,0.00,25.11,[]
/dlsu/goks/cam,/dlsu/goks/cam,0.000000,66561.31332802773,0,,0,0,,0.03,0.89,22.48,[]
/dlsu/goks/cam,/dlsu/goks/cam,0.000000,66561.3603079319,0,,0,0,,0.13,1.44,23.23,[]
/dlsu/goks/cam,/dlsu/goks/cam,0.000000,0,0,,0,0,,0.01,0.00,25.07,[]
/dlsu/goks/cam,/dlsu/goks/cam,0.000000,66561.42427992821,0,,0,0,,0.04,0.73,25.12,[]
/dlsu/goks/cam,/dlsu/goks/cam,0.000000,66561.50603795052,0,,0,0,,0.04,1.01,25.17,[]
/dlsu/goks/cam,/dlsu/goks/cam,0.000000,66561.54295110703,0,,0,0,,0.08,0.86,20.82,[]
/dlsu/goks/cam,/dlsu/goks/cam,0.000000,66561.61634707451,0,,0,0,,0.05,1.33,25.07,[]
/dlsu/goks/cam,/dlsu/goks/cam,0.000000,66561.65851402283,0,,0,0,,0.05,1.36,24.49,[]
/dlsu/goks/cam,/dlsu/goks/cam,0.000000,0,0,,0,0,,0.01,0.00,25.10,[]
/dlsu/goks/cam,/dlsu/goks/cam,0.000000,66561.7357070446,0,,0,0,,0.09,2.72,22.58,[]
/dlsu/goks/cam,/dlsu/goks/cam,0.000000,0,0,,0,0,,0.01,0.00,21.22,[]
/dlsu/goks/cam,/dlsu/goks/cam,0.000000,66561.7863740921,0,,0,0,,0.03,0.95,25.13,[]
/dlsu/goks/cam,/dlsu/goks/cam,0.000000,66561.85501003265,0,,0,0,,0.13,1.91,24.55,[]
/dlsu/goks/cam,/dlsu/goks/cam,0.000000,0,0,,0,0,,0.01,0.00,22.17,[]
/dlsu/goks/cam,/dlsu/goks/cam,0.000000,66561.90615010262,0,,0,0,,0.15,0.92,24.14,[]
/dlsu/goks/cam,/dlsu/goks/cam,0.000000,66561.94710493088,0,,0,0,,0.03,1.28,20.27,[]
/dlsu/goks/cam,/dlsu/goks/cam,0.000000,66561.99829697609,0,,0,0,,0.03,1.15,23.16,[]
/dlsu/goks/cam,/dlsu/goks/cam,0.000000,66562.0403149128,0,,0,0,,0.03,0.84,25.17,[]
/dlsu/goks/cam,/dlsu/goks/cam,0.000000,66562.07346701622,0,,0,0,,0.04,1.08,24.82,[]
/dlsu/goks/cam,/dlsu/goks/cam,0.000000,66562.12645411491,0,,0,0,,0.04,1.21,25.48,[]
/dlsu/goks/cam,/dlsu/goks/cam,0.000000,66562.15775203705,0,,0,0,,0.03,1.27,23.03,[]
/dlsu/goks/cam,/dlsu/goks/cam,0.000000,66562.20685696602,0,,0,0,,0.04,1.31,24.01,[]
/dlsu/goks/cam,/dlsu/goks/cam,0.000000,0,0,,0,0,,0.01,0.00,20.43,[]
/dlsu/goks/cam,/dlsu/goks/cam,0.000000,66562.28429698944,0,,0,0,,0.06,1.30,23.41,[]
/dlsu/goks/cam,/dlsu/goks/cam,0.000000,66562.32606506348,0,,0,0,,0.03,1.34,25.51,[]
/dlsu/goks/cam,/dlsu/goks/cam,0.000000,0,0,,0,0,,0.02,0.00,22.16,[]
/dlsu/goks/cam,/dlsu/goks/cam,0.000000,66562.40177989006,0,,0,0,,0.07,1.21,20.28,[]
/dlsu/goks/cam,/dlsu/goks/cam,0.000000,66562.48139095306,0,,0,0,,0.05,1.36,25.19,[]
/dlsu/goks/cam,/dlsu/goks/cam,0.000000,0,0,,0,0,,0.01,0.00,25.10,[]
/dlsu/goks/cam,/dlsu/goks/cam,0.000000,66562.55617499352,0,,0,0,,0.06,0.94,20.98,[]
/dlsu/goks/cam,/dlsu/goks/cam,0.000000,66562.58906698227,0,,0,0,,0.05,1.54,25.41,[]
/dlsu/goks/cam,/dlsu/goks/cam,0.000000,0,0,,0,0,,0.01,0.00,25.08,[]
/dlsu/goks/cam,/dlsu/goks/cam,0.000000,66562.67457103729,0,,0,0,,0.09,1.05,23.87,[]
/dlsu/goks/cam,/dlsu/goks/cam,0.000000,66562.71593809128,0,,0,0,,0.03,0.90,25.37,[]
/dlsu/goks/cam,/dlsu/goks/cam,0.000000,66562.75984597206,0,,0,0,,0.04,0.91,25.20,[]
/dlsu/goks/cam,/dlsu/goks/cam,0.000000,66562.83565592766,0,,0,0,,0.08,2.04,21.44,[]
/dlsu/goks/cam,/dlsu/goks/cam,0.000000,66562.85792088509,0,,0,0,,0.02,0.69,21.43,[]
/dlsu/goks/cam,/dlsu/goks/cam,0.000000,0,0,,0,0,,0.01,0.00,20.70,[]
/dlsu/goks/cam,/dlsu/goks/cam,0.000000,66562.88933992386,0,,0,0,,0.03,0.69,24.48,[]
/dlsu/goks/cam,/dlsu/goks/cam,0.000000,66562.9374859333,0,,0,0,,0.04,0.88,21.63,[]
/dlsu/goks/cam,/dlsu/goks/cam,0.000000,66562.96845889091,0,,0,0,,0.13,0.99,25.14,[]
/dlsu/goks/cam,/dlsu/goks/cam,0.000000,66563.00161600113,0,,0,0,,0.03,1.20,25.16,[]
/dlsu/goks/cam,/dlsu/goks/cam,0.000000,66563.04179811478,0,,0,0,,0.04,1.13,20.41,[]
/dlsu/goks/cam,/dlsu/goks/cam,0.000000,66563.08420300484,0,,0,0,,0.04,0.83,20.75,[]
/dlsu/goks/cam,/dlsu/goks/cam,0.000000,66563.14860892296,0,,0,0,,0.04,1.17,25.24,[]
/dlsu/goks/cam,/dlsu/goks/cam,0.000000,66563.21543693542,0,,0,0,,0.09,7.30,25.23,[]
/dlsu/goks/cam,/dlsu/goks/cam,0.000000,0,0,,0,0,,0.01,0.00,22.72,[]
/dlsu/goks/cam,/dlsu/goks/cam,0.000000,66563.29646396637,0,,0,0,,0.09,1.30,25.16,[]
/dlsu/goks/cam,/dlsu/goks/cam,0.000000,0,0,,0,0,,0.01,0.00,22.16,[]
/dlsu/goks/cam,/dlsu/goks/cam,0.000000,66563.38361597061,0,,0,0,,0.06,1.93,21.27,[]
/dlsu/goks/cam,/dlsu/goks/cam,0.000000,0,0,,0,0,,0.01,0.00,25.06,[]
/dlsu/goks/cam,/dlsu/goks/cam,0.000000,66563.4530980587,0,,0,0,,0.05,0.92,25.22,[]
/dlsu/goks/cam,/dlsu/goks/cam,0.000000,66563.48538088799,0,,0,0,,0.04,0.97,24.87,[]
/dlsu/goks/cam,/dlsu/goks/cam,0.000000,66563.5298230648,0,,0,0,,0.05,0.74,25.50,[]
/dlsu/goks/cam,/dlsu/goks/cam,0.000000,66563.58198308945,0,,0,0,,0.12,1.47,25.12,[]
/dlsu/goks/cam,/dlsu/goks/cam,0.000000,0,0,,0,0,,0.00,0.00,22.63,[]
/dlsu/goks/cam,/dlsu/goks/cam,0.000000,66563.66968107224,0,,0,0,,0.05,0.78,24.41,[]
/dlsu/goks/cam,/dlsu/goks/cam,0.000000,66563.72005200386,0,,0,0,,0.05,1.13,25.19,[]
/dlsu/goks/cam,/dlsu/goks/cam,0.000000,66563.77384996414,0,,0,0,,0.04,0.93,25.14,[]
/dlsu/goks/cam,/dlsu/goks/cam,0.000000,66563.8210709095,0,,0,0,,0.09,0.80,25.19,[]
/dlsu/goks/cam,/dlsu/goks/cam,0.000000,66563.91021800041,0,,0,0,,0.08,1.71,25.09,[]
/dlsu/goks/cam,/dlsu/goks/cam,0.000000,66563.92592310905,0,,0,0,,0.09,0.49,25.14,[]
/dlsu/goks/cam,/dlsu/goks/cam,0.000000,66563.96772003174,0,,0,0,,0.03,1.03,25.11,[]
/dlsu/goks/cam,/dlsu/goks/cam,0.000000,0,0,,0,0,,0.01,0.00,20.92,[]
/dlsu/goks/cam,/dlsu/goks/cam,0.000000,66564.03260111809,0,,0,0,,0.15,1.12,23.44,[]
/dlsu/goks/cam,/dlsu/goks/cam,0.000000,66564.09614109993,0,,0,0,,0.06,1.01,25.16,[]
/dlsu/goks/cam,/dlsu/goks/cam,0.000000,66564.20005393028,0,,0,0,,0.06,1.30,23.93,[]
/dlsu/goks/cam,/dlsu/goks/cam,0.000000,66564.23425102234,0,,0,0,,0.03,0.92,22.57,[]
/dlsu/goks/cam,/dlsu/goks/cam,0.000000,66564.25839304924,0,,0,0,,0.03,0.73,21.02,[]
/dlsu/goks/cam,/dlsu/goks/cam,0.000000,66564.32956004143,0,,0,0,,0.09,1.64,21.09,[]
/dlsu/goks/cam,/dlsu/goks/cam,0.000000,0,0,,0,0,,0.00,0.00,25.08,[]
/dlsu/goks/cam,/dlsu/goks/cam,0.000000,66564.36995410919,0,,0,0,,0.14,0.98,25.20,[]
/dlsu/goks/cam,/dlsu/goks/cam,0.000000,66564.40146589279,0,,0,0,,0.05,0.90,24.87,[]
/dlsu/goks/cam,/dlsu/goks/cam,0.000000,66564.43561410904,0,,0,0,,0.03,1.38,25.30,[]
/dlsu/goks/cam,/dlsu/goks/cam,0.000000,66564.48344898224,0,,0,0,,0.04,1.48,25.14,[]
/dlsu/goks/cam,/dlsu/goks/cam,0.000000,66564.5640039444,0,,0,0,,0.05,1.40,21.26,[]
/dlsu/goks/cam,/dlsu/goks/cam,0.000000,66564.58490991592,0,,0,0,,0.02,0.53,25.12,[]
/dlsu/goks/cam,/dlsu/goks/cam,0.000000,0,0,,0,0,,0.00,0.00,25.10,[]
/dlsu/goks/cam,/dlsu/goks/cam,0.000000,66564.66103506088,0,,0,0,,0.05,0.96,20.84,[]
/dlsu/goks/cam,/dlsu/goks/cam,0.000000,66564.74206805229,0,,0,0,,0.04,0.96,22.03,[]
/dlsu/goks/cam,/dlsu/goks/cam,0.000000,66564.78510499,0,,0,0,,0.26,1.04,20.62,[]
/dlsu/goks/cam,/dlsu/goks/cam,0.000000,66564.84046506882,0,,0,0,,0.07,1.38,22.11,[]
/dlsu/goks/cam,/dlsu/goks/cam,0.000000,0,0,,0,0,,0.01,0.00,25.07,[]
/dlsu/goks/cam,/dlsu/goks/cam,0.000000,66564.97678303719,0,,0,0,,0.06,1.10,25.07,[]
/dlsu/goks/cam,/dlsu/goks/cam,0.000000,66565.02190899849,0,,0,0,,0.04,0.96,25.06,[]
/dlsu/goks/cam,/dlsu/goks/cam,0.000000,66565.07840704918,0,,0,0,,0.05,1.44,25.40,[]
/dlsu/goks/cam,/dlsu/goks/cam,0.000000,0,0,,0,0,,0.01,0.00,23.55,[]
/dlsu/goks/cam,/dlsu/goks/cam,0.000000,66565.17058491707,0,,0,0,,0.19,1.97,21.79,[]
/dlsu/goks/cam,/dlsu/goks/cam,0.000000,0,0,,0,0,,0.01,0.00,20.40,[]
/dlsu/goks/cam,/dlsu/goks/cam,0.000000,66565.24181008339,0,,0,0,,0.06,1.53,25.16,[]
/dlsu/goks/cam,/dlsu/goks/cam,0.000000,66565.25749707222,0,,0,0,,0.10,0.86,24.30,[]
/dlsu/goks/cam,/dlsu/goks/cam,0.000000,66565.28902292252,0,,0,0,,0.09,0.65,25.11,[]
/dlsu/goks/cam,/dlsu/goks/cam,0.000000,0,0,,0,0,,0.01,0.00,20.77,[]
/dlsu/goks/cam,/dlsu/goks/cam,0.000000,66565.3542239666,0,,0,0,,0.12,2.14,21.21,[]
/dlsu/goks/cam,/dlsu/goks/cam,0.000000,66565.38529610634,0,,0,0,,0.03,0.65,23.60,[]
/dlsu/goks/cam,/dlsu/goks/cam,0.000000,66565.40094089508,0,,0,0,,0.02,0.93,22.73,[]
/dlsu/goks/cam,/dlsu/goks/cam,0.000000,0,0,,0,0,,0.01,0.00,25.06,[]
/dlsu/goks/cam,/dlsu/goks/cam,0.000000,66565.47558403015,0,,0,0,,0.05,0.73,21.49,[]
/dlsu/goks/cam,/dlsu/goks/cam,0.000000,66565.56087708473,0,,0,0,,0.04,0.79,25.16,[]
/dlsu/goks/cam,/dlsu/goks/cam,0.000000,66565.62399291992,0,,0,0,,0.07,1.79,22.53,[]
/dlsu/goks/cam,/dlsu/goks/cam,0.000000,0,0,,0,0,,0.01,0.00,25.08,[]
/dlsu/goks/cam,/dlsu/goks/cam,0.000000,66565.67898511887,0,,0,0,,0.04,0.73,25.87,[]
/dlsu/goks/cam,/dlsu/goks/cam,0.000000,66565.7321460247,0,,0,0,,0.04,0.98,21.06,[]
/dlsu/goks/cam,/dlsu/goks/cam,0.000000,66565.76584291458,0,,0,0,,0.07,0.96,22.36,[]
/dlsu/goks/cam,/dlsu/goks/cam,0.000000,66565.78901600838,0,,0,0,,0.04,0.72,23.76,[]
/dlsu/goks/cam,/dlsu/goks/cam,0.000000,66565.82779788971,0,,0,0,,0.07,1.03,23.17,[]
/dlsu/goks/cam,/dlsu/goks/cam,0.000000,66565.87689709663,0,,0,0,,0.06,1.11,22.77,[]
/dlsu/goks/cam,/dlsu/goks/cam,0.000000,66565.91903996468,0,,0,0,,0.11,1.46,20.99,[]
/dlsu/goks/cam,/dlsu/goks/cam,0.000000,0,0,,0,0,,0.01,0.00,23.56,[]
/dlsu/goks/cam,/dlsu/goks/cam,0.000000,66565.9924941063,0,,0,0,,0.04,0.99,21.24,[]
/dlsu/goks/cam,/dlsu/goks/cam,0.000000,66566.06194901466,0,,0,0,,0.06,0.79,25.87,[]
/dlsu/goks/cam,/dlsu/goks/cam,0.000000,0,0,,0,0,,0.00,0.00,22.98,[]
/dlsu/goks/cam,/dlsu/goks/cam,0.000000,66566.0889749527,0,,0,0,,0.05,0.93,24.78,[]
/dlsu/goks/cam,/dlsu/goks/cam,0.000000,66566.13031101227,0,,0,0,,0.08,0.92,25.22,[]
/dlsu/goks/cam,/dlsu/goks/cam,0.000000,66566.23055696487,0,,0,0,,0.11,1.86,21.27,[]
/dlsu/goks/cam,/dlsu/goks/cam,0.000000,0,0,,0,0,,0.00,0.00,23.74,[]
/dlsu/goks/cam,/dlsu/goks/cam,0.000000,66566.27651190758,0,,0,0,,0.17,1.45,20.30,[]
/dlsu/goks/cam,/dlsu/goks/cam,0.000000,0,0,,0,0,,0.01,0.00,23.61,[]
/dlsu/goks/cam,/dlsu/goks/cam,0.000000,66566.33724403381,0,,0,0,,0.07,1.09,22.49,[]
/dlsu/goks/cam,/dlsu/goks/cam,0.000000,66566.37677907944,0,,0,0,,0.03,0.86,24.10,[]
/dlsu/goks/cam,/dlsu/goks/cam,0.000000,66566.4253950119,0,,0,0,,0.04,1.12,21.22,[]
/dlsu/goks/cam,/dlsu/goks/cam,0.000000,66566.46583008766,0,,0,0,,0.04,1.17,25.14,[]
/dlsu/goks/cam,/dlsu/goks/cam,0.000000,66566.54725289345,0,,0,0,,0.06,1.93,22.36,[]
/dlsu/goks/cam,/dlsu/goks/cam,0.000000,0,0,,0,0,,0.01,0.00,25.09,[]
/dlsu/goks/cam,/dlsu/goks/cam,0.000000,66566.59512805939,0,,0,0,,0.04,1.04,22.65,[]
/dlsu/goks/cam,/dlsu/goks/cam,0.000000,66566.66325807571,0,,0,0,,0.10,2.51,25.41,[]
/dlsu/goks/cam,/dlsu/goks/cam,0.000000,0,0,,0,0,,0.01,0.00,25.08,[]
/dlsu/goks/cam,/dlsu/goks/cam,0.000000,66566.72343707085,0,,0,0,,0.03,0.83,25.17,[]
/dlsu/goks/cam,/dlsu/goks/cam,0.000000,66566.76309490204,0,,0,0,,0.10,2.15,25.52,[]
/dlsu/goks/cam,/dlsu/goks/cam,0.000000,66566.80594396591,0,,0,0,,0.03,1.12,22.77,[]
/dlsu/goks/cam,/dlsu/goks/cam,0.000000,66566.89114189148,0,,0,0,,0.28,0.99,22.55,[]
/dlsu/goks/cam,/dlsu/goks/cam,0.000000,66566.92615509033,0,,0,0,,0.03,1.11,25.10,[]
/dlsu/goks/cam,/dlsu/goks/cam,0.000000,66566.95440602303,0,,0,0,,0.04,1.18,22.43,[]
/dlsu/goks/cam,/dlsu/goks/cam,0.000000,66567.02240109444,0,,0,0,,0.06,0.84,20.84,[]
/dlsu/goks/cam,/dlsu/goks/cam,0.000000,66567.05398797989,0,,0,0,,0.04,1.01,21.14,[]
/dlsu/goks/cam,/dlsu/goks/cam,0.000000,66567.08593893051,0,,0,0,,0.04,0.99,22.60,[]
/dlsu/goks/cam,/dlsu/goks/cam,0.000000,66567.17703008652,0,,0,0,,0.09,0.95,22.71,[]
/dlsu/goks/cam,/dlsu/goks/cam,0.000000,66567.20184993744,0,,0,0,,0.02,0.82,23.86,[]
/dlsu/goks/cam,/dlsu/goks/cam,0.000000,66567.24592900276,0,,0,0,,0.07,0.67,25.30,[]
/dlsu/goks/cam,/dlsu/goks/cam,0.000000,66567.32842803001,0,,0,0,,0.05,1.00,21.36,[]
/dlsu/goks/cam,/dlsu/goks/cam,0.000000,66567.3688390255,0,,0,0,,0.04,1.07,25.74,[]
/dlsu/goks/cam,/dlsu/goks/cam,0.000000,66567.42686009407,0,,0,0,,0.08,1.52,20.43,[]
/dlsu/goks/cam,/dlsu/goks/cam,0.000000,66567.44236397743,0,,0,0,,0.03,0.99,23.50,[]
/dlsu/goks/cam,/dlsu/goks/cam,0.000000,0,0,,0,0,,0.01,0.00,23.96,[]
/dlsu/goks/cam,/dlsu/goks/cam,0.000000,66567.48651695251,0,,0,0,,0.03,0.72,23.13,[]
/dlsu/goks/cam,/dlsu/goks/cam,0.000000,66567.51927995682,0,,0,0,,0.05,0.90,20.41,[]
/dlsu/goks/cam,/dlsu/goks/cam,0.000000,66567.60845899582,0,,0,0,,0.06,1.45,25.16,[]
/dlsu/goks/cam,/dlsu/goks/cam,0.000000,0,0,,0,0,,0.01,0.00,23.51,[]
/dlsu/goks/cam,/dlsu/goks/cam,0.000000,66567.66955590248,0,,0,0,,0.05,2.14,25.22,[]
/dlsu/goks/cam,/dlsu/goks/cam,0.000000,0,0,,0,0,,0.02,0.00,25.42,[]
/dlsu/goks/cam,/dlsu/goks/cam,0.000000,66567.75287604332,0,,0,0,,0.07,1.29,23.29,[]
/dlsu/goks/cam,/dlsu/goks/cam,0.000000,66567.78147697449,0,,0,0,,0.17,1.09,25.31,[]
/dlsu/goks/cam,/dlsu/goks/cam,0.000000,66567.81682705879,0,,0,0,,0.12,0.96,20.56,[]
/dlsu/goks/cam,/dlsu/goks/cam,0.000000,66567.86251091957,0,,0,0,,0.05,1.02,20.97,[]
/dlsu/goks/cam,/dlsu/goks/cam,0.000000,66567.95828700066,0,,0,0,,0.05,0.92,25.19,[]
/dlsu/goks/cam,/dlsu/goks/cam,0.000000,66568.00476908684,0,,0,0,,0.04,0.83,24.63,[]
/dlsu/goks/cam,/dlsu/goks/cam,0.000000,66568.03596401215,0,,0,0,,0.16,1.51,21.64,[]
/dlsu/goks/cam,/dlsu/goks/cam,0.000000,66568.09278011322,0,,0,0,,0.05,0.84,21.06,[]
/dlsu/goks/cam,/dlsu/goks/cam,0.000000,66568.12271404266,0,,0,0,,0.02,0.82,25.17,[]
/dlsu/goks/cam,/dlsu/goks/cam,0.000000,66568.17678189278,0,,0,0,,0.05,1.56,22.04,[]
/dlsu/goks/cam,/dlsu/goks/cam,0.000000,0,0,,0,0,,0.01,0.00,21.77,[]
/dlsu/goks/cam,/dlsu/goks/cam,0.000000,66568.23680210114,0,,0,0,,0.04,1.31,22.02,[]
/dlsu/goks/cam,/dlsu/goks/cam,0.000000,66568.28653097153,0,,0,0,,0.05,1.81,21.85,[]
/dlsu/goks/cam,/dlsu/goks/cam,0.000000,0,0,,0,0,,0.01,0.00,24.27,[]
/dlsu/goks/cam,/dlsu/goks/cam,0.000000,66568.33939695358,0,,0,0,,0.03,0.79,24.35,[]
/dlsu/goks/cam,/dlsu/goks/cam,0.000000,66568.38274693489,0,,0,0,,0.04,1.33,20.94,[]
/dlsu/goks/cam,/dlsu/goks/cam,0.000000,66568.42597794533,0,,0,0,,0.03,0.92,21.55,[]
/dlsu/goks/cam,/dlsu/goks/cam,0.000000,66568.47839403152,0,,0,0,,0.04,0.78,21.52,[]
/dlsu/goks/cam,/dlsu/goks/cam,0.000000,66568.50389790535,0,,0,0,,0.03,0.84,25.13,[]
/dlsu/goks/cam,/dlsu/goks/cam,0.000000,66568.58957099915,0,,0,0,,0.05,1.41,25.25,[]
/dlsu/goks/cam,/dlsu/goks/cam,0.000000,0,0,,0,0,,0.01,0.00,25.15,[]
/dlsu/goks/cam,/dlsu/goks/cam,0.000000,66568.64451599121,0,,0,0,,0.03,1.08,20.56,[]
/dlsu/goks/cam,/dlsu/goks/cam,0.000000,66568.67536211014,0,,0,0,,0.08,1.27,24.07,[]
/dlsu/goks/cam,/dlsu/goks/cam,0.000000,66568.70377492905,0,,0,0,,0.03,0.86,21.54,[]
/dlsu/goks/cam,/dlsu/goks/cam,0.000000,66568.76303792,0,,0,0,,0.06,0.88,25.31,[]
/dlsu/goks/cam,/dlsu/goks/cam,0.000000,66568.81586790085,0,,0,0,,0.03,1.11,21.70,[]
/dlsu/goks/cam,/dlsu/goks/cam,0.000000,66568.86117911339,0,,0,0,,0.06,1.16,22.12,[]
/dlsu/goks/cam,/dlsu/goks/cam,0.000000,66568.89152002335,0,,0,0,,0.05,1.14,22.22,[]
/dlsu/goks/cam,/dlsu/goks/cam,0.000000,66568.94027090073,0,,0,0,,0.03,0.85,21.19,[]
/dlsu/goks/cam,/dlsu/goks/cam,0.000000,66568.97928595543,0,,0,0,,0.05,1.44,25.20,[]
/dlsu/goks/cam,/dlsu/goks/cam,0.000000,0,0,,0,0,,0.01,0.00,20.41,[]
/dlsu/goks/cam,/dlsu/goks/cam,0.000000,66569.0432100296,0,,0,0,,0.05,0.78,20.56,[]
/dlsu/goks/cam,/dlsu/goks/cam,0.000000,66569.09126091003,0,,0,0,,0.04,0.90,22.48,[]
/dlsu/goks/cam,/dlsu/goks/cam,0.000000,66569.12159395218,0,,0,0,,0.04,0.83,21.70,[]
/dlsu/goks/cam,/dlsu/goks/cam,0.000000,66569.16647195816,0,,0,0,,0.07,5.02,21.99,[]
/dlsu/goks/cam,/dlsu/goks/cam,0.000000,0,0,,0,0,,0.01,0.00,21.65,[]
/dlsu/goks/cam,/dlsu/goks/cam,0.000000,66569.2268640995,0,,0,0,,0.09,0.97,25.16,[]
/dlsu/goks/cam,/dlsu/goks/cam,0.000000,66569.26140499115,0,,0,0,,0.05,0.95,20.79,[]
/dlsu/goks/cam,/dlsu/goks/cam,0.000000,66569.31432199478,0,,0,0,,0.04,1.36,23.42,[]
/dlsu/goks/cam,/dlsu/goks/cam,0.000000,66569.3426129818,0,,0,0,,0.03,1.03,25.37,[]
/dlsu/goks/cam,/dlsu/goks/cam,0.000000,66569.40781092644,0,,0,0,,0.06,1.23,23.09,[]
/dlsu/goks/cam,/dlsu/goks/cam,0.000000,66569.43860006332,0,,0,0,,0.03,0.99,21.17,[]
/dlsu/goks/cam,/dlsu/goks/cam,0.000000,0,0,,0,0,,0.02,0.00,20.88,[]
/dlsu/goks/cam,/dlsu/goks/cam,0.000000,66569.49454498291,0,,0,0,,0.04,0.99,25.19,[]
/dlsu/goks/cam,/dlsu/goks/cam,0.000000,66569.53677010536,0,,0,0,,0.04,0.93,24.18,[]
/dlsu/goks/cam,/dlsu/goks/cam,0.000000,66569.60936188698,0,,0,0,,0.06,1.79,20.45,[]
/dlsu/goks/cam,/dlsu/goks/cam,0.000000,0,0,,0,0,,0.01,0.00,24.44,[]
/dlsu/goks/cam,/dlsu/goks/cam,0.000000,66569.6634979248,0,,0,0,,0.04,1.18,25.26,[]
/dlsu/goks/cam,/dlsu/goks/cam,0.000000,66569.71768689156,0,,0,0,,0.24,2.03,25.26,[]
/dlsu/goks/cam,/dlsu/goks/cam,0.000000,0,0,,0,0,,0.00,0.00,25.17,[]
/dlsu/goks/cam,/dlsu/goks/cam,0.000000,66569.79303789139,0,,0,0,,0.04,0.74,23.42,[]
/dlsu/goks/cam,/dlsu/goks/cam,0.000000,66569.85725188255,0,,0,0,,0.03,3.83,23.21,[]
/dlsu/goks/cam,/dlsu/goks/cam,0.000000,66569.92136597633,0,,0,0,,0.23,5.36,24.93,[]
/dlsu/goks/cam,/dlsu/goks/cam,0.000000,66569.97818899155,0,,0,0,,0.02,23.50,30.46,[]
/dlsu/goks/cam,/dlsu/goks/cam,0.000000,66570.02877211571,0,,0,0,,0.13,2.15,24.74,[]
/dlsu/goks/cam,/dlsu/goks/cam,0.000000,0,0,,0,0,,0.02,0.00,24.35,[]
/dlsu/goks/cam,/dlsu/goks/cam,0.000000,0,0,,0,0,,0.02,0.00,21.07,[]
/dlsu/goks/cam,/dlsu/goks/cam,0.000000,66570.0870718956,0,,0,0,,0.21,1.30,25.21,[]
/dlsu/goks/cam,/dlsu/goks/cam,0.000000,0,0,,0,0,,0.00,0.00,25.11,[]
/dlsu/goks/cam,/dlsu/goks/cam,0.000000,66570.17114210129,0,,0,0,,0.06,1.44,22.58,[]
/dlsu/goks/cam,/dlsu/goks/cam,0.000000,66570.20289111137,0,,0,0,,0.03,0.76,24.61,[]
/dlsu/goks/cam,/dlsu/goks/cam,0.000000,0,0,,0,0,,0.00,0.00,25.11,[]
/dlsu/goks/cam,/dlsu/goks/cam,0.000000,66570.2461938858,0,,0,0,,0.03,0.79,24.89,[]
/dlsu/goks/cam,/dlsu/goks/cam,0.000000,66570.2997610569,0,,0,0,,0.04,1.41,21.74,[]
/dlsu/goks/cam,/dlsu/goks/cam,0.000000,66570.37719488144,0,,0,0,,0.08,1.60,25.22,[]
/dlsu/goks/cam,/dlsu/goks/cam,0.000000,0,0,,0,0,,0.01,0.00,22.13,[]
/dlsu/goks/cam,/dlsu/goks/cam,0.000000,66570.4508690834,0,,0,0,,0.18,1.49,25.20,[]
/dlsu/goks/cam,/dlsu/goks/cam,0.000000,0,0,,0,0,,0.01,0.00,23.51,[]
/dlsu/goks/cam,/dlsu/goks/cam,0.000000,66570.5200240612,0,,0,0,,0.04,1.16,21.47,[]
/dlsu/goks/cam,/dlsu/goks/cam,0.000000,66570.553814888,0,,0,0,,0.12,1.12,21.60,[]
/dlsu/goks/cam,/dlsu/goks/cam,0.000000,66570.58215498924,0,,0,0,,0.03,1.16,24.16,[]
/dlsu/goks/cam,/dlsu/goks/cam,0.000000,66570.63205099106,0,,0,0,,0.05,1.02,23.01,[]
/dlsu/goks/cam,/dlsu/goks/cam,0.000000,66570.66419506073,0,,0,0,,0.04,1.04,23.87,[]
/dlsu/goks/cam,/dlsu/goks/cam,0.000000,66570.69531702995,0,,0,0,,0.03,1.03,25.11,[]
/dlsu/goks/cam,/dlsu/goks/cam,0.000000,66570.74818110466,0,,0,0,,0.04,0.94,25.10,[]
/dlsu/goks/cam,/dlsu/goks/cam,0.000000,66570.80249094963,0,,0,0,,0.04,2.09,21.96,[]
/dlsu/goks/cam,/dlsu/goks/cam,0.000000,0,0,,0,0,,0.01,0.00,23.68,[]
/dlsu/goks/cam,/dlsu/goks/cam,0.000000,66570.8650701046,0,,0,0,,0.09,1.02,25.35,[]
/dlsu/goks/cam,/dlsu/goks/cam,0.000000,66570.90483188629,0,,0,0,,0.04,1.02,23.22,[]
/dlsu/goks/cam,/dlsu/goks/cam,0.000000,66570.93882107735,0,,0,0,,0.04,0.97,25.44,[]
/dlsu/goks/cam,/dlsu/goks/cam,0.000000,66571.01411104202,0,,0,0,,0.04,1.41,25.20,[]
/dlsu/goks/cam,/dlsu/goks/cam,0.000000,66571.06545209885,0,,0,0,,0.11,0.99,25.19,[]
/dlsu/goks/cam,/dlsu/goks/cam,0.000000,66571.09991002083,0,,0,0,,0.06,1.06,20.92,[]
/dlsu/goks/cam,/dlsu/goks/cam,0.000000,66571.1681880951,0,,0,0,,0.08,1.69,25.19,[]
/dlsu/goks/cam,/dlsu/goks/cam,0.000000,0,0,,0,0,,0.01,0.00,25.10,[]
/dlsu/goks/cam,/dlsu/goks/cam,0.000000,66571.2191119194,0,,0,0,,0.03,1.02,25.70,[]
/dlsu/goks/cam,/dlsu/goks/cam,0.000000,66571.28256988525,0,,0,0,,0.06,1.04,25.27,[]
/dlsu/goks/cam,/dlsu/goks/cam,0.000000,66571.347260952,0,,0,0,,0.04,1.34,22.31,[]
/dlsu/goks/cam,/dlsu/goks/cam,0.000000,66571.37835097313,0,,0,0,,0.03,0.73,20.52,[]
/dlsu/goks/cam,/dlsu/goks/cam,0.000000,66571.40463709831,0,,0,0,,0.05,1.04,24.52,[]
/dlsu/goks/cam,/dlsu/goks/cam,0.000000,0,0,,0,0,,0.01,0.00,25.38,[]
/dlsu/goks/cam,/dlsu/goks/cam,0.000000,66571.48248791695,0,,0,0,,0.04,1.87,25.13,[]
/dlsu/goks/cam,/dlsu/goks/cam,0.000000,66571.59384393692,0,,0,0,,0.07,0.92,21.10,[]
/dlsu/goks/cam,/dlsu/goks/cam,0.000000,66571.66122102737,0,,0,0,,0.09,1.89,23.64,[]
/dlsu/goks/cam,/dlsu/goks/cam,0.000000,66571.67297196388,0,,0,0,,0.02,1.23,23.91,[]
/dlsu/goks/cam,/dlsu/goks/cam,0.000000,0,0,,0,0,,0.01,0.00,25.10,[]
/dlsu/goks/cam,/dlsu/goks/cam,0.000000,66571.75952601433,0,,0,0,,0.07,1.80,21.16,[]
/dlsu/goks/cam,/dlsu/goks/cam,0.000000,0,0,,0,0,,0.01,0.00,23.18,[]
/dlsu/goks/cam,/dlsu/goks/cam,0.000000,66571.8508079052,0,,0,0,,0.10,1.60,25.09,[]
/dlsu/goks/cam,/dlsu/goks/cam,0.000000,0,0,,0,0,,0.01,0.00,22.97,[]
/dlsu/goks/cam,/dlsu/goks/cam,0.000000,66571.92798900604,0,,0,0,,0.10,1.33,25.22,[]
/dlsu/goks/cam,/dlsu/goks/cam,0.000000,66571.94404292107,0,,0,0,,0.03,0.55,25.10,[]
/dlsu/goks/cam,/dlsu/goks/cam,0.000000,0,0,,0,0,,0.01,0.00,24.61,[]
/dlsu/goks/cam,/dlsu/goks/cam,0.000000,66571.99147605896,0,,0,0,,0.02,0.74,23.61,[]
/dlsu/goks/cam,/dlsu/goks/cam,0.000000,66572.07376408577,0,,0,0,,0.09,1.26,24.16,[]
/dlsu/goks/cam,/dlsu/goks/cam,0.000000,0,0,,0,0,,0.01,0.00,22.32,[]
/dlsu/goks/cam,/dlsu/goks/cam,0.000000,66572.14140892029,0,,0,0,,0.10,0.83,23.52,[]
/dlsu/goks/cam,/dlsu/goks/cam,0.000000,66572.17246603966,0,,0,0,,0.05,0.87,24.64,[]
/dlsu/goks/cam,/dlsu/goks/cam,0.000000,66572.23484992981,0,,0,0,,0.04,1.74,21.00,[]
/dlsu/goks/cam,/dlsu/goks/cam,0.000000,0,0,,0,0,,0.00,0.00,23.11,[]
/dlsu/goks/cam,/dlsu/goks/cam,0.000000,66572.30829191208,0,,0,0,,0.08,1.78,20.58,[]
/dlsu/goks/cam,/dlsu/goks/cam,0.000000,66572.32420992851,0,,0,0,,0.02,0.38,25.10,[]
/dlsu/goks/cam,/dlsu/goks/cam,0.000000,0,0,,0,0,,0.00,0.00,20.37,[]
/dlsu/goks/cam,/dlsu/goks/cam,0.000000,66572.36720299721,0,,0,0,,0.03,0.75,25.14,[]
/dlsu/goks/cam,/dlsu/goks/cam,0.000000,66572.4563241005,0,,0,0,,0.06,1.83,24.17,[]
/dlsu/goks/cam,/dlsu/goks/cam,0.000000,0,0,,0,0,,0.00,0.00,25.34,[]
/dlsu/goks/cam,/dlsu/goks/cam,0.000000,66572.53840708733,0,,0,0,,0.19,5.33,23.80,[]
/dlsu/goks/cam,/dlsu/goks/cam,0.000000,0,0,,0,0,,0.01,0.00,21.30,[]
/dlsu/goks/cam,/dlsu/goks/cam,0.000000,66572.60074710846,0,,0,0,,0.04,1.05,25.09,[]
/dlsu/goks/cam,/dlsu/goks/cam,0.000000,66572.63609409332,0,,0,0,,0.03,0.94,23.57,[]
/dlsu/goks/cam,/dlsu/goks/cam,0.000000,66572.68731498718,0,,0,0,,0.07,1.14,25.09,[]
/dlsu/goks/cam,/dlsu/goks/cam,0.000000,66572.76255607605,0,,0,0,,0.07,1.66,21.01,[]
/dlsu/goks/cam,/dlsu/goks/cam,0.000000,0,0,,0,0,,0.01,0.00,25.06,[]
/dlsu/goks/cam,/dlsu/goks/cam,0.000000,66572.81715202332,0,,0,0,,0.03,1.15,22.53,[]
/dlsu/goks/cam,/dlsu/goks/cam,0.000000,66572.88843297958,0,,0,0,,0.12,1.63,20.48,[]
/dlsu/goks/cam,/dlsu/goks/cam,0.000000,66572.90417098999,0,,0,0,,0.02,0.81,24.60,[]
/dlsu/goks/cam,/dlsu/goks/cam,0.000000,0,0,,0,0,,0.00,0.00,25.10,[]
/dlsu/goks/cam,/dlsu/goks/cam,0.000000,66572.96714496613,0,,0,0,,0.07,0.82,25.15,[]
/dlsu/goks/cam,/dlsu/goks/cam,0.000000,66573.00856399536,0,,0,0,,0.03,1.01,21.30,[]
/dlsu/goks/cam,/dlsu/goks/cam,0.000000,66573.08947706223,0,,0,0,,0.18,5.90,25.31,[]
/dlsu/goks/cam,/dlsu/goks/cam,0.000000,66573.12243509293,0,,0,0,,0.03,1.03,20.70,[]
/dlsu/goks/cam,/dlsu/goks/cam,0.000000,0,0,,0,0,,0.01,0.00,25.43,[]
/dlsu/goks/cam,/dlsu/goks/cam,0.000000,66573.18987488747,0,,0,0,,0.04,0.82,25.04,[]
/dlsu/goks/cam,/dlsu/goks/cam,0.000000,66573.21822309494,0,,0,0,,0.02,1.17,21.79,[]
/dlsu/goks/cam,/dlsu/goks/cam,0.000000,66573.2865869999,0,,0,0,,0.06,1.70,20.93,[]
/dlsu/goks/cam,/dlsu/goks/cam,0.000000,0,0,,0,0,,0.01,0.00,20.63,[]
/dlsu/goks/cam,/dlsu/goks/cam,0.000000,66573.38201498985,0,,0,0,,0.06,2.08,22.37,[]
/dlsu/goks/cam,/dlsu/goks/cam,0.000000,0,0,,0,0,,0.01,0.00,24.66,[]
/dlsu/goks/cam,/dlsu/goks/cam,0.000000,66573.42201590538,0,,0,0,,0.02,0.91,25.06,[]
/dlsu/goks/cam,/dlsu/goks/cam,0.000000,66573.52414488792,0,,0,0,,9.46,11.90,48.03,[]
/dlsu/goks/cam,/dlsu/goks/cam,0.000000,66573.57041788101,0,,0,0,,0.06,2.78,26.08,[]
/dlsu/goks/cam,/dlsu/goks/cam,0.000000,0,0,,0,0,,0.01,0.00,24.50,[]
/dlsu/goks/cam,/dlsu/goks/cam,0.000000,66573.62544798851,0,,0,0,,0.03,0.47,24.63,[]
/dlsu/goks/cam,/dlsu/goks/cam,0.000000,0,0,,0,0,,0.01,0.00,22.51,[]
/dlsu/goks/cam,/dlsu/goks/cam,0.000000,66573.68904709816,0,,0,0,,0.11,1.63,25.12,[]
/dlsu/goks/cam,/dlsu/goks/cam,0.000000,66573.72060108185,0,,0,0,,0.03,0.84,25.10,[]
/dlsu/goks/cam,/dlsu/goks/cam,0.000000,0,0,,0,0,,0.01,0.00,20.57,[]
/dlsu/goks/cam,/dlsu/goks/cam,0.000000,66573.76185393333,0,,0,0,,0.03,0.75,25.36,[]
/dlsu/goks/cam,/dlsu/goks/cam,0.000000,66573.80211091042,0,,0,0,,0.03,1.15,25.50,[]
/dlsu/goks/cam,/dlsu/goks/cam,0.000000,66573.83640789986,0,,0,0,,0.03,0.90,21.54,[]
/dlsu/goks/cam,/dlsu/goks/cam,0.000000,66573.86805605888,0,,0,0,,0.12,1.68,25.18,[]
/dlsu/goks/cam,/dlsu/goks/cam,0.000000,66573.90252804756,0,,0,0,,0.05,3.70,25.23,[]
/dlsu/goks/cam,/dlsu/goks/cam,0.000000,66573.94808506966,0,,0,0,,0.04,1.13,25.22,[]
/dlsu/goks/cam,/dlsu/goks/cam,0.000000,66574.01640200615,0,,0,0,,0.05,2.10,25.15,[]
/dlsu/goks/cam,/dlsu/goks/cam,0.000000,0,0,,0,0,,0.01,0.00,20.77,[]
/dlsu/goks/cam,/dlsu/goks/cam,0.000000,66574.08155989647,0,,0,0,,0.04,1.82,24.01,[]
/dlsu/goks/cam,/dlsu/goks/cam,0.000000,0,0,,0,0,,0.01,0.00,25.08,[]
/dlsu/goks/cam,/dlsu/goks/cam,0.000000,66574.20489001274,0,,0,0,,0.08,1.09,25.20,[]
/dlsu/goks/cam,/dlsu/goks/cam,0.000000,66574.26159000397,0,,0,0,,0.06,2.30,21.01,[]
/dlsu/goks/cam,/dlsu/goks/cam,0.000000,0,0,,0,0,,0.00,0.00,25.12,[]
/dlsu/goks/cam,/dlsu/goks/cam,0.000000,66574.298568964,0,,0,0,,0.04,0.99,23.28,[]
/dlsu/goks/cam,/dlsu/goks/cam,0.000000,66574.34715008736,0,,0,0,,0.03,2.02,21.10,[]
/dlsu/goks/cam,/dlsu/goks/cam,0.000000,0,0,,0,0,,0.00,0.00,25.08,[]
/dlsu/goks/cam,/dlsu/goks/cam,0.000000,66574.37947201729,0,,0,0,,0.03,0.80,24.85,[]
/dlsu/goks/cam,/dlsu/goks/cam,0.000000,66574.44039607048,0,,0,0,,0.07,1.22,24.89,[]
/dlsu/goks/cam,/dlsu/goks/cam,0.000000,0,0,,0,0,,0.02,0.00,21.98,[]
/dlsu/goks/cam,/dlsu/goks/cam,0.000000,66574.48612904549,0,,0,0,,0.04,1.14,25.17,[]
/dlsu/goks/cam,/dlsu/goks/cam,0.000000,66574.53927707672,0,,0,0,,0.04,1.06,24.29,[]
/dlsu/goks/cam,/dlsu/goks/cam,0.000000,66574.6058280468,0,,0,0,,0.09,1.25,21.37,[]
/dlsu/goks/cam,/dlsu/goks/cam,0.000000,0,0,,0,0,,0.00,0.00,25.06,[]
/dlsu/goks/cam,/dlsu/goks/cam,0.000000,66574.68873405457,0,,0,0,,0.07,1.29,20.99,[]
/dlsu/goks/cam,/dlsu/goks/cam,0.000000,0,0,,0,0,,0.01,0.00,25.07,[]
/dlsu/goks/cam,/dlsu/goks/cam,0.000000,66574.74198198318,0,,0,0,,0.03,0.89,21.76,[]
/dlsu/goks/cam,/dlsu/goks/cam,0.000000,66574.80786299706,0,,0,0,,0.06,2.07,21.32,[]
/dlsu/goks/cam,/dlsu/goks/cam,0.000000,0,0,,0,0,,0.00,0.00,21.15,[]
/dlsu/goks/cam,/dlsu/goks/cam,0.000000,66574.88249611855,0,,0,0,,0.05,0.93,23.75,[]
/dlsu/goks/cam,/dlsu/goks/cam,0.000000,66574.91551804543,0,,0,0,,0.11,1.35,22.49,[]
/dlsu/goks/cam,/dlsu/goks/cam,0.000000,66574.96335196495,0,,0,0,,0.03,0.86,24.93,[]
/dlsu/goks/cam,/dlsu/goks/cam,0.000000,66575.01379203796,0,,0,0,,0.04,0.89,25.21,[]
/dlsu/goks/cam,/dlsu/goks/cam,0.000000,66575.05657196045,0,,0,0,,0.04,1.78,22.79,[]
/dlsu/goks/cam,/dlsu/goks/cam,0.000000,0,0,,0,0,,0.01,0.00,22.08,[]
/dlsu/goks/cam,/dlsu/goks/cam,0.000000,66575.09315490723,0,,0,0,,0.03,0.85,20.64,[]
/dlsu/goks/cam,/dlsu/goks/cam,0.000000,66575.13522601128,0,,0,0,,0.04,0.89,23.12,[]
/dlsu/goks/cam,/dlsu/goks/cam,0.000000,66575.17863893509,0,,0,0,,0.03,0.67,25.17,[]
/dlsu/goks/cam,/dlsu/goks/cam,0.000000,66575.2132639885,0,,0,0,,0.21,0.99,24.86,[]
/dlsu/goks/cam,/dlsu/goks/cam,0.000000,66575.26621699333,0,,0,0,,0.04,1.27,25.26,[]
/dlsu/goks/cam,/dlsu/goks/cam,0.000000,66575.32713389397,0,,0,0,,0.05,0.77,23.35,[]
/dlsu/goks/cam,/dlsu/goks/cam,0.000000,66575.41245794296,0,,0,0,,0.08,1.48,25.25,[]
/dlsu/goks/cam,/dlsu/goks/cam,0.000000,66575.44109201431,0,,0,0,,0.38,0.79,25.15,[]
/dlsu/goks/cam,/dlsu/goks/cam,0.000000,0,0,,0,0,,0.00,0.00,21.65,[]
/dlsu/goks/cam,/dlsu/goks/cam,0.000000,66575.50438690186,0,,0,0,,0.05,1.25,25.24,[]
/dlsu/goks/cam,/dlsu/goks/cam,0.000000,66575.54567193985,0,,0,0,,0.03,0.95,23.90,[]
/dlsu/goks/cam,/dlsu/goks/cam,0.000000,66575.57437801361,0,,0,0,,0.05,0.91,25.19,[]
/dlsu/goks/cam,/dlsu/goks/cam,0.000000,66575.63708209991,0,,0,0,,0.04,0.90,25.20,[]
/dlsu/goks/cam,/dlsu/goks/cam,0.000000,0,0,,0,0,,0.00,1.06,22.69,[]
/dlsu/goks/cam,/dlsu/goks/cam,0.000000,66575.728703022,0,,0,0,,0.05,1.12,23.70,[]
/dlsu/goks/cam,/dlsu/goks/cam,0.000000,0,0,,0,0,,0.01,0.00,22.52,[]
/dlsu/goks/cam,/dlsu/goks/cam,0.000000,66575.79857206345,0,,0,0,,0.04,1.61,24.52,[]
/dlsu/goks/cam,/dlsu/goks/cam,0.000000,0,0,,0,0,,0.01,0.00,25.06,[]
/dlsu/goks/cam,/dlsu/goks/cam,0.000000,66575.85153388977,0,,0,0,,0.14,1.21,25.24,[]
/dlsu/goks/cam,/dlsu/goks/cam,0.000000,66575.91483092308,0,,0,0,,0.04,1.97,23.26,[]
/dlsu/goks/cam,/dlsu/goks/cam,0.000000,0,0,,0,0,,0.01,0.00,25.07,[]
/dlsu/goks/cam,/dlsu/goks/cam,0.000000,66575.95947098732,0,,0,0,,0.02,0.81,24.33,[]
/dlsu/goks/cam,/dlsu/goks/cam,0.000000,66575.9917910099,0,,0,0,,0.02,0.85,25.14,[]
/dlsu/goks/cam,/dlsu/goks/cam,0.000000,66576.08621001244,0,,0,0,,0.06,1.31,25.33,[]
/dlsu/goks/cam,/dlsu/goks/cam,0.000000,66576.12276411057,0,,0,0,,0.15,1.16,24.25,[]
/dlsu/goks/cam,/dlsu/goks/cam,0.000000,66576.16018390656,0,,0,0,,0.02,0.87,20.36,[]
/dlsu/goks/cam,/dlsu/goks/cam,0.000000,66576.19472002983,0,,0,0,,0.04,0.96,22.85,[]
/dlsu/goks/cam,/dlsu/goks/cam,0.000000,66576.27946901321,0,,0,0,,0.07,1.14,25.18,[]
/dlsu/goks/cam,/dlsu/goks/cam,0.000000,66576.33837604523,0,,0,0,,0.03,0.85,25.15,[]
/dlsu/goks/cam,/dlsu/goks/cam,0.000000,66576.37491893768,0,,0,0,,0.06,0.89,22.20,[]
/dlsu/goks/cam,/dlsu/goks/cam,0.000000,66576.42079591751,0,,0,0,,0.04,0.92,25.26,[]
/dlsu/goks/cam,/dlsu/goks/cam,0.000000,66576.46984100342,0,,0,0,,0.03,1.37,25.28,[]
/dlsu/goks/cam,/dlsu/goks/cam,0.000000,66576.50599503517,0,,0,0,,0.03,0.94,22.92,[]
/dlsu/goks/cam,/dlsu/goks/cam,0.000000,66576.54347491264,0,,0,0,,0.03,0.93,22.96,[]
/dlsu/goks/cam,/dlsu/goks/cam,0.000000,66576.60364198685,0,,0,0,,0.05,1.70,24.78,[]
/dlsu/goks/cam,/dlsu/goks/cam,0.000000,66576.64787888527,0,,0,0,,0.03,1.07,25.20,[]
/dlsu/goks/cam,/dlsu/goks/cam,0.000000,66576.72367310524,0,,0,0,,0.07,1.59,25.19,[]
/dlsu/goks/cam,/dlsu/goks/cam,0.000000,0,0,,0,0,,0.01,0.00,25.14,[]
/dlsu/goks/cam,/dlsu/goks/cam,0.000000,66576.81925797462,0,,0,0,,0.05,1.04,20.28,[]
/dlsu/goks/cam,/dlsu/goks/cam,0.000000,0,0,,0,0,,0.00,0.00,23.36,[]
/dlsu/goks/cam,/dlsu/goks/cam,0.000000,66576.8898859024,0,,0,0,,0.05,1.05,25.49,[]
/dlsu/goks/cam,/dlsu/goks/cam,0.000000,66576.92525196075,0,,0,0,,0.09,1.06,21.88,[]
/dlsu/goks/cam,/dlsu/goks/cam,0.000000,66576.98357391357,0,,0,0,,0.06,1.14,25.07,[]
/dlsu/goks/cam,/dlsu/goks/cam,0.000000,66577.04534292221,0,,0,0,,0.04,0.83,22.46,[]
/dlsu/goks/cam,/dlsu/goks/cam,0.000000,66577.10506105423,0,,0,0,,0.17,2.46,21.73,[]
/dlsu/goks/cam,/dlsu/goks/cam,0.000000,0,0,,0,0,,0.00,0.00,24.50,[]
/dlsu/goks/cam,/dlsu/goks/cam,0.000000,66577.16280388832,0,,0,0,,0.04,1.00,22.18,[]
/dlsu/goks/cam,/dlsu/goks/cam,0.000000,66577.22069191933,0,,0,0,,0.06,1.06,25.14,[]
/dlsu/goks/cam,/dlsu/goks/cam,0.000000,66577.2604238987,0,,0,0,,0.03,1.00,25.13,[]
/dlsu/goks/cam,/dlsu/goks/cam,0.000000,66577.31723999977,0,,0,0,,0.09,1.07,20.93,[]
/dlsu/goks/cam,/dlsu/goks/cam,0.000000,66577.34352588654,0,,0,0,,0.06,1.01,20.19,[]
/dlsu/goks/cam,/dlsu/goks/cam,0.000000,66577.4096069336,0,,0,0,,0.05,1.61,25.16,[]
/dlsu/goks/cam,/dlsu/goks/cam,0.000000,0,0,,0,0,,0.00,0.00,25.10,[]
/dlsu/goks/cam,/dlsu/goks/cam,0.000000,66577.48307490349,0,,0,0,,0.11,3.02,25.17,[]
/dlsu/goks/cam,/dlsu/goks/cam,0.000000,0,0,,0,0,,0.00,0.00,25.13,[]
/dlsu/goks/cam,/dlsu/goks/cam,0.000000,0,0,,0,0,,0.02,0.00,25.14,[]
/dlsu/goks/cam,/dlsu/goks/cam,0.000000,66577.55985403061,0,,0,0,,0.03,0.87,25.86,[]
/dlsu/goks/cam,/dlsu/goks/cam,0.000000,66577.62616205215,0,,0,0,,0.03,0.73,23.81,[]
/dlsu/goks/cam,/dlsu/goks/cam,0.000000,66577.65597391129,0,,0,0,,0.03,0.96,24.02,[]
/dlsu/goks/cam,/dlsu/goks/cam,0.000000,66577.71625494957,0,,0,0,,0.04,1.26,24.52,[]
/dlsu/goks/cam,/dlsu/goks/cam,0.000000,66577.76428890228,0,,0,0,,0.05,1.70,20.95,[]
/dlsu/goks/cam,/dlsu/goks/cam,0.000000,0,0,,0,0,,0.01,0.00,24.02,[]
/dlsu/goks/cam,/dlsu/goks/cam,0.000000,66577.80052089691,0,,0,0,,0.04,0.91,21.31,[]
/dlsu/goks/cam,/dlsu/goks/cam,0.000000,66577.92818307877,0,,0,0,,0.07,1.65,25.19,[]
/dlsu/goks/cam,/dlsu/goks/cam,0.000000,0,0,,0,0,,0.00,0.00,23.32,[]
/dlsu/goks/cam,/dlsu/goks/cam,0.000000,66577.96452593803,0,,0,0,,0.04,1.02,21.50,[]
/dlsu/goks/cam,/dlsu/goks/cam,0.000000,66578.01552009583,0,,0,0,,0.07,1.39,23.26,[]
/dlsu/goks/cam,/dlsu/goks/cam,0.000000,0,0,,0,0,,0.01,0.00,24.41,[]
/dlsu/goks/cam,/dlsu/goks/cam,0.000000,66578.0767428875,0,,0,0,,0.03,1.07,25.12,[]
/dlsu/goks/cam,/dlsu/goks/cam,0.000000,66578.12185192108,0,,0,0,,0.03,0.86,24.14,[]
/dlsu/goks/cam,/dlsu/goks/cam,0.000000,66578.18620491028,0,,0,0,,0.06,2.17,20.61,[]
/dlsu/goks/cam,/dlsu/goks/cam,0.000000,0,0,,0,0,,0.00,0.00,25.07,[]
/dlsu/goks/cam,/dlsu/goks/cam,0.000000,66578.27512407303,0,,0,0,,0.14,1.11,21.43,[]
/dlsu/goks/cam,/dlsu/goks/cam,0.000000,0,0,,0,0,,0.01,0.00,22.02,[]
/dlsu/goks/cam,/dlsu/goks/cam,0.000000,66578.38447093964,0,,0,0,,0.04,27.64,37.58,[]
/dlsu/goks/cam,/dlsu/goks/cam,0.000000,66578.42801499367,0,,0,0,,0.32,4.32,29.41,[]
/dlsu/goks/cam,/dlsu/goks/cam,0.000000,0,0,,0,0,,0.01,0.00,20.34,[]
/dlsu/goks/cam,/dlsu/goks/cam,0.000000,66578.4692530632,0,,0,0,,0.09,0.83,25.68,[]
/dlsu/goks/cam,/dlsu/goks/cam,0.000000,0,0,,0,0,,0.01,0.00,25.13,[]
/dlsu/goks/cam,/dlsu/goks/cam,0.000000,66578.55758094788,0,,0,0,,0.05,1.05,25.21,[]
/dlsu/goks/cam,/dlsu/goks/cam,0.000000,66578.61617302895,0,,0,0,,0.05,1.81,20.55,[]
/dlsu/goks/cam,/dlsu/goks/cam,0.000000,0,0,,0,0,,0.00,0.00,25.13,[]
/dlsu/goks/cam,/dlsu/goks/cam,0.000000,66578.67166805267,0,,0,0,,0.08,0.99,25.21,[]
/dlsu/goks/cam,/dlsu/goks/cam,0.000000,66585.24736094475,0,,0,0,,0.88,6.51,22.73,[]
/dlsu/goks/cam,/dlsu/goks/cam,0.000000,66585.29282903671,0,,0,0,,0.07,0.76,20.49,[]
/dlsu/goks/cam,/dlsu/goks/cam,0.000000,66585.43152093887,0,,0,0,,0.49,3.08,20.32,[]
/dlsu/goks/cam,/dlsu/goks/cam,0.000000,0,0,,0,0,,0.01,0.00,22.58,[]
/dlsu/goks/cam,/dlsu/goks/cam,0.000000,66585.46225690842,0,,0,0,,0.05,0.95,20.64,[]
/dlsu/goks/cam,/dlsu/goks/cam,0.000000,66585.50386691093,0,,0,0,,0.09,3.86,22.74,[]
/dlsu/goks/cam,/dlsu/goks/cam,0.000000,66585.57124400139,0,,0,0,,0.05,0.84,22.61,[]
/dlsu/goks/cam,/dlsu/goks/cam,0.000000,66585.66468405724,0,,0,0,,0.14,1.43,23.05,[]
/dlsu/goks/cam,/dlsu/goks/cam,0.000000,0,0,,0,0,,0.01,0.00,20.49,[]
/dlsu/goks/cam,/dlsu/goks/cam,0.000000,66585.69104409218,0,,0,0,,0.07,1.04,22.63,[]
/dlsu/goks/cam,/dlsu/goks/cam,0.000000,66585.76258301735,0,,0,0,,0.06,1.77,21.32,[]
/dlsu/goks/cam,/dlsu/goks/cam,0.000000,0,0,,0,0,,0.01,0.00,25.07,[]
/dlsu/goks/cam,/dlsu/goks/cam,0.000000,66585.83432793617,0,,0,0,,0.05,1.68,25.18,[]
/dlsu/goks/cam,/dlsu/goks/cam,0.000000,66585.8501970768,0,,0,0,,0.12,1.03,25.08,[]
/dlsu/goks/cam,/dlsu/goks/cam,0.000000,0,0,,0,0,,0.01,0.00,25.14,[]
/dlsu/goks/cam,/dlsu/goks/cam,0.000000,66585.91500997543,0,,0,0,,0.21,1.02,25.36,[]
/dlsu/goks/cam,/dlsu/goks/cam,0.000000,66586.019769907,0,,0,0,,0.08,0.86,23.28,[]
/dlsu/goks/cam,/dlsu/goks/cam,0.000000,66586.08611011505,0,,0,0,,0.07,1.97,21.60,[]
/dlsu/goks/cam,/dlsu/goks/cam,0.000000,0,0,,0,0,,0.01,0.00,25.13,[]
/dlsu/goks/cam,/dlsu/goks/cam,0.000000,66586.2101020813,0,,0,0,,0.06,0.92,21.91,[]
/dlsu/goks/cam,/dlsu/goks/cam,0.000000,66586.25723290443,0,,0,0,,0.05,1.12,23.73,[]
/dlsu/goks/cam,/dlsu/goks/cam,0.000000,0,0,,0,0,,0.01,0.00,25.11,[]
/dlsu/goks/cam,/dlsu/goks/cam,0.000000,66586.3345310688,0,,0,0,,0.06,1.62,20.20,[]
/dlsu/goks/cam,/dlsu/goks/cam,0.000000,0,0,,0,0,,0.01,0.00,23.59,[]
/dlsu/goks/cam,/dlsu/goks/cam,0.000000,66586.36897993088,0,,0,0,,0.16,0.75,25.15,[]
/dlsu/goks/cam,/dlsu/goks/cam,0.000000,66586.41130709648,0,,0,0,,0.06,0.86,20.36,[]
/dlsu/goks/cam,/dlsu/goks/cam,0.000000,66586.4533829689,0,,0,0,,0.05,0.82,25.15,[]
/dlsu/goks/cam,/dlsu/goks/cam,0.000000,66586.50041389465,0,,0,0,,0.13,0.93,22.25,[]
/dlsu/goks/cam,/dlsu/goks/cam,0.000000,66586.54087805748,0,,0,0,,0.04,1.38,22.34,[]
/dlsu/goks/cam,/dlsu/goks/cam,0.000000,66586.60656094551,0,,0,0,,0.21,2.02,21.50,[]
/dlsu/goks/cam,/dlsu/goks/cam,0.000000,0,0,,0,0,,0.01,0.00,21.18,[]
/dlsu/goks/cam,/dlsu/goks/cam,0.000000,66586.67027497292,0,,0,0,,0.05,1.08,25.19,[]
/dlsu/goks/cam,/dlsu/goks/cam,0.000000,66586.73025107384,0,,0,0,,0.06,1.23,25.50,[]
/dlsu/goks/cam,/dlsu/goks/cam,0.000000,66586.79671406746,0,,0,0,,0.09,1.04,25.23,[]
/dlsu/goks/cam,/dlsu/goks/cam,0.000000,66586.8403339386,0,,0,0,,0.04,1.08,24.62,[]
/dlsu/goks/cam,/dlsu/goks/cam,0.000000,66586.88108491898,0,,0,0,,0.03,1.14,20.61,[]
/dlsu/goks/cam,/dlsu/goks/cam,0.000000,66586.9123570919,0,,0,0,,0.17,0.95,25.16,[]
/dlsu/goks/cam,/dlsu/goks/cam,0.000000,66586.99231910706,0,,0,0,,0.05,0.89,22.58,[]
/dlsu/goks/cam,/dlsu/goks/cam,0.000000,66587.0218629837,0,,0,0,,0.04,0.79,24.26,[]
/dlsu/goks/cam,/dlsu/goks/cam,0.000000,66587.05321192741,0,,0,0,,0.04,1.64,21.35,[]
/dlsu/goks/cam,/dlsu/goks/cam,0.000000,66587.0956890583,0,,0,0,,0.24,0.98,20.67,[]
/dlsu/goks/cam,/dlsu/goks/cam,0.000000,66587.15547990799,0,,0,0,,0.04,0.90,25.12,[]
/dlsu/goks/cam,/dlsu/goks/cam,0.000000,66587.20649695396,0,,0,0,,0.06,0.77,25.17,[]
/dlsu/goks/cam,/dlsu/goks/cam,0.000000,66587.24895906448,0,,0,0,,0.03,0.98,22.65,[]
/dlsu/goks/cam,/dlsu/goks/cam,0.000000,66587.27670192719,0,,0,0,,0.05,0.92,20.45,[]
/dlsu/goks/cam,/dlsu/goks/cam,0.000000,66587.34000992775,0,,0,0,,0.04,0.90,25.17,[]
/dlsu/goks/cam,/dlsu/goks/cam,0.000000,66587.38179707527,0,,0,0,,0.02,0.84,20.87,[]
/dlsu/goks/cam,/dlsu/goks/cam,0.000000,66587.44337892532,0,,0,0,,0.10,1.38,25.26,[]
/dlsu/goks/cam,/dlsu/goks/cam,0.000000,66587.48962497711,0,,0,0,,0.03,0.75,25.18,[]
/dlsu/goks/cam,/dlsu/goks/cam,0.000000,66587.51763892174,0,,0,0,,0.14,1.37,20.57,[]
/dlsu/goks/cam,/dlsu/goks/cam,0.000000,66587.55483007431,0,,0,0,,0.03,1.01,25.12,[]
/dlsu/goks/cam,/dlsu/goks/cam,0.000000,66587.60207796097,0,,0,0,,0.04,0.85,22.69,[]
/dlsu/goks/cam,/dlsu/goks/cam,0.000000,66587.68835806847,0,,0,0,,0.06,0.94,25.33,[]
/dlsu/goks/cam,/dlsu/goks/cam,0.000000,0,0,,0,0,,0.01,0.00,24.67,[]
/dlsu/goks/cam,/dlsu/goks/cam,0.000000,66587.73660898209,0,,0,0,,0.04,0.89,21.32,[]
/dlsu/goks/cam,/dlsu/goks/cam,0.000000,66587.79691505432,0,,0,0,,0.06,2.33,23.24,[]
/dlsu/goks/cam,/dlsu/goks/cam,0.000000,0,0,,0,0,,0.01,0.00,22.20,[]
/dlsu/goks/cam,/dlsu/goks/cam,0.000000,66587.8827240467,0,,0,0,,0.05,1.96,25.10,[]
/dlsu/goks/cam,/dlsu/goks/cam,0.000000,66587.91478300095,0,,0,0,,0.11,0.00,21.89,[]
/dlsu/goks/cam,/dlsu/goks/cam,0.000000,0,0,,0,0,,0.01,0.00,22.37,[]
/dlsu/goks/cam,/dlsu/goks/cam,0.000000,66587.98663496971,0,,0,0,,0.10,0.83,25.16,[]
/dlsu/goks/cam,/dlsu/goks/cam,0.000000,66588.02902698517,0,,0,0,,0.03,0.83,24.76,[]
/dlsu/goks/cam,/dlsu/goks/cam,0.000000,66588.07145190239,0,,0,0,,0.07,1.11,25.26,[]
/dlsu/goks/cam,/dlsu/goks/cam,0.000000,66588.12790894508,0,,0,0,,0.15,5.37,25.28,[]
/dlsu/goks/cam,/dlsu/goks/cam,0.000000,0,0,,0,0,,0.01,0.00,22.58,[]
/dlsu/goks/cam,/dlsu/goks/cam,0.000000,66588.19095110893,0,,0,0,,0.04,1.00,22.49,[]
/dlsu/goks/cam,/dlsu/goks/cam,0.000000,66588.22118902206,0,,0,0,,0.04,0.85,20.47,[]
/dlsu/goks/cam,/dlsu/goks/cam,0.000000,66588.26868200302,0,,0,0,,0.04,1.38,25.16,[]
/dlsu/goks/cam,/dlsu/goks/cam,0.000000,66588.30536699295,0,,0,0,,0.04,0.75,25.26,[]
/dlsu/goks/cam,/dlsu/goks/cam,0.000000,66588.34448099136,0,,0,0,,0.04,1.08,22.24,[]
/dlsu/goks/cam,/dlsu/goks/cam,0.000000,66588.38553094864,0,,0,0,,0.07,1.01,25.16,[]
/dlsu/goks/cam,/dlsu/goks/cam,0.000000,66588.41353392601,0,,0,0,,0.04,1.31,22.71,[]
/dlsu/goks/cam,/dlsu/goks/cam,0.000000,66588.45398402214,0,,0,0,,0.07,1.34,25.19,[]
/dlsu/goks/cam,/dlsu/goks/cam,0.000000,0,0,,0,0,,0.00,0.00,25.10,[]
/dlsu/goks/cam,/dlsu/goks/cam,0.000000,66588.53344392776,0,,0,0,,0.03,1.25,25.16,[]
/dlsu/goks/cam,/dlsu/goks/cam,0.000000,66588.57760000229,0,,0,0,,0.08,0.87,25.13,[]
/dlsu/goks/cam,/dlsu/goks/cam,0.000000,66588.61350989342,0,,0,0,,0.07,2.79,22.79,[]
/dlsu/goks/cam,/dlsu/goks/cam,0.000000,0,0,,0,0,,0.01,0.00,23.98,[]
/dlsu/goks/cam,/dlsu/goks/cam,0.000000,66588.69885706902,0,,0,0,,0.11,1.18,22.84,[]
/dlsu/goks/cam,/dlsu/goks/cam,0.000000,66588.74540710449,0,,0,0,,0.04,0.85,22.37,[]
/dlsu/goks/cam,/dlsu/goks/cam,0.000000,66588.77214002609,0,,0,0,,0.04,1.12,24.87,[]
/dlsu/goks/cam,/dlsu/goks/cam,0.000000,66588.81044101715,0,,0,0,,0.04,1.02,21.47,[]
/dlsu/goks/cam,/dlsu/goks/cam,0.000000,66588.86677503586,0,,0,0,,0.05,0.44,21.72,[]
/dlsu/goks/cam,/dlsu/goks/cam,0.000000,66588.9384560585,0,,0,0,,0.05,0.97,21.31,[]
/dlsu/goks/cam,/dlsu/goks/cam,0.000000,66589.00056099892,0,,0,0,,0.11,3.38,22.11,[]
/dlsu/goks/cam,/dlsu/goks/cam,0.000000,0,0,,0,0,,0.01,0.00,25.08,[]
/dlsu/goks/cam,/dlsu/goks/cam,0.000000,66589.09340906143,0,,0,0,,0.18,1.73,25.19,[]
/dlsu/goks/cam,/dlsu/goks/cam,0.000000,0,0,,0,0,,0.01,0.00,20.30,[]
/dlsu/goks/cam,/dlsu/goks/cam,0.000000,66589.14389204979,0,,0,0,,0.03,1.04,25.16,[]
/dlsu/goks/cam,/dlsu/goks/cam,0.000000,66589.1892991066,0,,0,0,,0.12,0.92,24.38,[]
/dlsu/goks/cam,/dlsu/goks/cam,0.000000,66589.22094392776,0,,0,0,,0.04,0.93,25.19,[]
/dlsu/goks/cam,/dlsu/goks/cam,0.000000,66589.26579093933,0,,0,0,,0.09,1.29,25.24,[]
/dlsu/goks/cam,/dlsu/goks/cam,0.000000,66589.31121706963,0,,0,0,,0.05,0.83,23.76,[]
/dlsu/goks/cam,/dlsu/goks/cam,0.000000,66589.3609559536,0,,0,0,,0.04,0.72,20.87,[]
/dlsu/goks/cam,/dlsu/goks/cam,0.000000,66589.40587806702,0,,0,0,,0.10,0.90,22.30,[]
/dlsu/goks/cam,/dlsu/goks/cam,0.000000,66589.44345593452,0,,0,0,,0.04,1.21,25.33,[]
/dlsu/goks/cam,/dlsu/goks/cam,0.000000,66589.5138669014,0,,0,0,,0.06,1.17,25.31,[]
/dlsu/goks/cam,/dlsu/goks/cam,0.000000,66589.56723189354,0,,0,0,,0.05,1.85,21.26,[]
/dlsu/goks/cam,/dlsu/goks/cam,0.000000,0,0,,0,0,,0.01,0.00,25.11,[]
/dlsu/goks/cam,/dlsu/goks/cam,0.000000,66589.64207291603,0,,0,0,,0.17,0.69,22.82,[]
/dlsu/goks/cam,/dlsu/goks/cam,0.000000,66589.68181109428,0,,0,0,,0.04,1.28,25.22,[]
/dlsu/goks/cam,/dlsu/goks/cam,0.000000,66589.73720407486,0,,0,0,,0.03,1.37,21.11,[]
/dlsu/goks/cam,/dlsu/goks/cam,0.000000,66589.81383895874,0,,0,0,,0.40,30.63,25.27,[]
/dlsu/goks/cam,/dlsu/goks/cam,0.000000,66589.88613796234,0,,0,0,,0.03,13.70,30.71,[]
/dlsu/goks/cam,/dlsu/goks/cam,0.000000,0,0,,0,0,,0.04,0.00,25.99,[]
/dlsu/goks/cam,/dlsu/goks/cam,0.000000,66589.990046978,0,,0,0,,0.21,14.95,24.56,[]
/dlsu/goks/cam,/dlsu/goks/cam,0.000000,66590.00593996048,0,,0,0,,0.02,1.11,22.88,[]
/dlsu/goks/cam,/dlsu/goks/cam,0.000000,0,0,,0,0,,0.01,0.00,21.40,[]
/dlsu/goks/cam,/dlsu/goks/cam,0.000000,66590.04822897911,0,,0,0,,0.03,0.96,25.23,[]
/dlsu/goks/cam,/dlsu/goks/cam,0.000000,66590.16612291336,0,,0,0,,0.23,3.98,24.56,[]
/dlsu/goks/cam,/dlsu/goks/cam,0.000000,66590.18175506592,0,,0,0,,0.33,0.86,25.41,[]
/dlsu/goks/cam,/dlsu/goks/cam,0.000000,66590.22807002068,0,,0,0,,0.04,0.00,22.52,[]
/dlsu/goks/cam,/dlsu/goks/cam,0.000000,0,0,,0,0,,0.01,0.00,21.03,[]
/dlsu/goks/cam,/dlsu/goks/cam,0.000000,66590.2536740303,0,,0,0,,0.22,3.12,25.39,[]
/dlsu/goks/cam,/dlsu/goks/cam,0.000000,66590.31950092316,0,,0,0,,0.08,1.90,20.75,[]
/dlsu/goks/cam,/dlsu/goks/cam,0.000000,0,0,,0,0,,0.01,0.00,22.03,[]
/dlsu/goks/cam,/dlsu/goks/cam,0.000000,66590.38709402084,0,,0,0,,0.05,0.96,20.44,[]
/dlsu/goks/cam,/dlsu/goks/cam,0.000000,66590.44593811035,0,,0,0,,0.03,0.86,25.01,[]
/dlsu/goks/cam,/dlsu/goks/cam,0.000000,66590.48919892311,0,,0,0,,0.04,0.94,23.83,[]
/dlsu/goks/cam,/dlsu/goks/cam,0.000000,66590.54049801826,0,,0,0,,0.04,1.05,23.59,[]
/dlsu/goks/cam,/dlsu/goks/cam,0.000000,66590.59878993034,0,,0,0,,0.14,2.85,23.87,[]
/dlsu/goks/cam,/dlsu/goks/cam,0.000000,0,0,,0,0,,0.01,0.00,21.30,[]
/dlsu/goks/cam,/dlsu/goks/cam,0.000000,66590.65032505989,0,,0,0,,0.04,1.14,25.28,[]
/dlsu/goks/cam,/dlsu/goks/cam,0.000000,66590.68243694305,0,,0,0,,0.03,1.13,20.71,[]
/dlsu/goks/cam,/dlsu/goks/cam,0.000000,66590.72966194153,0,,0,0,,0.10,1.78,25.46,[]
/dlsu/goks/cam,/dlsu/goks/cam,0.000000,0,0,,0,0,,0.00,0.00,24.18,[]
/dlsu/goks/cam,/dlsu/goks/cam,0.000000,66590.80753993988,0,,0,0,,0.05,0.81,25.17,[]
/dlsu/goks/cam,/dlsu/goks/cam,0.000000,66590.87515997887,0,,0,0,,0.05,1.56,21.52,[]
/dlsu/goks/cam,/dlsu/goks/cam,0.000000,0,0,,0,0,,0.01,0.00,25.21,[]
/dlsu/goks/cam,/dlsu/goks/cam,0.000000,66590.92348408699,0,,0,0,,0.10,1.23,24.62,[]
/dlsu/goks/cam,/dlsu/goks/cam,0.000000,66590.97700405121,0,,0,0,,0.05,1.25,20.72,[]
/dlsu/goks/cam,/dlsu/goks/cam,0.000000,66591.05335402489,0,,0,0,,0.10,1.81,25.18,[]
/dlsu/goks/cam,/dlsu/goks/cam,0.000000,0,0,,0,0,,0.01,0.00,25.15,[]
/dlsu/goks/cam,/dlsu/goks/cam,0.000000,66591.10069799423,0,,0,0,,0.03,1.79,21.26,[]
/dlsu/goks/cam,/dlsu/goks/cam,0.000000,0,0,,0,0,,0.00,0.00,23.82,[]
/dlsu/goks/cam,/dlsu/goks/cam,0.000000,66591.13810491562,0,,0,0,,0.06,0.93,20.30,[]
/dlsu/goks/cam,/dlsu/goks/cam,0.000000,66591.19900107384,0,,0,0,,0.06,1.07,25.09,[]
/dlsu/goks/cam,/dlsu/goks/cam,0.000000,66591.24922609329,0,,0,0,,0.13,1.39,20.77,[]
/dlsu/goks/cam,/dlsu/goks/cam,0.000000,0,0,,0,0,,0.02,0.00,21.98,[]
/dlsu/goks/cam,/dlsu/goks/cam,0.000000,66591.33892202377,0,,0,0,,0.10,1.19,24.81,[]
/dlsu/goks/cam,/dlsu/goks/cam,0.000000,66591.38916897774,0,,0,0,,0.11,1.43,23.20,[]
/dlsu/goks/cam,/dlsu/goks/cam,0.000000,66591.4211499691,0,,0,0,,0.03,0.72,23.71,[]
/dlsu/goks/cam,/dlsu/goks/cam,0.000000,0,0,,0,0,,0.01,0.00,21.28,[]
/dlsu/goks/cam,/dlsu/goks/cam,0.000000,66591.48535990715,0,,0,0,,0.04,0.86,25.16,[]
/dlsu/goks/cam,/dlsu/goks/cam,0.000000,66591.52169108391,0,,0,0,,0.03,0.85,24.39,[]
/dlsu/goks/cam,/dlsu/goks/cam,0.000000,66591.6247639656,0,,0,0,,0.06,1.69,21.94,[]
/dlsu/goks/cam,/dlsu/goks/cam,0.000000,0,0,,0,0,,0.01,0.00,25.50,[]
/dlsu/goks/cam,/dlsu/goks/cam,0.000000,66591.68759393692,0,,0,0,,0.03,0.83,24.84,[]
/dlsu/goks/cam,/dlsu/goks/cam,0.000000,66591.75646495819,0,,0,0,,0.06,1.48,23.46,[]
/dlsu/goks/cam,/dlsu/goks/cam,0.000000,0,0,,0,0,,0.00,0.00,20.73,[]
/dlsu/goks/cam,/dlsu/goks/cam,0.000000,66591.8003180027,0,,0,0,,0.04,0.85,25.20,[]
/dlsu/goks/cam,/dlsu/goks/cam,0.000000,66591.85894989967,0,,0,0,,0.05,1.20,21.19,[]
/dlsu/goks/cam,/dlsu/goks/cam,0.000000,0,0,,0,0,,0.00,0.00,25.14,[]
/dlsu/goks/cam,/dlsu/goks/cam,0.000000,66591.94053006172,0,,0,0,,0.05,2.08,25.07,[]
/dlsu/goks/cam,/dlsu/goks/cam,0.000000,0,0,,0,0,,0.01,0.00,25.11,[]
/dlsu/goks/cam,/dlsu/goks/cam,0.000000,66591.99834489822,0,,0,0,,0.06,1.08,23.19,[]
/dlsu/goks/cam,/dlsu/goks/cam,0.000000,66592.06498503685,0,,0,0,,0.03,1.18,21.61,[]
/dlsu/goks/cam,/dlsu/goks/cam,0.000000,66592.09917998314,0,,0,0,,0.03,0.75,21.16,[]
/dlsu/goks/cam,/dlsu/goks/cam,0.000000,66592.15728902817,0,,0,0,,0.04,1.32,25.19,[]
/dlsu/goks/cam,/dlsu/goks/cam,0.000000,66592.18919301033,0,,0,0,,0.09,1.28,23.48,[]
/dlsu/goks/cam,/dlsu/goks/cam,0.000000,66592.25227689743,0,,0,0,,0.60,3.62,21.94,[]
/dlsu/goks/cam,/dlsu/goks/cam,0.000000,0,0,,0,0,,0.02,0.00,21.43,[]
/dlsu/goks/cam,/dlsu/goks/cam,0.000000,66592.31850099564,0,,0,0,,0.38,1.64,22.03,[]
/dlsu/goks/cam,/dlsu/goks/cam,0.000000,66592.35972905159,0,,0,0,,0.05,2.17,25.46,[]
/dlsu/goks/cam,/dlsu/goks/cam,0.000000,66592.39431405067,0,,0,0,,0.05,1.29,21.94,[]
/dlsu/goks/cam,/dlsu/goks/cam,0.000000,66592.47488594055,0,,0,0,,0.19,4.30,25.19,[]
/dlsu/goks/cam,/dlsu/goks/cam,0.000000,66592.50596690178,0,,0,0,,0.07,2.12,22.33,[]
/dlsu/goks/cam,/dlsu/goks/cam,0.000000,0,0,,0,0,,0.01,0.00,25.70,[]
/dlsu/goks/cam,/dlsu/goks/cam,0.000000,66592.58760690689,0,,0,0,,0.29,1.59,25.27,[]
/dlsu/goks/cam,/dlsu/goks/cam,0.000000,66592.62646698952,0,,0,0,,0.24,3.63,22.69,[]
/dlsu/goks/cam,/dlsu/goks/cam,0.000000,66592.68400597572,0,,0,0,,0.29,2.80,24.14,[]
/dlsu/goks/cam,/dlsu/goks/cam,0.000000,0,0,,0,0,,0.00,0.00,20.65,[]
/dlsu/goks/cam,/dlsu/goks/cam,0.000000,66592.73184609413,0,,0,0,,0.08,1.67,23.49,[]
/dlsu/goks/cam,/dlsu/goks/cam,0.000000,66592.79113507271,0,,0,0,,0.16,2.94,25.54,[]
/dlsu/goks/cam,/dlsu/goks/cam,0.000000,66592.8294479847,0,,0,0,,0.05,0.88,25.17,[]
/dlsu/goks/cam,/dlsu/goks/cam,0.000000,66592.87855601311,0,,0,0,,0.05,1.79,25.22,[]
/dlsu/goks/cam,/dlsu/goks/cam,0.000000,0,0,,0,0,,0.01,0.00,23.97,[]
/dlsu/goks/cam,/dlsu/goks/cam,0.000000,66592.92644309998,0,,0,0,,0.04,0.92,20.43,[]
/dlsu/goks/cam,/dlsu/goks/cam,0.000000,66592.95867300034,0,,0,0,,0.07,1.57,23.26,[]
/dlsu/goks/cam,/dlsu/goks/cam,0.000000,66593.11397695541,0,,0,0,,0.18,2.19,25.26,[]
/dlsu/goks/cam,/dlsu/goks/cam,0.000000,0,0,,0,0,,0.01,0.00,25.10,[]
/dlsu/goks/cam,/dlsu/goks/cam,0.000000,66593.16899394989,0,,0,0,,0.03,0.91,25.17,[]
/dlsu/goks/cam,/dlsu/goks/cam,0.000000,66593.23301196098,0,,0,0,,0.04,2.02,25.13,[]
/dlsu/goks/cam,/dlsu/goks/cam,0.000000,66593.24630999565,0,,0,0,,0.02,0.67,20.28,[]
/dlsu/goks/cam,/dlsu/goks/cam,0.000000,0,0,,0,0,,0.00,0.00,25.08,[]
/dlsu/goks/cam,/dlsu/goks/cam,0.000000,66593.2913620472,0,,0,0,,0.02,0.96,25.16,[]
/dlsu/goks/cam,/dlsu/goks/cam,0.000000,66593.322701931,0,,0,0,,0.03,0.84,23.42,[]
/dlsu/goks/cam,/dlsu/goks/cam,0.000000,66593.36570596695,0,,0,0,,0.02,1.62,25.08,[]
/dlsu/goks/cam,/dlsu/goks/cam,0.000000,66593.4302790165,0,,0,0,,0.03,0.75,25.07,[]
/dlsu/goks/cam,/dlsu/goks/cam,0.000000,66593.48597192764,0,,0,0,,0.03,0.80,24.71,[]
/dlsu/goks/cam,/dlsu/goks/cam,0.000000,66593.52306509018,0,,0,0,,0.03,0.83,23.72,[]
/dlsu/goks/cam,/dlsu/goks/cam,0.000000,66593.56190991402,0,,0,0,,0.03,1.35,25.05,[]
/dlsu/goks/cam,/dlsu/goks/cam,0.000000,66593.59426498413,0,,0,0,,0.08,0.81,25.10,[]
/dlsu/goks/cam,/dlsu/goks/cam,0.000000,66593.63740801811,0,,0,0,,0.13,0.60,25.38,[]
/dlsu/goks/cam,/dlsu/goks/cam,0.000000,66593.67182397842,0,,0,0,,0.02,1.02,24.06,[]
/dlsu/goks/cam,/dlsu/goks/cam,0.000000,66593.73528909683,0,,0,0,,0.04,0.94,25.16,[]
/dlsu/goks/cam,/dlsu/goks/cam,0.000000,66593.78385591507,0,,0,0,,0.04,1.62,25.26,[]
/dlsu/goks/cam,/dlsu/goks/cam,0.000000,0,0,,0,0,,0.00,0.00,21.84,[]
/dlsu/goks/cam,/dlsu/goks/cam,0.000000,66593.86369895935,0,,0,0,,0.05,1.61,24.39,[]
/dlsu/goks/cam,/dlsu/goks/cam,0.000000,0,0,,0,0,,0.01,0.00,24.32,[]
/dlsu/goks/cam,/dlsu/goks/cam,0.000000,66593.92267990112,0,,0,0,,0.04,3.27,28.15,[]
/dlsu/goks/cam,/dlsu/goks/cam,0.000000,66599.5477950573,0,,0,0,,0.55,1.36,25.28,[]
/dlsu/goks/cam,/dlsu/goks/cam,0.000000,66599.59205293655,0,,0,0,,0.04,1.07,21.48,[]
/dlsu/goks/cam,/dlsu/goks/cam,0.000000,66599.63668894768,0,,0,0,,0.04,1.04,21.73,[]
/dlsu/goks/cam,/dlsu/goks/cam,0.000000,66599.70488405228,0,,0,0,,0.05,1.38,24.78,[]
/dlsu/goks/cam,/dlsu/goks/cam,0.000000,66599.84008193016,0,,0,0,,0.08,1.33,21.23,[]
/dlsu/goks/cam,/dlsu/goks/cam,0.000000,66599.8622789383,0,,0,0,,0.03,0.66,20.68,[]
/dlsu/goks/cam,/dlsu/goks/cam,0.000000,0,0,,0,0,,0.01,0.00,25.07,[]
/dlsu/goks/cam,/dlsu/goks/cam,0.000000,66599.89387392998,0,,0,0,,0.03,0.90,25.18,[]
/dlsu/goks/cam,/dlsu/goks/cam,0.000000,66599.99378800392,0,,0,0,,0.05,0.93,21.77,[]
/dlsu/goks/cam,/dlsu/goks/cam,0.000000,66600.10421705246,0,,0,0,,0.12,2.17,24.28,[]
/dlsu/goks/cam,/dlsu/goks/cam,0.000000,0,0,,0,0,,0.01,0.00,25.08,[]
/dlsu/goks/cam,/dlsu/goks/cam,0.000000,66600.15412688255,0,,0,0,,0.04,0.77,20.90,[]
/dlsu/goks/cam,/dlsu/goks/cam,0.000000,66600.24657893181,0,,0,0,,0.05,1.12,22.66,[]
/dlsu/goks/cam,/dlsu/goks/cam,0.000000,66600.297727108,0,,0,0,,0.04,1.06,25.24,[]
/dlsu/goks/cam,/dlsu/goks/cam,0.000000,66600.35359597206,0,,0,0,,0.11,1.61,25.11,[]
/dlsu/goks/cam,/dlsu/goks/cam,0.000000,0,0,,0,0,,0.01,0.00,25.13,[]
/dlsu/goks/cam,/dlsu/goks/cam,0.000000,66600.45292401314,0,,0,0,,0.07,1.30,25.55,[]
/dlsu/goks/cam,/dlsu/goks/cam,0.000000,0,0,,0,0,,0.01,0.00,22.12,[]
/dlsu/goks/cam,/dlsu/goks/cam,0.000000,66600.50295591354,0,,0,0,,0.02,0.86,25.13,[]
/dlsu/goks/cam,/dlsu/goks/cam,0.000000,66600.5295779705,0,,0,0,,0.03,0.86,25.15,[]
/dlsu/goks/cam,/dlsu/goks/cam,0.000000,66600.60558891296,0,,0,0,,0.08,1.81,23.83,[]
/dlsu/goks/cam,/dlsu/goks/cam,0.000000,66600.62122011185,0,,0,0,,0.14,0.37,24.13,[]
/dlsu/goks/cam,/dlsu/goks/cam,0.000000,0,0,,0,0,,0.00,0.00,25.10,[]
/dlsu/goks/cam,/dlsu/goks/cam,0.000000,66600.73152589798,0,,0,0,,0.63,2.04,25.03,[]
/dlsu/goks/cam,/dlsu/goks/cam,0.000000,0,0,,0,0,,0.01,0.00,21.34,[]
/dlsu/goks/cam,/dlsu/goks/cam,0.000000,66600.78742098808,0,,0,0,,0.03,0.87,25.14,[]
/dlsu/goks/cam,/dlsu/goks/cam,0.000000,66600.86380004883,0,,0,0,,0.06,1.47,20.76,[]
/dlsu/goks/cam,/dlsu/goks/cam,0.000000,66600.93277311325,0,,0,0,,0.06,2.28,21.50,[]
/dlsu/goks/cam,/dlsu/goks/cam,0.000000,0,0,,0,0,,0.00,0.00,24.45,[]
/dlsu/goks/cam,/dlsu/goks/cam,0.000000,66600.96668291092,0,,0,0,,0.04,1.07,23.83,[]
/dlsu/goks/cam,/dlsu/goks/cam,0.000000,66601.02427101135,0,,0,0,,0.03,0.79,22.91,[]
/dlsu/goks/cam,/dlsu/goks/cam,0.000000,66601.09567904472,0,,0,0,,0.05,1.44,25.25,[]
/dlsu/goks/cam,/dlsu/goks/cam,0.000000,0,0,,0,0,,0.01,0.00,22.38,[]
/dlsu/goks/cam,/dlsu/goks/cam,0.000000,66601.16121602058,0,,0,0,,0.03,1.12,25.47,[]
/dlsu/goks/cam,/dlsu/goks/cam,0.000000,0,0,,0,0,,0.01,0.00,24.56,[]
/dlsu/goks/cam,/dlsu/goks/cam,0.000000,66601.2362101078,0,,0,0,,0.03,0.73,21.05,[]
/dlsu/goks/cam,/dlsu/goks/cam,0.000000,66601.28548502922,0,,0,0,,0.04,0.97,24.72,[]
/dlsu/goks/cam,/dlsu/goks/cam,0.000000,66601.34911799431,0,,0,0,,0.06,1.24,25.17,[]
/dlsu/goks/cam,/dlsu/goks/cam,0.000000,0,0,,0,0,,0.01,0.00,23.15,[]
/dlsu/goks/cam,/dlsu/goks/cam,0.000000,66601.43359899521,0,,0,0,,0.06,1.04,20.77,[]
/dlsu/goks/cam,/dlsu/goks/cam,0.000000,0,0,,0,0,,0.00,0.00,20.60,[]
/dlsu/goks/cam,/dlsu/goks/cam,0.000000,66601.48152208328,0,,0,0,,0.04,0.77,21.37,[]
/dlsu/goks/cam,/dlsu/goks/cam,0.000000,66601.51461410522,0,,0,0,,0.02,0.99,23.44,[]
/dlsu/goks/cam,/dlsu/goks/cam,0.000000,66601.58719706535,0,,0,0,,0.04,1.43,25.19,[]
/dlsu/goks/cam,/dlsu/goks/cam,0.000000,0,0,,0,0,,0.01,0.00,25.10,[]
/dlsu/goks/cam,/dlsu/goks/cam,0.000000,66601.65012693405,0,,0,0,,0.04,0.62,25.25,[]
/dlsu/goks/cam,/dlsu/goks/cam,0.000000,66606.6093928814,0,,0,0,,0.19,0.98,20.98,[]
/dlsu/goks/cam,/dlsu/goks/cam,0.000000,66606.67316889763,0,,0,0,,0.04,0.87,21.44,[]
/dlsu/goks/cam,/dlsu/goks/cam,0.000000,66606.73902106285,0,,0,0,,0.09,1.85,22.87,[]
/dlsu/goks/cam,/dlsu/goks/cam,0.000000,66606.78021097183,0,,0,0,,0.03,0.48,23.38,[]
/dlsu/goks/cam,/dlsu/goks/cam,0.000000,0,0,,0,0,,0.01,0.00,25.06,[]
/dlsu/goks/cam,/dlsu/goks/cam,0.000000,66606.90108704567,0,,0,0,,0.42,1.98,25.06,[]
/dlsu/goks/cam,/dlsu/goks/cam,0.000000,66606.94020295143,0,,0,0,,0.08,4.85,26.92,[]
/dlsu/goks/cam,/dlsu/goks/cam,0.000000,66607.00390195847,0,,0,0,,0.26,17.02,22.72,[]
/dlsu/goks/cam,/dlsu/goks/cam,0.000000,66607.03671193123,0,,0,0,,0.30,1.48,25.52,[]
/dlsu/goks/cam,/dlsu/goks/cam,0.000000,66607.06784796715,0,,0,0,,0.05,0.71,20.59,[]
/dlsu/goks/cam,/dlsu/goks/cam,0.000000,0,0,,0,0,,0.01,0.00,25.08,[]
/dlsu/goks/cam,/dlsu/goks/cam,0.000000,66607.12354707718,0,,0,0,,0.05,1.15,21.81,[]
/dlsu/goks/cam,/dlsu/goks/cam,0.000000,0,0,,0,0,,0.00,0.00,25.06,[]
/dlsu/goks/cam,/dlsu/goks/cam,0.000000,66607.17144799232,0,,0,0,,0.03,0.71,23.08,[]
/dlsu/goks/cam,/dlsu/goks/cam,0.000000,66607.20987796783,0,,0,0,,0.02,0.78,25.16,[]
/dlsu/goks/cam,/dlsu/goks/cam,0.000000,66607.28359389305,0,,0,0,,0.12,1.41,25.14,[]
/dlsu/goks/cam,/dlsu/goks/cam,0.000000,66607.3469619751,0,,0,0,,0.06,0.98,24.15,[]
/dlsu/goks/cam,/dlsu/goks/cam,0.000000,66611.66810703278,0,,0,0,,0.18,0.94,25.19,[]
/dlsu/goks/cam,/dlsu/goks/cam,0.000000,66611.71568107605,0,,0,0,,0.05,1.40,21.27,[]
/dlsu/goks/cam,/dlsu/goks/cam,0.000000,0,0,,0,0,,0.00,0.00,25.12,[]
/dlsu/goks/cam,/dlsu/goks/cam,0.000000,66616.65185403824,0,,0,0,,0.10,0.97,25.09,[]
2


/dlsu/goks/cam,/dlsu/goks/cam,0.000000,66809.81234097481,0,,0,66809.82571697235,,3.58,16.55,11229.62,[]
/dlsu/goks/cam,/dlsu/goks/cam,0.000000,66825.86156988144,0,,0,0,,0.42,5.91,23.42,[]
/dlsu/goks/cam,/dlsu/goks/cam,0.000000,66825.9798400402,0,,0,0,,0.08,0.71,25.18,[]
/dlsu/goks/cam,/dlsu/goks/cam,0.000000,66826.02138090134,0,,0,0,,0.12,2.60,24.97,[]
/dlsu/goks/cam,/dlsu/goks/cam,0.000000,0,0,,0,0,,0.03,0.00,24.33,[]
/dlsu/goks/cam,/dlsu/goks/cam,0.000000,66826.11637091637,0,,0,0,,5.74,8.46,28.90,[]
/dlsu/goks/cam,/dlsu/goks/cam,0.000000,66826.18997192383,0,,0,0,,0.23,2.99,28.01,[]
/dlsu/goks/cam,/dlsu/goks/cam,0.000000,66826.22752690315,0,,0,0,,0.06,0.90,25.63,[]
/dlsu/goks/cam,/dlsu/goks/cam,0.000000,66826.23636388779,0,,0,0,,0.05,0.56,21.63,[]
/dlsu/goks/cam,/dlsu/goks/cam,0.000000,66826.26719689369,0,,0,0,,0.02,0.62,21.10,[]
/dlsu/goks/cam,/dlsu/goks/cam,0.000000,66826.29745411873,0,,0,0,,0.13,1.03,23.94,[]
/dlsu/goks/cam,/dlsu/goks/cam,0.000000,0,0,,0,0,,0.00,0.00,24.76,[]
/dlsu/goks/cam,/dlsu/goks/cam,0.000000,66826.35688591003,0,,0,0,,0.05,0.57,24.62,[]
/dlsu/goks/cam,/dlsu/goks/cam,0.000000,66826.4211359024,0,,0,0,,0.05,1.02,20.63,[]
/dlsu/goks/cam,/dlsu/goks/cam,0.000000,0,0,,0,0,,0.01,0.00,25.23,[]
/dlsu/goks/cam,/dlsu/goks/cam,0.000000,66826.5567369461,0,,0,0,,0.08,0.56,25.17,[]
/dlsu/goks/cam,/dlsu/goks/cam,0.000000,66826.59624505043,0,,0,0,,0.05,0.74,25.16,[]
/dlsu/goks/cam,/dlsu/goks/cam,0.000000,0,0,,0,0,,0.01,0.00,25.11,[]
/dlsu/goks/cam,/dlsu/goks/cam,0.000000,66826.65570402145,0,,0,0,,0.03,0.68,20.59,[]
/dlsu/goks/cam,/dlsu/goks/cam,0.000000,66826.71184706688,0,,0,0,,0.05,1.20,24.85,[]
/dlsu/goks/cam,/dlsu/goks/cam,0.000000,0,0,,0,0,,0.01,0.00,25.08,[]
/dlsu/goks/cam,/dlsu/goks/cam,0.000000,66826.75579595566,0,,0,0,,0.05,0.51,23.11,[]
/dlsu/goks/cam,/dlsu/goks/cam,0.000000,66826.78324604034,0,,0,0,,0.26,0.53,25.26,[]
/dlsu/goks/cam,/dlsu/goks/cam,0.000000,66826.86154294014,0,,0,0,,0.05,0.76,22.50,[]
/dlsu/goks/cam,/dlsu/goks/cam,0.000000,66826.89312791824,0,,0,0,,0.04,0.81,20.93,[]
/dlsu/goks/cam,/dlsu/goks/cam,0.000000,66826.96799993515,0,,0,0,,0.08,0.72,25.09,[]
/dlsu/goks/cam,/dlsu/goks/cam,0.000000,66827.02751398087,0,,0,0,,0.04,0.64,20.58,[]
/dlsu/goks/cam,/dlsu/goks/cam,0.000000,66827.09650301933,0,,0,0,,0.09,1.90,21.37,[]
/dlsu/goks/cam,/dlsu/goks/cam,0.000000,0,0,,0,0,,0.01,0.00,20.64,[]
/dlsu/goks/cam,/dlsu/goks/cam,0.000000,66827.15276408195,0,,0,0,,0.04,0.60,25.14,[]
/dlsu/goks/cam,/dlsu/goks/cam,0.000000,66827.20028805733,0,,0,0,,0.04,0.75,22.22,[]
/dlsu/goks/cam,/dlsu/goks/cam,0.000000,66827.24219989777,0,,0,0,,0.12,0.99,22.60,[]
/dlsu/goks/cam,/dlsu/goks/cam,0.000000,0,0,,0,0,,0.01,0.00,25.16,[]
/dlsu/goks/cam,/dlsu/goks/cam,0.000000,66827.29714798927,0,,0,0,,0.06,0.99,25.10,[]
/dlsu/goks/cam,/dlsu/goks/cam,0.000000,0,0,,0,0,,0.01,0.00,22.82,[]
/dlsu/goks/cam,/dlsu/goks/cam,0.000000,66827.35947489738,0,,0,0,,0.05,0.74,25.26,[]
/dlsu/goks/cam,/dlsu/goks/cam,0.000000,0,0,,0,0,,0.01,0.00,21.45,[]
/dlsu/goks/cam,/dlsu/goks/cam,0.000000,66827.4500041008,0,,0,0,,0.10,1.33,25.29,[]
/dlsu/goks/cam,/dlsu/goks/cam,0.000000,0,0,,0,0,,0.01,0.00,23.81,[]
/dlsu/goks/cam,/dlsu/goks/cam,0.000000,66827.49882602692,0,,0,0,,0.05,0.73,25.16,[]
/dlsu/goks/cam,/dlsu/goks/cam,0.000000,66827.56153297424,0,,0,0,,0.06,1.42,22.45,[]
/dlsu/goks/cam,/dlsu/goks/cam,0.000000,0,0,,0,0,,0.00,0.00,20.55,[]
/dlsu/goks/cam,/dlsu/goks/cam,0.000000,66827.63095498085,0,,0,0,,0.04,0.49,23.15,[]
/dlsu/goks/cam,/dlsu/goks/cam,0.000000,66827.66306900978,0,,0,0,,0.02,0.63,25.12,[]
/dlsu/goks/cam,/dlsu/goks/cam,0.000000,66827.71671891212,0,,0,0,,0.04,0.99,22.44,[]
/dlsu/goks/cam,/dlsu/goks/cam,0.000000,66827.76461601257,0,,0,0,,0.05,0.70,25.14,[]
/dlsu/goks/cam,/dlsu/goks/cam,0.000000,66827.80264496803,0,,0,0,,0.03,0.79,21.46,[]
/dlsu/goks/cam,/dlsu/goks/cam,0.000000,66827.84393405914,0,,0,0,,0.03,0.71,20.81,[]
/dlsu/goks/cam,/dlsu/goks/cam,0.000000,66827.91306090355,0,,0,0,,0.09,1.54,22.70,[]
/dlsu/goks/cam,/dlsu/goks/cam,0.000000,0,0,,0,0,,0.00,0.00,25.25,[]
/dlsu/goks/cam,/dlsu/goks/cam,0.000000,66828.00392889977,0,,0,0,,0.07,1.17,21.05,[]
/dlsu/goks/cam,/dlsu/goks/cam,0.000000,0,0,,0,0,,0.03,0.00,24.46,[]
/dlsu/goks/cam,/dlsu/goks/cam,0.000000,66828.07682204247,0,,0,0,,0.04,0.54,21.32,[]
/dlsu/goks/cam,/dlsu/goks/cam,0.000000,66828.14035105705,0,,0,0,,0.13,1.27,25.18,[]
/dlsu/goks/cam,/dlsu/goks/cam,0.000000,0,0,,0,0,,0.01,0.00,25.11,[]
/dlsu/goks/cam,/dlsu/goks/cam,0.000000,66828.18406510353,0,,0,0,,0.11,0.86,21.54,[]
/dlsu/goks/cam,/dlsu/goks/cam,0.000000,66828.2526140213,0,,0,0,,0.05,1.34,25.14,[]
/dlsu/goks/cam,/dlsu/goks/cam,0.000000,0,0,,0,0,,0.01,0.00,25.09,[]
/dlsu/goks/cam,/dlsu/goks/cam,0.000000,66828.29853510857,0,,0,0,,0.05,0.68,25.15,[]
/dlsu/goks/cam,/dlsu/goks/cam,0.000000,66828.369754076,0,,0,0,,0.05,1.21,22.16,[]
/dlsu/goks/cam,/dlsu/goks/cam,0.000000,66828.4656059742,0,,0,0,,56.65,0.00,84.17,[]
/dlsu/goks/cam,/dlsu/goks/cam,0.000000,66828.48976588249,0,,0,0,,0.19,3.04,22.35,[]
/dlsu/goks/cam,/dlsu/goks/cam,0.000000,0,0,,0,0,,0.00,0.00,21.54,[]
/dlsu/goks/cam,/dlsu/goks/cam,0.000000,0,0,,0,0,,0.01,0.00,22.35,[]
/dlsu/goks/cam,/dlsu/goks/cam,0.000000,66833.94006800652,0,,0,0,,0.17,0.81,24.72,[]
/dlsu/goks/cam,/dlsu/goks/cam,0.000000,66834.03935909271,0,,0,0,,0.05,0.55,25.14,[]
/dlsu/goks/cam,/dlsu/goks/cam,0.000000,66834.08716893196,0,,0,0,,0.04,0.52,25.17,[]
/dlsu/goks/cam,/dlsu/goks/cam,0.000000,66834.19158792496,0,,0,0,,0.05,0.59,25.09,[]
/dlsu/goks/cam,/dlsu/goks/cam,0.000000,66834.25530600548,0,,0,0,,0.06,0.97,25.06,[]
/dlsu/goks/cam,/dlsu/goks/cam,0.000000,66834.28672099113,0,,0,0,,0.04,0.48,22.14,[]
/dlsu/goks/cam,/dlsu/goks/cam,0.000000,0,0,,0,0,,0.01,0.00,22.80,[]
/dlsu/goks/cam,/dlsu/goks/cam,0.000000,66834.35554289818,0,,0,0,,0.04,0.55,25.15,[]
/dlsu/goks/cam,/dlsu/goks/cam,0.000000,66834.41339302063,0,,0,0,,0.04,0.64,23.15,[]
/dlsu/goks/cam,/dlsu/goks/cam,0.000000,66834.4661719799,0,,0,0,,0.03,0.85,25.10,[]
/dlsu/goks/cam,/dlsu/goks/cam,0.000000,66834.53519511223,0,,0,0,,0.04,0.58,23.23,[]
14

/dlsu/goks/cam,/dlsu/goks/cam,0.000000,67345.11968398094,0,,0,67345.14315390587,,6.69,25.89,16480.51,[]
/dlsu/goks/cam,/dlsu/goks/cam,0.000000,67366.32142400742,0,,0,0,,0.26,1.15,21.10,[]
/dlsu/goks/cam,/dlsu/goks/cam,0.000000,67366.368901968,0,,0,0,,0.04,0.50,21.51,[]
/dlsu/goks/cam,/dlsu/goks/cam,0.000000,67366.45448803902,0,,0,0,,0.26,1.52,22.74,[]
/dlsu/goks/cam,/dlsu/goks/cam,0.000000,0,0,,0,0,,0.01,0.00,20.60,[]
/dlsu/goks/cam,/dlsu/goks/cam,0.000000,67366.51452493668,0,,0,0,,0.04,0.56,21.72,[]
/dlsu/goks/cam,/dlsu/goks/cam,0.000000,67366.59807109833,0,,0,0,,0.08,0.68,20.91,[]
/dlsu/goks/cam,/dlsu/goks/cam,0.000000,67366.63872408867,0,,0,0,,0.05,0.71,21.10,[]
/dlsu/goks/cam,/dlsu/goks/cam,0.000000,67366.70655298233,0,,0,0,,0.06,1.17,25.16,[]
/dlsu/goks/cam,/dlsu/goks/cam,0.000000,67366.72403597832,0,,0,0,,0.02,0.68,25.10,[]
/dlsu/goks/cam,/dlsu/goks/cam,0.000000,0,0,,0,0,,0.01,0.00,25.08,[]
/dlsu/goks/cam,/dlsu/goks/cam,0.000000,67366.77003908157,0,,0,0,,0.08,0.64,20.42,[]
/dlsu/goks/cam,/dlsu/goks/cam,0.000000,67366.83286905289,0,,0,0,,0.07,0.87,25.07,[]
/dlsu/goks/cam,/dlsu/goks/cam,0.000000,0,0,,0,0,,0.01,0.00,25.13,[]
/dlsu/goks/cam,/dlsu/goks/cam,0.000000,67366.9441549778,0,,0,0,,0.13,1.30,21.29,[]
/dlsu/goks/cam,/dlsu/goks/cam,0.000000,0,0,,0,0,,0.01,0.00,25.10,[]
/dlsu/goks/cam,/dlsu/goks/cam,0.000000,0,0,,0,0,,0.00,0.63,25.10,[]
/dlsu/goks/cam,/dlsu/goks/cam,0.000000,67367.03007292747,0,,0,0,,0.06,0.64,25.16,[]
/dlsu/goks/cam,/dlsu/goks/cam,0.000000,67367.06269788742,0,,0,0,,0.06,0.83,25.14,[]
/dlsu/goks/cam,/dlsu/goks/cam,0.000000,67367.10659909248,0,,0,0,,0.04,0.96,21.80,[]
/dlsu/goks/cam,/dlsu/goks/cam,0.000000,0,0,,0,0,,0.01,0.00,20.74,[]
/dlsu/goks/cam,/dlsu/goks/cam,0.000000,67367.18228006363,0,,0,0,,0.06,0.64,21.23,[]
/dlsu/goks/cam,/dlsu/goks/cam,0.000000,67367.24165201187,0,,0,0,,2.37,3.24,23.89,[]
/dlsu/goks/cam,/dlsu/goks/cam,0.000000,67367.32479691505,0,,0,0,,0.32,0.83,29.07,[]
/dlsu/goks/cam,/dlsu/goks/cam,0.000000,0,0,,0,0,,0.25,0.00,22.65,[]
/dlsu/goks/cam,/dlsu/goks/cam,0.000000,67367.38170194626,0,,0,0,,0.08,0.72,28.84,[]
/dlsu/goks/cam,/dlsu/goks/cam,0.000000,67367.42455101013,0,,0,0,,0.15,1.81,27.08,[]
/dlsu/goks/cam,/dlsu/goks/cam,0.000000,0,0,,0,0,,0.00,0.00,23.97,[]
/dlsu/goks/cam,/dlsu/goks/cam,0.000000,67367.49215698242,0,,0,0,,0.09,1.00,25.59,[]
/dlsu/goks/cam,/dlsu/goks/cam,0.000000,67367.52798008919,0,,0,0,,0.02,0.47,25.10,[]
/dlsu/goks/cam,/dlsu/goks/cam,0.000000,0,0,,0,0,,0.01,0.00,25.10,[]
/dlsu/goks/cam,/dlsu/goks/cam,0.000000,67367.57922291756,0,,0,0,,0.12,1.27,25.15,[]
/dlsu/goks/cam,/dlsu/goks/cam,0.000000,67367.6214671135,0,,0,0,,0.04,0.77,25.51,[]
/dlsu/goks/cam,/dlsu/goks/cam,0.000000,67367.66709399223,0,,0,0,,0.14,1.01,20.91,[]
/dlsu/goks/cam,/dlsu/goks/cam,0.000000,67367.74880003929,0,,0,0,,0.20,1.57,25.08,[]
/dlsu/goks/cam,/dlsu/goks/cam,0.000000,0,0,,0,0,,0.01,0.00,20.46,[]
/dlsu/goks/cam,/dlsu/goks/cam,0.000000,67367.79914307594,0,,0,0,,0.44,1.07,21.13,[]
/dlsu/goks/cam,/dlsu/goks/cam,0.000000,67367.88578009605,0,,0,0,,0.21,1.40,21.55,[]
/dlsu/goks/cam,/dlsu/goks/cam,0.000000,0,0,,0,0,,0.01,0.00,22.47,[]
/dlsu/goks/cam,/dlsu/goks/cam,0.000000,67367.92858290672,0,,0,0,,0.03,0.71,25.10,[]
/dlsu/goks/cam,/dlsu/goks/cam,0.000000,67367.97312402725,0,,0,0,,0.07,1.56,21.90,[]
/dlsu/goks/cam,/dlsu/goks/cam,0.000000,67368.03716611862,0,,0,0,,0.25,2.41,28.88,[]
/dlsu/goks/cam,/dlsu/goks/cam,0.000000,67368.10211110115,0,,0,0,,0.45,4.30,26.47,[]
/dlsu/goks/cam,/dlsu/goks/cam,0.000000,0,0,,0,0,,0.01,0.00,22.39,[]
/dlsu/goks/cam,/dlsu/goks/cam,0.000000,67368.1656088829,0,,0,0,,0.49,4.24,25.47,[]
/dlsu/goks/cam,/dlsu/goks/cam,0.000000,0,0,,0,0,,0.01,0.00,20.93,[]
/dlsu/goks/cam,/dlsu/goks/cam,0.000000,67368.2178850174,0,,0,0,,0.04,0.50,22.57,[]
/dlsu/goks/cam,/dlsu/goks/cam,0.000000,67368.25366210938,0,,0,0,,0.03,0.92,25.20,[]
/dlsu/goks/cam,/dlsu/goks/cam,0.000000,67368.31680011749,0,,0,0,,0.04,0.95,23.02,[]
/dlsu/goks/cam,/dlsu/goks/cam,0.000000,67368.38283610344,0,,0,0,,0.23,1.51,23.97,[]
/dlsu/goks/cam,/dlsu/goks/cam,0.000000,0,0,,0,0,,0.00,0.00,23.83,[]
/dlsu/goks/cam,/dlsu/goks/cam,0.000000,67368.45552396774,0,,0,0,,0.17,1.53,25.26,[]
/dlsu/goks/cam,/dlsu/goks/cam,0.000000,0,0,,0,0,,0.01,0.00,24.83,[]
/dlsu/goks/cam,/dlsu/goks/cam,0.000000,67368.51265096664,0,,0,0,,0.07,1.20,25.30,[]
/dlsu/goks/cam,/dlsu/goks/cam,0.000000,67368.59490895271,0,,0,0,,0.06,0.76,21.69,[]
/dlsu/goks/cam,/dlsu/goks/cam,0.000000,0,0,,0,0,,0.01,0.00,25.06,[]
/dlsu/goks/cam,/dlsu/goks/cam,0.000000,67368.64529299736,0,,0,0,,0.04,0.72,21.60,[]
/dlsu/goks/cam,/dlsu/goks/cam,0.000000,67368.69903206825,0,,0,0,,0.03,0.53,25.11,[]
/dlsu/goks/cam,/dlsu/goks/cam,0.000000,67368.7355659008,0,,0,0,,0.03,0.80,21.19,[]
/dlsu/goks/cam,/dlsu/goks/cam,0.000000,67368.80471801758,0,,0,0,,0.13,1.10,25.00,[]
/dlsu/goks/cam,/dlsu/goks/cam,0.000000,0,0,,0,0,,0.01,0.00,25.10,[]
/dlsu/goks/cam,/dlsu/goks/cam,0.000000,67368.8831679821,0,,0,0,,0.06,1.01,25.17,[]
/dlsu/goks/cam,/dlsu/goks/cam,0.000000,0,0,,0,0,,0.01,0.00,24.52,[]
/dlsu/goks/cam,/dlsu/goks/cam,0.000000,67368.95179700851,0,,0,0,,0.12,0.89,22.31,[]
/dlsu/goks/cam,/dlsu/goks/cam,0.000000,0,0,,0,0,,0.00,0.00,25.09,[]
/dlsu/goks/cam,/dlsu/goks/cam,0.000000,67369.0415570736,0,,0,0,,0.04,0.78,23.21,[]
/dlsu/goks/cam,/dlsu/goks/cam,0.000000,67369.11404895782,0,,0,0,,0.09,1.73,24.95,[]
/dlsu/goks/cam,/dlsu/goks/cam,0.000000,0,0,,0,0,,0.00,0.00,21.86,[]
/dlsu/goks/cam,/dlsu/goks/cam,0.000000,67369.17141008377,0,,0,0,,0.05,0.89,25.22,[]
/dlsu/goks/cam,/dlsu/goks/cam,0.000000,67369.20880794525,0,,0,0,,0.10,1.11,20.64,[]
/dlsu/goks/cam,/dlsu/goks/cam,0.000000,67374.36534190178,0,,0,0,,0.25,1.32,25.27,[]
/dlsu/goks/cam,/dlsu/goks/cam,0.000000,67374.47145104408,0,,0,0,,0.07,0.55,25.68,[]
/dlsu/goks/cam,/dlsu/goks/cam,0.000000,67374.53466391563,0,,0,0,,0.05,0.81,20.52,[]
/dlsu/goks/cam,/dlsu/goks/cam,0.000000,67374.58994793892,0,,0,0,,0.03,0.59,25.12,[]
/dlsu/goks/cam,/dlsu/goks/cam,0.000000,67374.63461589813,0,,0,0,,0.04,0.91,20.78,[]
/dlsu/goks/cam,/dlsu/goks/cam,0.000000,67374.66683197021,0,,0,0,,0.05,0.72,22.16,[]
/dlsu/goks/cam,/dlsu/goks/cam,0.000000,67374.71384692192,0,,0,0,,0.03,0.78,21.99,[]
/dlsu/goks/cam,/dlsu/goks/cam,0.000000,67374.77214407921,0,,0,0,,0.08,0.88,21.51,[]
/dlsu/goks/cam,/dlsu/goks/cam,0.000000,0,0,,0,0,,0.00,0.00,25.11,[]
/dlsu/goks/cam,/dlsu/goks/cam,0.000000,67374.80902791023,0,,0,0,,0.03,0.49,22.56,[]
/dlsu/goks/cam,/dlsu/goks/cam,0.000000,67374.84093904495,0,,0,0,,0.14,0.45,25.14,[]
/dlsu/goks/cam,/dlsu/goks/cam,0.000000,67374.93242192268,0,,0,0,,0.07,0.87,24.67,[]
/dlsu/goks/cam,/dlsu/goks/cam,0.000000,67374.97358608246,0,,0,0,,0.03,0.61,25.08,[]
/dlsu/goks/cam,/dlsu/goks/cam,0.000000,67375.04948592186,0,,0,0,,0.05,0.73,25.18,[]
/dlsu/goks/cam,/dlsu/goks/cam,0.000000,67375.10148596764,0,,0,0,,0.09,0.55,21.09,[]
/dlsu/goks/cam,/dlsu/goks/cam,0.000000,0,0,,0,0,,0.00,0.00,25.10,[]
/dlsu/goks/cam,/dlsu/goks/cam,0.000000,67379.42659306526,0,,0,0,,0.31,1.98,25.26,[]
/dlsu/goks/cam,/dlsu/goks/cam,0.000000,67379.45761203766,0,,0,0,,0.04,0.78,25.12,[]
/dlsu/goks/cam,/dlsu/goks/cam,0.000000,67379.57010293007,0,,0,0,,0.08,0.68,21.12,[]
/dlsu/goks/cam,/dlsu/goks/cam,0.000000,67379.6111960411,0,,0,0,,0.03,0.55,25.15,[]
/dlsu/goks/cam,/dlsu/goks/cam,0.000000,67379.67425894737,0,,0,0,,0.09,0.84,23.48,[]
/dlsu/goks/cam,/dlsu/goks/cam,0.000000,67379.70025491714,0,,0,0,,0.04,0.22,24.33,[]
/dlsu/goks/cam,/dlsu/goks/cam,0.000000,67379.71626996994,0,,0,0,,0.05,0.30,20.60,[]
/dlsu/goks/cam,/dlsu/goks/cam,0.000000,0,0,,0,0,,0.00,0.00,25.09,[]
/dlsu/goks/cam,/dlsu/goks/cam,0.000000,67379.76955008507,0,,0,0,,0.08,0.44,20.90,[]
/dlsu/goks/cam,/dlsu/goks/cam,0.000000,67384.41998004913,0,,0,0,,0.11,0.63,20.51,[]
/dlsu/goks/cam,/dlsu/goks/cam,0.000000,67384.46796488762,0,,0,0,,0.02,0.69,22.46,[]
1

/dlsu/goks/cam,/dlsu/goks/cam,0.000000,67490.56403708458,0,,0,67490.67694592476,,48.81,118.39,114695.32,[]
/dlsu/goks/cam,/dlsu/goks/cam,0.000000,67610.72056889534,0,,0,0,,0.24,3.52,21.80,[]
/dlsu/goks/cam,/dlsu/goks/cam,0.000000,67610.78406500816,0,,0,0,,0.05,1.01,23.52,[]
/dlsu/goks/cam,/dlsu/goks/cam,0.000000,67610.84253311157,0,,0,0,,0.06,1.15,25.53,[]
/dlsu/goks/cam,/dlsu/goks/cam,0.000000,0,0,,0,0,,0.01,0.00,20.99,[]
/dlsu/goks/cam,/dlsu/goks/cam,0.000000,67610.91601109505,0,,0,0,,0.03,0.75,25.16,[]
/dlsu/goks/cam,/dlsu/goks/cam,0.000000,67610.95612311363,0,,0,0,,0.05,1.56,25.17,[]
/dlsu/goks/cam,/dlsu/goks/cam,0.000000,67611.04578900337,0,,0,0,,0.06,1.09,25.07,[]
/dlsu/goks/cam,/dlsu/goks/cam,0.000000,67611.08268499374,0,,0,0,,0.02,0.86,24.78,[]
/dlsu/goks/cam,/dlsu/goks/cam,0.000000,67611.10914492607,0,,0,0,,0.04,0.89,21.47,[]
/dlsu/goks/cam,/dlsu/goks/cam,0.000000,67611.2041349411,0,,0,0,,0.05,0.82,20.24,[]
/dlsu/goks/cam,/dlsu/goks/cam,0.000000,67611.2614839077,0,,0,0,,0.05,0.82,24.94,[]
/dlsu/goks/cam,/dlsu/goks/cam,0.000000,67611.31107211113,0,,0,0,,0.13,1.99,25.08,[]
/dlsu/goks/cam,/dlsu/goks/cam,0.000000,67611.3430109024,0,,0,0,,0.02,0.74,22.11,[]
/dlsu/goks/cam,/dlsu/goks/cam,0.000000,0,0,,0,0,,0.01,0.00,21.29,[]
/dlsu/goks/cam,/dlsu/goks/cam,0.000000,67611.39228606224,0,,0,0,,0.22,0.85,25.17,[]
/dlsu/goks/cam,/dlsu/goks/cam,0.000000,67611.4451239109,0,,0,0,,0.03,0.81,21.39,[]
/dlsu/goks/cam,/dlsu/goks/cam,0.000000,67611.5441980362,0,,0,0,,0.09,1.31,20.53,[]
/dlsu/goks/cam,/dlsu/goks/cam,0.000000,67611.61782693863,0,,0,0,,0.04,0.91,25.20,[]
/dlsu/goks/cam,/dlsu/goks/cam,0.000000,67611.66327500343,0,,0,0,,0.08,1.03,22.59,[]
/dlsu/goks/cam,/dlsu/goks/cam,0.000000,67611.69371891022,0,,0,0,,0.05,1.07,21.15,[]
/dlsu/goks/cam,/dlsu/goks/cam,0.000000,0,0,,0,0,,0.01,0.00,23.26,[]
/dlsu/goks/cam,/dlsu/goks/cam,0.000000,67611.76127195358,0,,0,0,,0.10,1.78,23.25,[]
/dlsu/goks/cam,/dlsu/goks/cam,0.000000,67611.79318904877,0,,0,0,,0.03,0.71,25.09,[]
/dlsu/goks/cam,/dlsu/goks/cam,0.000000,0,0,,0,0,,0.01,0.00,25.08,[]
/dlsu/goks/cam,/dlsu/goks/cam,0.000000,67611.84797906876,0,,0,0,,0.07,1.39,25.12,[]
/dlsu/goks/cam,/dlsu/goks/cam,0.000000,0,0,,0,0,,0.01,0.00,23.55,[]
/dlsu/goks/cam,/dlsu/goks/cam,0.000000,67611.91075110435,0,,0,0,,0.06,1.77,21.24,[]
/dlsu/goks/cam,/dlsu/goks/cam,0.000000,0,0,,0,0,,0.01,0.00,25.10,[]
/dlsu/goks/cam,/dlsu/goks/cam,0.000000,67611.97247099876,0,,0,0,,0.04,0.82,20.73,[]
/dlsu/goks/cam,/dlsu/goks/cam,0.000000,67612.03864502907,0,,0,0,,0.06,1.30,21.63,[]
/dlsu/goks/cam,/dlsu/goks/cam,0.000000,0,0,,0,0,,0.01,0.00,25.12,[]
/dlsu/goks/cam,/dlsu/goks/cam,0.000000,67612.10651111603,0,,0,0,,0.43,4.90,23.93,[]
/dlsu/goks/cam,/dlsu/goks/cam,0.000000,67612.18729996681,0,,0,0,,0.15,0.87,30.25,[]
/dlsu/goks/cam,/dlsu/goks/cam,0.000000,67612.20543193817,0,,0,0,,0.05,5.45,22.57,[]
/dlsu/goks/cam,/dlsu/goks/cam,0.000000,67612.22782707214,0,,0,0,,0.20,8.48,30.66,[]
/dlsu/goks/cam,/dlsu/goks/cam,0.000000,67612.26501202583,0,,0,0,,0.23,0.77,25.11,[]
/dlsu/goks/cam,/dlsu/goks/cam,0.000000,0,0,,0,0,,0.01,0.00,20.12,[]
/dlsu/goks/cam,/dlsu/goks/cam,0.000000,67612.33240890503,0,,0,0,,0.06,1.04,25.92,[]
/dlsu/goks/cam,/dlsu/goks/cam,0.000000,0,0,,0,0,,0.01,0.00,25.09,[]
/dlsu/goks/cam,/dlsu/goks/cam,0.000000,67612.40884304047,0,,0,0,,0.04,1.52,24.58,[]
/dlsu/goks/cam,/dlsu/goks/cam,0.000000,0,0,,0,0,,0.01,0.00,20.61,[]
/dlsu/goks/cam,/dlsu/goks/cam,0.000000,67612.4567770958,0,,0,0,,0.03,1.20,21.75,[]
/dlsu/goks/cam,/dlsu/goks/cam,0.000000,67612.51220202446,0,,0,0,,0.06,0.91,21.08,[]
/dlsu/goks/cam,/dlsu/goks/cam,0.000000,67612.5809481144,0,,0,0,,0.04,1.12,25.14,[]
/dlsu/goks/cam,/dlsu/goks/cam,0.000000,67612.63046598434,0,,0,0,,0.04,0.75,25.09,[]
/dlsu/goks/cam,/dlsu/goks/cam,0.000000,67612.67500090599,0,,0,0,,0.06,0.70,21.37,[]
/dlsu/goks/cam,/dlsu/goks/cam,0.000000,67612.72912406921,0,,0,0,,0.06,0.80,25.17,[]
/dlsu/goks/cam,/dlsu/goks/cam,0.000000,67612.8196310997,0,,0,0,,0.07,1.70,20.22,[]
/dlsu/goks/cam,/dlsu/goks/cam,0.000000,0,0,,0,0,,0.01,0.00,24.88,[]
/dlsu/goks/cam,/dlsu/goks/cam,0.000000,67612.85188007355,0,,0,0,,0.04,0.78,25.11,[]
/dlsu/goks/cam,/dlsu/goks/cam,0.000000,67612.90936493874,0,,0,0,,0.04,1.66,21.92,[]
/dlsu/goks/cam,/dlsu/goks/cam,0.000000,0,0,,0,0,,0.01,0.00,23.43,[]
/dlsu/goks/cam,/dlsu/goks/cam,0.000000,67612.95267701149,0,,0,0,,0.02,0.72,21.68,[]
/dlsu/goks/cam,/dlsu/goks/cam,0.000000,67613.00075888634,0,,0,0,,0.03,0.67,25.16,[]
/dlsu/goks/cam,/dlsu/goks/cam,0.000000,67613.04162096977,0,,0,0,,0.03,0.96,23.96,[]
/dlsu/goks/cam,/dlsu/goks/cam,0.000000,67613.09706401825,0,,0,0,,0.05,1.70,21.97,[]
/dlsu/goks/cam,/dlsu/goks/cam,0.000000,0,0,,0,0,,0.01,0.00,22.16,[]
/dlsu/goks/cam,/dlsu/goks/cam,0.000000,67613.14113807678,0,,0,0,,0.13,1.98,23.49,[]
/dlsu/goks/cam,/dlsu/goks/cam,0.000000,0,0,,0,0,,0.01,0.00,22.70,[]
/dlsu/goks/cam,/dlsu/goks/cam,0.000000,67613.26474308968,0,,0,0,,0.07,1.52,22.13,[]
/dlsu/goks/cam,/dlsu/goks/cam,0.000000,0,0,,0,0,,0.01,0.00,25.08,[]
/dlsu/goks/cam,/dlsu/goks/cam,0.000000,67613.31080508232,0,,0,0,,0.03,1.05,22.15,[]
/dlsu/goks/cam,/dlsu/goks/cam,0.000000,67613.35883808136,0,,0,0,,0.03,1.02,22.40,[]
/dlsu/goks/cam,/dlsu/goks/cam,0.000000,67613.41516590118,0,,0,0,,0.05,1.49,24.09,[]
/dlsu/goks/cam,/dlsu/goks/cam,0.000000,67613.44697189331,0,,0,0,,0.03,0.37,23.94,[]
/dlsu/goks/cam,/dlsu/goks/cam,0.000000,0,0,,0,0,,0.01,0.00,25.09,[]
/dlsu/goks/cam,/dlsu/goks/cam,0.000000,67613.50588798523,0,,0,0,,0.04,0.83,20.63,[]
/dlsu/goks/cam,/dlsu/goks/cam,0.000000,67613.56363391876,0,,0,0,,0.04,1.08,21.24,[]
/dlsu/goks/cam,/dlsu/goks/cam,0.000000,67613.62663602829,0,,0,0,,0.11,1.52,20.36,[]
/dlsu/goks/cam,/dlsu/goks/cam,0.000000,67613.65849494934,0,,0,0,,0.06,0.88,24.14,[]
/dlsu/goks/cam,/dlsu/goks/cam,0.000000,67613.69190907478,0,,0,0,,0.03,0.00,25.10,[]
/dlsu/goks/cam,/dlsu/goks/cam,0.000000,0,0,,0,0,,0.01,0.94,25.07,[]
/dlsu/goks/cam,/dlsu/goks/cam,0.000000,67613.74658298492,0,,0,0,,0.04,0.77,25.14,[]
/dlsu/goks/cam,/dlsu/goks/cam,0.000000,67613.86374592781,0,,0,0,,0.08,1.59,20.14,[]
/dlsu/goks/cam,/dlsu/goks/cam,0.000000,0,0,,0,0,,0.01,0.00,21.40,[]
/dlsu/goks/cam,/dlsu/goks/cam,0.000000,67613.95222592354,0,,0,0,,0.05,1.05,21.61,[]
/dlsu/goks/cam,/dlsu/goks/cam,0.000000,67613.97820997238,0,,0,0,,0.03,0.83,21.04,[]
/dlsu/goks/cam,/dlsu/goks/cam,0.000000,67614.00945806503,0,,0,0,,0.03,0.91,21.53,[]
/dlsu/goks/cam,/dlsu/goks/cam,0.000000,67614.04400396347,0,,0,0,,0.03,0.95,22.15,[]
/dlsu/goks/cam,/dlsu/goks/cam,0.000000,67614.09037303925,0,,0,0,,0.03,0.71,25.16,[]
/dlsu/goks/cam,/dlsu/goks/cam,0.000000,67614.11667490005,0,,0,0,,0.02,0.69,24.36,[]
/dlsu/goks/cam,/dlsu/goks/cam,0.000000,67614.29444003105,0,,0,0,,0.08,0.85,21.05,[]
/dlsu/goks/cam,/dlsu/goks/cam,0.000000,67614.33944892883,0,,0,0,,0.06,1.39,20.99,[]
/dlsu/goks/cam,/dlsu/goks/cam,0.000000,0,0,,0,0,,0.01,0.00,22.09,[]
/dlsu/goks/cam,/dlsu/goks/cam,0.000000,67614.39549398422,0,,0,0,,0.09,1.45,20.85,[]
/dlsu/goks/cam,/dlsu/goks/cam,0.000000,0,0,,0,0,,0.00,0.00,21.36,[]
/dlsu/goks/cam,/dlsu/goks/cam,0.000000,67614.47781705856,0,,0,0,,0.07,1.52,21.26,[]
/dlsu/goks/cam,/dlsu/goks/cam,0.000000,0,0,,0,0,,0.01,0.00,24.51,[]
/dlsu/goks/cam,/dlsu/goks/cam,0.000000,67614.53386807442,0,,0,0,,0.04,1.06,22.20,[]
/dlsu/goks/cam,/dlsu/goks/cam,0.000000,67614.56044602394,0,,0,0,,0.10,0.81,24.52,[]
/dlsu/goks/cam,/dlsu/goks/cam,0.000000,67614.61331701279,0,,0,0,,0.03,0.99,25.12,[]
/dlsu/goks/cam,/dlsu/goks/cam,0.000000,67614.6530148983,0,,0,0,,0.03,0.87,21.63,[]
/dlsu/goks/cam,/dlsu/goks/cam,0.000000,67614.71086406708,0,,0,0,,0.04,1.18,20.59,[]
/dlsu/goks/cam,/dlsu/goks/cam,0.000000,67614.75507211685,0,,0,0,,0.05,1.54,25.19,[]
/dlsu/goks/cam,/dlsu/goks/cam,0.000000,67614.78674602509,0,,0,0,,0.03,0.38,25.08,[]
/dlsu/goks/cam,/dlsu/goks/cam,0.000000,67614.80106711388,0,,0,0,,0.03,0.70,20.79,[]
/dlsu/goks/cam,/dlsu/goks/cam,0.000000,0,0,,0,0,,0.01,0.00,23.20,[]
/dlsu/goks/cam,/dlsu/goks/cam,0.000000,67614.83721709251,0,,0,0,,0.02,0.94,20.38,[]
/dlsu/goks/cam,/dlsu/goks/cam,0.000000,67614.875674963,0,,0,0,,0.03,0.72,23.20,[]
/dlsu/goks/cam,/dlsu/goks/cam,0.000000,67614.92033004761,0,,0,0,,0.04,1.25,20.38,[]
/dlsu/goks/cam,/dlsu/goks/cam,0.000000,0,0,,0,0,,0.00,0.00,25.08,[]
/dlsu/goks/cam,/dlsu/goks/cam,0.000000,67615.02842903137,0,,0,0,,0.07,1.53,20.96,[]
/dlsu/goks/cam,/dlsu/goks/cam,0.000000,0,0,,0,0,,0.01,0.00,23.76,[]
/dlsu/goks/cam,/dlsu/goks/cam,0.000000,67615.09113311768,0,,0,0,,0.05,1.38,20.37,[]
/dlsu/goks/cam,/dlsu/goks/cam,0.000000,0,0,,0,0,,0.01,0.00,24.24,[]
/dlsu/goks/cam,/dlsu/goks/cam,0.000000,67615.16111302376,0,,0,0,,0.06,0.88,21.29,[]
/dlsu/goks/cam,/dlsu/goks/cam,0.000000,67615.250467062,0,,0,0,,0.06,1.34,24.44,[]
/dlsu/goks/cam,/dlsu/goks/cam,0.000000,0,0,,0,0,,0.01,0.00,25.11,[]
/dlsu/goks/cam,/dlsu/goks/cam,0.000000,67615.30307388306,0,,0,0,,0.03,1.18,20.60,[]
/dlsu/goks/cam,/dlsu/goks/cam,0.000000,67615.39760994911,0,,0,0,,0.06,1.71,25.22,[]
/dlsu/goks/cam,/dlsu/goks/cam,0.000000,0,0,,0,0,,0.01,0.00,25.17,[]
/dlsu/goks/cam,/dlsu/goks/cam,0.000000,67615.51040506363,0,,0,0,,0.05,1.14,25.41,[]
/dlsu/goks/cam,/dlsu/goks/cam,0.000000,67615.57573390007,0,,0,0,,0.05,0.86,25.15,[]
/dlsu/goks/cam,/dlsu/goks/cam,0.000000,67615.60644602776,0,,0,0,,0.16,1.07,25.15,[]
/dlsu/goks/cam,/dlsu/goks/cam,0.000000,67615.64907002449,0,,0,0,,0.04,0.90,24.30,[]
/dlsu/goks/cam,/dlsu/goks/cam,0.000000,67615.73958396912,0,,0,0,,0.07,1.57,25.14,[]
/dlsu/goks/cam,/dlsu/goks/cam,0.000000,0,0,,0,0,,0.02,0.00,25.01,[]
/dlsu/goks/cam,/dlsu/goks/cam,0.000000,67615.7937040329,0,,0,0,,0.04,1.16,25.21,[]
/dlsu/goks/cam,/dlsu/goks/cam,0.000000,67615.83089208603,0,,0,0,,0.04,1.00,25.19,[]
/dlsu/goks/cam,/dlsu/goks/cam,0.000000,67615.89568090439,0,,0,0,,0.03,1.09,21.31,[]
/dlsu/goks/cam,/dlsu/goks/cam,0.000000,67615.95836305618,0,,0,0,,0.05,1.61,21.09,[]
/dlsu/goks/cam,/dlsu/goks/cam,0.000000,0,0,,0,0,,0.01,0.00,25.08,[]
/dlsu/goks/cam,/dlsu/goks/cam,0.000000,67615.99690294266,0,,0,0,,0.03,0.96,20.68,[]
/dlsu/goks/cam,/dlsu/goks/cam,0.000000,67616.12037992477,0,,0,0,,0.06,0.80,20.70,[]
/dlsu/goks/cam,/dlsu/goks/cam,0.000000,67616.148375988,0,,0,0,,0.03,0.71,25.17,[]
/dlsu/goks/cam,/dlsu/goks/cam,0.000000,67616.1790869236,0,,0,0,,0.06,0.96,25.09,[]
/dlsu/goks/cam,/dlsu/goks/cam,0.000000,67616.21625304222,0,,0,0,,0.02,0.77,22.29,[]
/dlsu/goks/cam,/dlsu/goks/cam,0.000000,67616.28239893913,0,,0,0,,0.05,0.68,20.35,[]
/dlsu/goks/cam,/dlsu/goks/cam,0.000000,67616.29847097397,0,,0,0,,0.04,1.14,24.52,[]
/dlsu/goks/cam,/dlsu/goks/cam,0.000000,0,0,,0,0,,0.01,0.00,25.08,[]
/dlsu/goks/cam,/dlsu/goks/cam,0.000000,67616.34964990616,0,,0,0,,0.09,1.29,25.18,[]
/dlsu/goks/cam,/dlsu/goks/cam,0.000000,0,0,,0,0,,0.01,0.00,23.69,[]
/dlsu/goks/cam,/dlsu/goks/cam,0.000000,67616.39452695847,0,,0,0,,0.03,0.65,25.33,[]
/dlsu/goks/cam,/dlsu/goks/cam,0.000000,67616.48479008675,0,,0,0,,0.05,1.12,20.95,[]
/dlsu/goks/cam,/dlsu/goks/cam,0.000000,67616.51675796509,0,,0,0,,0.03,0.72,24.11,[]
/dlsu/goks/cam,/dlsu/goks/cam,0.000000,67616.5904200077,0,,0,0,,0.06,1.12,22.75,[]
/dlsu/goks/cam,/dlsu/goks/cam,0.000000,67616.62252688408,0,,0,0,,0.02,0.80,23.82,[]
/dlsu/goks/cam,/dlsu/goks/cam,0.000000,67616.673361063,0,,0,0,,0.05,1.47,22.22,[]
/dlsu/goks/cam,/dlsu/goks/cam,0.000000,0,0,,0,0,,0.01,0.00,25.07,[]
/dlsu/goks/cam,/dlsu/goks/cam,0.000000,67616.73837804794,0,,0,0,,0.04,0.96,25.17,[]
/dlsu/goks/cam,/dlsu/goks/cam,0.000000,67616.78089094162,0,,0,0,,0.03,0.80,21.91,[]
/dlsu/goks/cam,/dlsu/goks/cam,0.000000,67616.82593488693,0,,0,0,,0.03,0.78,23.62,[]
/dlsu/goks/cam,/dlsu/goks/cam,0.000000,67616.86518192291,0,,0,0,,0.03,0.92,25.14,[]
/dlsu/goks/cam,/dlsu/goks/cam,0.000000,67616.89751410484,0,,0,0,,0.04,1.15,25.08,[]
/dlsu/goks/cam,/dlsu/goks/cam,0.000000,0,0,,0,0,,0.01,0.00,23.13,[]
/dlsu/goks/cam,/dlsu/goks/cam,0.000000,67616.95991706848,0,,0,0,,0.21,1.04,21.03,[]
/dlsu/goks/cam,/dlsu/goks/cam,0.000000,0,0,,0,0,,0.01,0.00,25.10,[]
/dlsu/goks/cam,/dlsu/goks/cam,0.000000,67617.0457971096,0,,0,0,,0.06,1.43,22.54,[]
/dlsu/goks/cam,/dlsu/goks/cam,0.000000,0,0,,0,0,,0.00,0.00,21.12,[]
/dlsu/goks/cam,/dlsu/goks/cam,0.000000,67617.13370704651,0,,0,0,,0.11,1.29,21.05,[]
/dlsu/goks/cam,/dlsu/goks/cam,0.000000,0,0,,0,0,,0.00,0.00,24.74,[]
/dlsu/goks/cam,/dlsu/goks/cam,0.000000,67617.19592189789,0,,0,0,,0.04,1.09,25.17,[]
/dlsu/goks/cam,/dlsu/goks/cam,0.000000,67617.24093008041,0,,0,0,,0.07,0.90,20.88,[]
/dlsu/goks/cam,/dlsu/goks/cam,0.000000,67617.27692890167,0,,0,0,,0.03,0.87,25.12,[]
/dlsu/goks/cam,/dlsu/goks/cam,0.000000,67617.38862490654,0,,0,0,,0.05,0.88,21.86,[]
/dlsu/goks/cam,/dlsu/goks/cam,0.000000,67617.4118680954,0,,0,0,,0.03,0.71,22.98,[]
/dlsu/goks/cam,/dlsu/goks/cam,0.000000,67617.44519996643,0,,0,0,,0.04,0.95,21.26,[]
/dlsu/goks/cam,/dlsu/goks/cam,0.000000,67617.48720192909,0,,0,0,,0.03,0.75,20.50,[]
/dlsu/goks/cam,/dlsu/goks/cam,0.000000,67617.5280649662,0,,0,0,,0.03,0.79,25.20,[]
/dlsu/goks/cam,/dlsu/goks/cam,0.000000,67617.59744906425,0,,0,0,,0.05,1.70,25.11,[]
/dlsu/goks/cam,/dlsu/goks/cam,0.000000,0,0,,0,0,,0.01,0.00,25.09,[]
/dlsu/goks/cam,/dlsu/goks/cam,0.000000,67617.7319829464,0,,0,0,,0.09,1.13,25.43,[]
/dlsu/goks/cam,/dlsu/goks/cam,0.000000,67617.74804997444,0,,0,0,,0.03,0.65,21.94,[]
/dlsu/goks/cam,/dlsu/goks/cam,0.000000,0,0,,0,0,,0.01,0.00,20.68,[]
/dlsu/goks/cam,/dlsu/goks/cam,0.000000,67617.81789398193,0,,0,0,,0.04,0.76,23.17,[]
/dlsu/goks/cam,/dlsu/goks/cam,0.000000,67617.88275408745,0,,0,0,,0.04,0.80,24.92,[]
/dlsu/goks/cam,/dlsu/goks/cam,0.000000,67617.92933607101,0,,0,0,,0.03,1.06,20.34,[]
/dlsu/goks/cam,/dlsu/goks/cam,0.000000,67617.9630689621,0,,0,0,,0.03,0.75,20.99,[]
/dlsu/goks/cam,/dlsu/goks/cam,0.000000,67618.01474499702,0,,0,0,,0.03,1.03,21.03,[]
/dlsu/goks/cam,/dlsu/goks/cam,0.000000,67618.04696798325,0,,0,0,,0.03,0.91,25.15,[]
/dlsu/goks/cam,/dlsu/goks/cam,0.000000,67618.12204694748,0,,0,0,,0.04,0.83,22.30,[]
/dlsu/goks/cam,/dlsu/goks/cam,0.000000,67618.17445993423,0,,0,0,,0.03,1.07,25.07,[]
/dlsu/goks/cam,/dlsu/goks/cam,0.000000,67618.21837592125,0,,0,0,,0.04,1.10,25.16,[]
/dlsu/goks/cam,/dlsu/goks/cam,0.000000,67618.28285098076,0,,0,0,,0.04,1.00,24.28,[]
/dlsu/goks/cam,/dlsu/goks/cam,0.000000,67618.3257548809,0,,0,0,,0.03,0.84,25.14,[]
/dlsu/goks/cam,/dlsu/goks/cam,0.000000,67618.3650610447,0,,0,0,,0.06,1.49,21.91,[]
/dlsu/goks/cam,/dlsu/goks/cam,0.000000,0,0,,0,0,,0.01,0.00,22.61,[]
/dlsu/goks/cam,/dlsu/goks/cam,0.000000,67618.41970300674,0,,0,0,,0.03,0.82,21.23,[]
/dlsu/goks/cam,/dlsu/goks/cam,0.000000,67618.4654970169,0,,0,0,,0.03,0.81,25.12,[]
/dlsu/goks/cam,/dlsu/goks/cam,0.000000,67618.57429790497,0,,0,0,,0.06,1.72,24.94,[]
/dlsu/goks/cam,/dlsu/goks/cam,0.000000,67618.60616493225,0,,0,0,,0.03,0.76,23.20,[]
/dlsu/goks/cam,/dlsu/goks/cam,0.000000,67618.63009405136,0,,0,0,,0.04,0.79,24.76,[]
/dlsu/goks/cam,/dlsu/goks/cam,0.000000,0,0,,0,0,,0.01,0.00,21.83,[]
/dlsu/goks/cam,/dlsu/goks/cam,0.000000,67618.67696905136,0,,0,0,,0.03,0.97,25.14,[]
/dlsu/goks/cam,/dlsu/goks/cam,0.000000,67618.71413588524,0,,0,0,,0.03,0.70,22.67,[]
/dlsu/goks/cam,/dlsu/goks/cam,0.000000,67618.78552889824,0,,0,0,,0.06,1.94,20.57,[]
/dlsu/goks/cam,/dlsu/goks/cam,0.000000,0,0,,0,0,,0.00,0.00,24.44,[]
/dlsu/goks/cam,/dlsu/goks/cam,0.000000,67618.83892798424,0,,0,0,,0.04,0.85,21.32,[]
/dlsu/goks/cam,/dlsu/goks/cam,0.000000,67618.87214589119,0,,0,0,,0.03,0.72,22.08,[]
/dlsu/goks/cam,/dlsu/goks/cam,0.000000,67618.9313750267,0,,0,0,,0.06,1.87,25.04,[]
/dlsu/goks/cam,/dlsu/goks/cam,0.000000,0,0,,0,0,,0.01,0.00,25.08,[]
/dlsu/goks/cam,/dlsu/goks/cam,0.000000,67618.9788119793,0,,0,0,,0.03,0.95,25.39,[]
/dlsu/goks/cam,/dlsu/goks/cam,0.000000,67619.03608107567,0,,0,0,,0.04,0.99,21.09,[]
/dlsu/goks/cam,/dlsu/goks/cam,0.000000,67619.07917809486,0,,0,0,,0.03,1.08,25.20,[]
/dlsu/goks/cam,/dlsu/goks/cam,0.000000,67619.10658192635,0,,0,0,,0.03,0.85,24.80,[]
/dlsu/goks/cam,/dlsu/goks/cam,0.000000,67619.1421020031,0,,0,0,,0.03,1.04,22.63,[]
/dlsu/goks/cam,/dlsu/goks/cam,0.000000,67619.18317294121,0,,0,0,,0.03,0.86,25.12,[]
/dlsu/goks/cam,/dlsu/goks/cam,0.000000,67619.2566049099,0,,0,0,,0.09,1.29,21.50,[]
/dlsu/goks/cam,/dlsu/goks/cam,0.000000,0,0,,0,0,,0.01,0.00,25.17,[]
/dlsu/goks/cam,/dlsu/goks/cam,0.000000,67619.32621598244,0,,0,0,,0.28,7.42,37.52,[]
/dlsu/goks/cam,/dlsu/goks/cam,0.000000,67619.37408208847,0,,0,0,,0.13,11.95,23.25,[]
/dlsu/goks/cam,/dlsu/goks/cam,0.000000,0,0,,0,0,,0.26,0.00,27.84,[]
/dlsu/goks/cam,/dlsu/goks/cam,0.000000,67619.43232989311,0,,0,0,,0.10,1.19,24.35,[]
/dlsu/goks/cam,/dlsu/goks/cam,0.000000,67619.48479795456,0,,0,0,,0.06,1.59,20.18,[]
/dlsu/goks/cam,/dlsu/goks/cam,0.000000,67619.50092601776,0,,0,0,,0.02,0.71,25.10,[]
/dlsu/goks/cam,/dlsu/goks/cam,0.000000,0,0,,0,0,,0.01,0.00,24.92,[]
/dlsu/goks/cam,/dlsu/goks/cam,0.000000,67619.54552006721,0,,0,0,,0.05,0.88,25.10,[]
/dlsu/goks/cam,/dlsu/goks/cam,0.000000,67619.5772869587,0,,0,0,,0.04,0.99,25.14,[]
/dlsu/goks/cam,/dlsu/goks/cam,0.000000,67619.63015294075,0,,0,0,,0.03,0.84,25.18,[]
/dlsu/goks/cam,/dlsu/goks/cam,0.000000,67619.6669011116,0,,0,0,,0.03,0.74,24.27,[]
/dlsu/goks/cam,/dlsu/goks/cam,0.000000,67619.69360089302,0,,0,0,,0.07,1.13,21.93,[]
/dlsu/goks/cam,/dlsu/goks/cam,0.000000,67619.738945961,0,,0,0,,0.05,0.76,25.68,[]
/dlsu/goks/cam,/dlsu/goks/cam,0.000000,67619.77506709099,0,,0,0,,0.03,1.00,25.37,[]
/dlsu/goks/cam,/dlsu/goks/cam,0.000000,67619.81507992744,0,,0,0,,0.03,0.97,25.12,[]
/dlsu/goks/cam,/dlsu/goks/cam,0.000000,67619.84725189209,0,,0,0,,0.06,0.76,23.74,[]
/dlsu/goks/cam,/dlsu/goks/cam,0.000000,67619.89138007164,0,,0,0,,0.03,1.06,23.95,[]
/dlsu/goks/cam,/dlsu/goks/cam,0.000000,67619.93494701385,0,,0,0,,0.04,0.83,21.86,[]
/dlsu/goks/cam,/dlsu/goks/cam,0.000000,67619.98759508133,0,,0,0,,0.05,0.69,25.13,[]
/dlsu/goks/cam,/dlsu/goks/cam,0.000000,67620.0241830349,0,,0,0,,0.03,0.87,24.69,[]
/dlsu/goks/cam,/dlsu/goks/cam,0.000000,67620.06271791458,0,,0,0,,0.03,0.75,25.67,[]
/dlsu/goks/cam,/dlsu/goks/cam,0.000000,67620.11655211449,0,,0,0,,0.04,0.75,25.18,[]
/dlsu/goks/cam,/dlsu/goks/cam,0.000000,67620.18306899071,0,,0,0,,0.04,1.08,22.89,[]
/dlsu/goks/cam,/dlsu/goks/cam,0.000000,0,0,,0,0,,0.00,0.00,22.74,[]
/dlsu/goks/cam,/dlsu/goks/cam,0.000000,67620.25286507607,0,,0,0,,0.05,0.86,20.48,[]
/dlsu/goks/cam,/dlsu/goks/cam,0.000000,67620.28263401985,0,,0,0,,0.07,1.22,25.05,[]
/dlsu/goks/cam,/dlsu/goks/cam,0.000000,67620.32908511162,0,,0,0,,0.05,1.23,25.50,[]
/dlsu/goks/cam,/dlsu/goks/cam,0.000000,0,0,,0,0,,0.01,0.00,21.48,[]
/dlsu/goks/cam,/dlsu/goks/cam,0.000000,67620.38665509224,0,,0,0,,0.14,0.81,24.61,[]
/dlsu/goks/cam,/dlsu/goks/cam,0.000000,67620.42936110497,0,,0,0,,0.03,1.01,25.40,[]
/dlsu/goks/cam,/dlsu/goks/cam,0.000000,67620.50350999832,0,,0,0,,0.04,1.15,25.49,[]
/dlsu/goks/cam,/dlsu/goks/cam,0.000000,67620.56649398804,0,,0,0,,0.05,1.33,24.48,[]
/dlsu/goks/cam,/dlsu/goks/cam,0.000000,0,0,,0,0,,0.01,0.00,24.50,[]
/dlsu/goks/cam,/dlsu/goks/cam,0.000000,67620.63058304787,0,,0,0,,0.04,0.83,20.98,[]
/dlsu/goks/cam,/dlsu/goks/cam,0.000000,67620.67709589005,0,,0,0,,0.08,0.93,25.12,[]
/dlsu/goks/cam,/dlsu/goks/cam,0.000000,67620.70835089684,0,,0,0,,0.03,0.83,25.16,[]
/dlsu/goks/cam,/dlsu/goks/cam,0.000000,67620.74764704704,0,,0,0,,0.03,0.89,24.28,[]
/dlsu/goks/cam,/dlsu/goks/cam,0.000000,67620.79280090332,0,,0,0,,0.03,1.19,25.18,[]
/dlsu/goks/cam,/dlsu/goks/cam,0.000000,67620.86378502846,0,,0,0,,0.05,0.77,25.12,[]
/dlsu/goks/cam,/dlsu/goks/cam,0.000000,67620.9115319252,0,,0,0,,0.04,1.30,21.21,[]
/dlsu/goks/cam,/dlsu/goks/cam,0.000000,0,0,,0,0,,0.01,0.00,24.35,[]
/dlsu/goks/cam,/dlsu/goks/cam,0.000000,67620.96782803535,0,,0,0,,0.05,1.18,23.99,[]
/dlsu/goks/cam,/dlsu/goks/cam,0.000000,67621.02396893501,0,,0,0,,0.04,1.23,25.19,[]
/dlsu/goks/cam,/dlsu/goks/cam,0.000000,67621.11198306084,0,,0,0,,0.08,1.42,21.99,[]
/dlsu/goks/cam,/dlsu/goks/cam,0.000000,0,0,,0,0,,0.01,0.00,22.10,[]
/dlsu/goks/cam,/dlsu/goks/cam,0.000000,67621.14854192734,0,,0,0,,0.04,0.73,24.90,[]
/dlsu/goks/cam,/dlsu/goks/cam,0.000000,67621.20408010483,0,,0,0,,0.03,1.10,25.14,[]
/dlsu/goks/cam,/dlsu/goks/cam,0.000000,67621.23889708519,0,,0,0,,0.03,0.73,25.14,[]
/dlsu/goks/cam,/dlsu/goks/cam,0.000000,67621.29619503021,0,,0,0,,0.05,1.69,25.12,[]
/dlsu/goks/cam,/dlsu/goks/cam,0.000000,0,0,,0,0,,0.01,0.00,22.13,[]
/dlsu/goks/cam,/dlsu/goks/cam,0.000000,67621.36151695251,0,,0,0,,0.03,0.83,22.00,[]
/dlsu/goks/cam,/dlsu/goks/cam,0.000000,67621.40570902824,0,,0,0,,0.05,1.17,21.17,[]
/dlsu/goks/cam,/dlsu/goks/cam,0.000000,67621.44937801361,0,,0,0,,0.04,1.60,20.40,[]
/dlsu/goks/cam,/dlsu/goks/cam,0.000000,67621.48034596443,0,,0,0,,0.03,0.89,25.40,[]
/dlsu/goks/cam,/dlsu/goks/cam,0.000000,0,0,,0,0,,0.01,0.00,24.87,[]
/dlsu/goks/cam,/dlsu/goks/cam,0.000000,67621.51626801491,0,,0,0,,0.05,0.82,21.41,[]
/dlsu/goks/cam,/dlsu/goks/cam,0.000000,67621.58900594711,0,,0,0,,0.10,1.82,25.17,[]
/dlsu/goks/cam,/dlsu/goks/cam,0.000000,0,0,,0,0,,0.01,0.00,25.09,[]
/dlsu/goks/cam,/dlsu/goks/cam,0.000000,67621.64968299866,0,,0,0,,0.05,1.29,25.13,[]
/dlsu/goks/cam,/dlsu/goks/cam,0.000000,0,0,,0,0,,0.01,0.00,25.13,[]
/dlsu/goks/cam,/dlsu/goks/cam,0.000000,67621.71754598618,0,,0,0,,0.03,0.79,23.72,[]
/dlsu/goks/cam,/dlsu/goks/cam,0.000000,67621.80222702026,0,,0,0,,0.06,1.43,25.16,[]
/dlsu/goks/cam,/dlsu/goks/cam,0.000000,0,0,,0,0,,0.01,0.00,23.85,[]
/dlsu/goks/cam,/dlsu/goks/cam,0.000000,67621.84757995605,0,,0,0,,0.05,0.86,20.50,[]
/dlsu/goks/cam,/dlsu/goks/cam,0.000000,67621.89520001411,0,,0,0,,0.03,0.81,21.19,[]
/dlsu/goks/cam,/dlsu/goks/cam,0.000000,67621.96664690971,0,,0,0,,0.05,1.57,25.15,[]
/dlsu/goks/cam,/dlsu/goks/cam,0.000000,67621.98027610779,0,,0,0,,0.03,1.01,25.07,[]
/dlsu/goks/cam,/dlsu/goks/cam,0.000000,0,0,,0,0,,0.01,0.00,22.80,[]
/dlsu/goks/cam,/dlsu/goks/cam,0.000000,67622.03477907181,0,,0,0,,0.03,0.69,24.05,[]
/dlsu/goks/cam,/dlsu/goks/cam,0.000000,67622.06621909142,0,,0,0,,0.03,0.79,24.81,[]
/dlsu/goks/cam,/dlsu/goks/cam,0.000000,67622.10333299637,0,,0,0,,0.03,0.89,20.42,[]
/dlsu/goks/cam,/dlsu/goks/cam,0.000000,67622.1484799385,0,,0,0,,0.04,0.89,21.11,[]
/dlsu/goks/cam,/dlsu/goks/cam,0.000000,67622.20431303978,0,,0,0,,0.03,0.71,20.38,[]
/dlsu/goks/cam,/dlsu/goks/cam,0.000000,67622.2714779377,0,,0,0,,0.05,1.62,20.63,[]
/dlsu/goks/cam,/dlsu/goks/cam,0.000000,0,0,,0,0,,0.01,0.00,25.10,[]
/dlsu/goks/cam,/dlsu/goks/cam,0.000000,67622.32495498657,0,,0,0,,0.04,1.23,23.01,[]
/dlsu/goks/cam,/dlsu/goks/cam,0.000000,67622.35019397736,0,,0,0,,0.02,0.63,21.56,[]
/dlsu/goks/cam,/dlsu/goks/cam,0.000000,67622.40079402924,0,,0,0,,0.04,1.65,23.30,[]
/dlsu/goks/cam,/dlsu/goks/cam,0.000000,0,0,,0,0,,0.01,0.00,23.94,[]
/dlsu/goks/cam,/dlsu/goks/cam,0.000000,67622.48531198502,0,,0,0,,0.04,1.09,21.69,[]
/dlsu/goks/cam,/dlsu/goks/cam,0.000000,67622.5115339756,0,,0,0,,0.05,1.04,25.16,[]
/dlsu/goks/cam,/dlsu/goks/cam,0.000000,67622.54380106926,0,,0,0,,0.09,0.80,21.63,[]
/dlsu/goks/cam,/dlsu/goks/cam,0.000000,67622.58673810959,0,,0,0,,0.06,1.91,23.30,[]
/dlsu/goks/cam,/dlsu/goks/cam,0.000000,0,0,,0,0,,0.01,0.00,24.14,[]
/dlsu/goks/cam,/dlsu/goks/cam,0.000000,67622.66114592552,0,,0,0,,0.07,0.81,21.48,[]
/dlsu/goks/cam,/dlsu/goks/cam,0.000000,67622.69299411774,0,,0,0,,0.02,0.82,22.48,[]
/dlsu/goks/cam,/dlsu/goks/cam,0.000000,67622.76364707947,0,,0,0,,0.10,1.66,25.08,[]
/dlsu/goks/cam,/dlsu/goks/cam,0.000000,67622.7835431099,0,,0,0,,0.03,0.40,25.10,[]
/dlsu/goks/cam,/dlsu/goks/cam,0.000000,0,0,,0,0,,0.01,0.00,25.09,[]
/dlsu/goks/cam,/dlsu/goks/cam,0.000000,67622.83338403702,0,,0,0,,0.03,0.85,24.30,[]
/dlsu/goks/cam,/dlsu/goks/cam,0.000000,67622.88632392883,0,,0,0,,0.04,0.93,22.42,[]
/dlsu/goks/cam,/dlsu/goks/cam,0.000000,67622.91706490517,0,,0,0,,0.08,0.85,25.02,[]
/dlsu/goks/cam,/dlsu/goks/cam,0.000000,67622.95875811577,0,,0,0,,0.03,0.97,21.69,[]
/dlsu/goks/cam,/dlsu/goks/cam,0.000000,67622.98974299431,0,,0,0,,0.04,0.89,23.74,[]
/dlsu/goks/cam,/dlsu/goks/cam,0.000000,67623.04579401016,0,,0,0,,0.04,0.87,21.53,[]
/dlsu/goks/cam,/dlsu/goks/cam,0.000000,67623.07506895065,0,,0,0,,0.02,2.46,25.10,[]
/dlsu/goks/cam,/dlsu/goks/cam,0.000000,67623.1784620285,0,,0,0,,0.07,1.54,20.76,[]
/dlsu/goks/cam,/dlsu/goks/cam,0.000000,0,0,,0,0,,0.01,0.00,24.36,[]
/dlsu/goks/cam,/dlsu/goks/cam,0.000000,67623.22663092613,0,,0,0,,0.04,1.15,22.88,[]
/dlsu/goks/cam,/dlsu/goks/cam,0.000000,67623.26460289955,0,,0,0,,0.04,0.87,20.67,[]
/dlsu/goks/cam,/dlsu/goks/cam,0.000000,67623.30998206139,0,,0,0,,0.04,0.87,21.40,[]
/dlsu/goks/cam,/dlsu/goks/cam,0.000000,67623.34618902206,0,,0,0,,0.02,0.68,21.17,[]
/dlsu/goks/cam,/dlsu/goks/cam,0.000000,67623.39372706413,0,,0,0,,0.13,1.80,21.57,[]
/dlsu/goks/cam,/dlsu/goks/cam,0.000000,67623.42381596565,0,,0,0,,0.02,0.83,24.07,[]
/dlsu/goks/cam,/dlsu/goks/cam,0.000000,0,0,,0,0,,0.00,0.00,24.54,[]
/dlsu/goks/cam,/dlsu/goks/cam,0.000000,67623.45791006088,0,,0,0,,0.03,1.00,25.15,[]
/dlsu/goks/cam,/dlsu/goks/cam,0.000000,67623.50379300117,0,,0,0,,0.04,1.05,20.36,[]
/dlsu/goks/cam,/dlsu/goks/cam,0.000000,67623.5451900959,0,,0,0,,0.03,0.96,20.87,[]
/dlsu/goks/cam,/dlsu/goks/cam,0.000000,67623.60485100746,0,,0,0,,0.03,0.83,20.70,[]
/dlsu/goks/cam,/dlsu/goks/cam,0.000000,67623.67555093765,0,,0,0,,0.04,1.72,23.26,[]
/dlsu/goks/cam,/dlsu/goks/cam,0.000000,0,0,,0,0,,0.01,0.00,24.59,[]
/dlsu/goks/cam,/dlsu/goks/cam,0.000000,67623.72708892822,0,,0,0,,0.04,0.96,25.18,[]
/dlsu/goks/cam,/dlsu/goks/cam,0.000000,67623.7961781025,0,,0,0,,0.07,1.75,25.09,[]
/dlsu/goks/cam,/dlsu/goks/cam,0.000000,0,0,,0,0,,0.01,0.00,25.13,[]
/dlsu/goks/cam,/dlsu/goks/cam,0.000000,67623.86804699898,0,,0,0,,0.05,0.72,25.19,[]
/dlsu/goks/cam,/dlsu/goks/cam,0.000000,0,0,,0,0,,0.00,0.00,21.22,[]
/dlsu/goks/cam,/dlsu/goks/cam,0.000000,67623.9011669159,0,,0,0,,0.06,0.85,23.21,[]
/dlsu/goks/cam,/dlsu/goks/cam,0.000000,67623.95384192467,0,,0,0,,0.04,1.14,25.20,[]
/dlsu/goks/cam,/dlsu/goks/cam,0.000000,67624.00091791153,0,,0,0,,0.03,0.77,23.97,[]
/dlsu/goks/cam,/dlsu/goks/cam,0.000000,67624.0448551178,0,,0,0,,0.03,0.64,21.68,[]
/dlsu/goks/cam,/dlsu/goks/cam,0.000000,67624.12713289261,0,,0,0,,0.06,2.00,21.35,[]
/dlsu/goks/cam,/dlsu/goks/cam,0.000000,0,0,,0,0,,0.00,0.00,23.14,[]
/dlsu/goks/cam,/dlsu/goks/cam,0.000000,67624.18255400658,0,,0,0,,0.07,0.77,25.13,[]
/dlsu/goks/cam,/dlsu/goks/cam,0.000000,67624.21358704567,0,,0,0,,0.07,1.33,25.13,[]
/dlsu/goks/cam,/dlsu/goks/cam,0.000000,67624.25426101685,0,,0,0,,0.04,0.89,21.42,[]
/dlsu/goks/cam,/dlsu/goks/cam,0.000000,67624.29845190048,0,,0,0,,0.05,1.31,25.07,[]
/dlsu/goks/cam,/dlsu/goks/cam,0.000000,67624.33700108528,0,,0,0,,0.04,1.06,20.40,[]
/dlsu/goks/cam,/dlsu/goks/cam,0.000000,67624.39025998116,0,,0,0,,0.03,0.86,22.43,[]
/dlsu/goks/cam,/dlsu/goks/cam,0.000000,67624.4413690567,0,,0,0,,0.03,0.88,24.10,[]
/dlsu/goks/cam,/dlsu/goks/cam,0.000000,67624.49466609955,0,,0,0,,0.04,0.70,22.12,[]
/dlsu/goks/cam,/dlsu/goks/cam,0.000000,67624.5795071125,0,,0,0,,0.05,0.80,25.19,[]
/dlsu/goks/cam,/dlsu/goks/cam,0.000000,67624.65316796303,0,,0,0,,0.04,0.76,21.33,[]
/dlsu/goks/cam,/dlsu/goks/cam,0.000000,67624.71389007568,0,,0,0,,0.04,0.81,21.45,[]
/dlsu/goks/cam,/dlsu/goks/cam,0.000000,67624.77772307396,0,,0,0,,0.09,1.59,20.38,[]
/dlsu/goks/cam,/dlsu/goks/cam,0.000000,0,0,,0,0,,0.00,0.00,20.30,[]
/dlsu/goks/cam,/dlsu/goks/cam,0.000000,67624.86222195625,0,,0,0,,0.06,1.73,25.23,[]
/dlsu/goks/cam,/dlsu/goks/cam,0.000000,0,0,,0,0,,0.00,0.00,25.09,[]
/dlsu/goks/cam,/dlsu/goks/cam,0.000000,67624.94738292694,0,,0,0,,0.07,1.72,20.81,[]
/dlsu/goks/cam,/dlsu/goks/cam,0.000000,0,0,,0,0,,0.01,0.00,25.09,[]
/dlsu/goks/cam,/dlsu/goks/cam,0.000000,67624.99011898041,0,,0,0,,0.04,0.79,24.98,[]
/dlsu/goks/cam,/dlsu/goks/cam,0.000000,67625.03826093674,0,,0,0,,0.03,0.85,25.15,[]
/dlsu/goks/cam,/dlsu/goks/cam,0.000000,67625.10053801537,0,,0,0,,0.04,1.28,25.14,[]
/dlsu/goks/cam,/dlsu/goks/cam,0.000000,0,0,,0,0,,0.00,0.00,25.11,[]
/dlsu/goks/cam,/dlsu/goks/cam,0.000000,67625.14678096771,0,,0,0,,0.04,1.40,25.18,[]
/dlsu/goks/cam,/dlsu/goks/cam,0.000000,0,0,,0,0,,0.00,0.00,25.09,[]
/dlsu/goks/cam,/dlsu/goks/cam,0.000000,67625.21072888374,0,,0,0,,0.03,0.85,20.67,[]
/dlsu/goks/cam,/dlsu/goks/cam,0.000000,67625.2629430294,0,,0,0,,0.03,0.87,22.27,[]
/dlsu/goks/cam,/dlsu/goks/cam,0.000000,67625.28902292252,0,,0,0,,0.03,1.51,25.12,[]
/dlsu/goks/cam,/dlsu/goks/cam,0.000000,67625.32839488983,0,,0,0,,0.03,0.83,21.54,[]
/dlsu/goks/cam,/dlsu/goks/cam,0.000000,67625.37119698524,0,,0,0,,0.04,1.60,22.96,[]
/dlsu/goks/cam,/dlsu/goks/cam,0.000000,0,0,,0,0,,0.01,0.00,25.54,[]
/dlsu/goks/cam,/dlsu/goks/cam,0.000000,67625.42472910881,0,,0,0,,0.08,17.22,27.33,[]
/dlsu/goks/cam,/dlsu/goks/cam,0.000000,67625.48531508446,0,,0,0,,0.07,6.43,37.56,[]
/dlsu/goks/cam,/dlsu/goks/cam,0.000000,67625.54644203186,0,,0,0,,0.03,0.77,23.65,[]
/dlsu/goks/cam,/dlsu/goks/cam,0.000000,67625.56794404984,0,,0,0,,0.03,0.71,24.86,[]
/dlsu/goks/cam,/dlsu/goks/cam,0.000000,0,0,,0,0,,0.01,0.00,24.07,[]
/dlsu/goks/cam,/dlsu/goks/cam,0.000000,67625.64412903786,0,,0,0,,0.13,1.48,20.40,[]
/dlsu/goks/cam,/dlsu/goks/cam,0.000000,0,0,,0,0,,0.00,0.00,24.30,[]
/dlsu/goks/cam,/dlsu/goks/cam,0.000000,67625.70019602776,0,,0,0,,0.04,0.69,25.49,[]
/dlsu/goks/cam,/dlsu/goks/cam,0.000000,67625.75791096687,0,,0,0,,0.04,1.17,25.10,[]
/dlsu/goks/cam,/dlsu/goks/cam,0.000000,67625.80199193954,0,,0,0,,0.03,1.00,21.67,[]
/dlsu/goks/cam,/dlsu/goks/cam,0.000000,67625.85099697113,0,,0,0,,0.04,1.53,22.59,[]
/dlsu/goks/cam,/dlsu/goks/cam,0.000000,0,0,,0,0,,0.01,0.00,24.13,[]
/dlsu/goks/cam,/dlsu/goks/cam,0.000000,67625.92601108551,0,,0,0,,0.03,1.13,23.23,[]
/dlsu/goks/cam,/dlsu/goks/cam,0.000000,67625.97987699509,0,,0,0,,0.07,1.50,20.55,[]
/dlsu/goks/cam,/dlsu/goks/cam,0.000000,0,0,,0,0,,0.00,0.00,22.56,[]
/dlsu/goks/cam,/dlsu/goks/cam,0.000000,67626.03024196625,0,,0,0,,0.05,1.48,25.30,[]
/dlsu/goks/cam,/dlsu/goks/cam,0.000000,67626.11047196388,0,,0,0,,0.06,0.94,24.72,[]
/dlsu/goks/cam,/dlsu/goks/cam,0.000000,67626.15936088562,0,,0,0,,0.03,0.73,25.19,[]
/dlsu/goks/cam,/dlsu/goks/cam,0.000000,67626.19826507568,0,,0,0,,0.06,1.36,21.54,[]
/dlsu/goks/cam,/dlsu/goks/cam,0.000000,0,0,,0,0,,0.00,0.00,20.74,[]
/dlsu/goks/cam,/dlsu/goks/cam,0.000000,67626.28087306023,0,,0,0,,0.17,2.12,20.60,[]
/dlsu/goks/cam,/dlsu/goks/cam,0.000000,0,0,,0,0,,0.01,0.00,24.78,[]
/dlsu/goks/cam,/dlsu/goks/cam,0.000000,67626.317456007,0,,0,0,,0.06,1.23,23.49,[]
/dlsu/goks/cam,/dlsu/goks/cam,0.000000,67626.35728788376,0,,0,0,,0.03,1.13,25.39,[]
/dlsu/goks/cam,/dlsu/goks/cam,0.000000,67626.43286800385,0,,0,0,,0.06,1.57,25.09,[]
/dlsu/goks/cam,/dlsu/goks/cam,0.000000,67626.4704940319,0,,0,0,,0.04,1.89,22.75,[]
/dlsu/goks/cam,/dlsu/goks/cam,0.000000,0,0,,0,0,,0.01,0.00,20.94,[]
/dlsu/goks/cam,/dlsu/goks/cam,0.000000,0,0,,0,0,,0.01,0.00,25.05,[]
/dlsu/goks/cam,/dlsu/goks/cam,0.000000,67626.51927495003,0,,0,0,,0.03,0.78,25.88,[]
/dlsu/goks/cam,/dlsu/goks/cam,0.000000,67626.5624821186,0,,0,0,,0.05,1.54,25.08,[]
/dlsu/goks/cam,/dlsu/goks/cam,0.000000,0,0,,0,0,,0.01,0.00,22.08,[]
/dlsu/goks/cam,/dlsu/goks/cam,0.000000,67626.60864496231,0,,0,0,,0.03,0.77,21.18,[]
/dlsu/goks/cam,/dlsu/goks/cam,0.000000,67626.64035201073,0,,0,0,,0.08,0.88,24.92,[]
/dlsu/goks/cam,/dlsu/goks/cam,0.000000,67626.7033419609,0,,0,0,,0.05,1.66,21.09,[]
/dlsu/goks/cam,/dlsu/goks/cam,0.000000,0,0,,0,0,,0.01,0.00,20.75,[]
/dlsu/goks/cam,/dlsu/goks/cam,0.000000,67626.76453208923,0,,0,0,,0.04,0.78,21.50,[]
/dlsu/goks/cam,/dlsu/goks/cam,0.000000,67626.7964990139,0,,0,0,,0.03,0.77,24.07,[]
/dlsu/goks/cam,/dlsu/goks/cam,0.000000,67626.9023399353,0,,0,0,,0.07,0.98,25.15,[]
/dlsu/goks/cam,/dlsu/goks/cam,0.000000,67626.95900011063,0,,0,0,,0.05,0.84,25.12,[]
/dlsu/goks/cam,/dlsu/goks/cam,0.000000,67627.00885295868,0,,0,0,,0.03,0.79,21.56,[]
/dlsu/goks/cam,/dlsu/goks/cam,0.000000,67627.08070802689,0,,0,0,,0.06,1.19,25.39,[]
/dlsu/goks/cam,/dlsu/goks/cam,0.000000,67627.11283707619,0,,0,0,,0.04,1.00,25.14,[]
/dlsu/goks/cam,/dlsu/goks/cam,0.000000,67627.16565608978,0,,0,0,,0.04,1.82,22.74,[]
/dlsu/goks/cam,/dlsu/goks/cam,0.000000,0,0,,0,0,,0.01,0.00,21.96,[]
/dlsu/goks/cam,/dlsu/goks/cam,0.000000,67627.20998311043,0,,0,0,,0.03,1.05,20.24,[]
/dlsu/goks/cam,/dlsu/goks/cam,0.000000,67627.26949191093,0,,0,0,,0.06,0.96,21.16,[]
/dlsu/goks/cam,/dlsu/goks/cam,0.000000,67627.30610489845,0,,0,0,,0.03,0.78,25.17,[]
/dlsu/goks/cam,/dlsu/goks/cam,0.000000,67627.4286980629,0,,0,0,,0.07,1.20,25.21,[]
/dlsu/goks/cam,/dlsu/goks/cam,0.000000,67627.46975302696,0,,0,0,,0.02,0.97,21.23,[]
/dlsu/goks/cam,/dlsu/goks/cam,0.000000,67627.52365493774,0,,0,0,,0.08,1.80,25.23,[]
/dlsu/goks/cam,/dlsu/goks/cam,0.000000,0,0,,0,0,,0.00,0.00,25.09,[]
/dlsu/goks/cam,/dlsu/goks/cam,0.000000,67627.60514092445,0,,0,0,,0.05,0.82,24.91,[]
/dlsu/goks/cam,/dlsu/goks/cam,0.000000,67627.6642370224,0,,0,0,,0.04,0.77,21.50,[]
/dlsu/goks/cam,/dlsu/goks/cam,0.000000,67627.69105410576,0,,0,0,,0.03,1.93,23.31,[]
/dlsu/goks/cam,/dlsu/goks/cam,0.000000,67627.73387289047,0,,0,0,,0.03,0.87,23.81,[]
/dlsu/goks/cam,/dlsu/goks/cam,0.000000,67627.78722500801,0,,0,0,,0.04,1.51,25.13,[]
/dlsu/goks/cam,/dlsu/goks/cam,0.000000,0,0,,0,0,,0.01,0.00,25.17,[]
/dlsu/goks/cam,/dlsu/goks/cam,0.000000,67627.85867905617,0,,0,0,,0.06,1.62,21.64,[]
/dlsu/goks/cam,/dlsu/goks/cam,0.000000,0,0,,0,0,,0.01,0.00,21.45,[]
/dlsu/goks/cam,/dlsu/goks/cam,0.000000,67627.90583395958,0,,0,0,,0.03,0.81,25.15,[]
/dlsu/goks/cam,/dlsu/goks/cam,0.000000,67627.9499809742,0,,0,0,,0.02,1.13,23.78,[]
/dlsu/goks/cam,/dlsu/goks/cam,0.000000,67627.99614405632,0,,0,0,,0.03,0.83,25.14,[]
/dlsu/goks/cam,/dlsu/goks/cam,0.000000,67628.07580590248,0,,0,0,,0.05,0.80,23.09,[]
/dlsu/goks/cam,/dlsu/goks/cam,0.000000,67628.10354804993,0,,0,0,,0.03,0.86,21.96,[]
/dlsu/goks/cam,/dlsu/goks/cam,0.000000,67628.16567897797,0,,0,0,,0.03,0.74,25.16,[]
/dlsu/goks/cam,/dlsu/goks/cam,0.000000,67628.21726703644,0,,0,0,,0.08,1.41,25.13,[]
/dlsu/goks/cam,/dlsu/goks/cam,0.000000,0,0,,0,0,,0.01,0.00,25.08,[]
/dlsu/goks/cam,/dlsu/goks/cam,0.000000,67628.3048350811,0,,0,0,,0.07,1.14,20.52,[]
/dlsu/goks/cam,/dlsu/goks/cam,0.000000,67628.45352506638,0,,0,0,,0.07,1.00,25.17,[]
/dlsu/goks/cam,/dlsu/goks/cam,0.000000,67628.49394607544,0,,0,0,,0.04,1.49,21.95,[]
/dlsu/goks/cam,/dlsu/goks/cam,0.000000,0,0,,0,0,,0.01,0.00,42.69,[]
/dlsu/goks/cam,/dlsu/goks/cam,0.000000,67628.56591010094,0,,0,0,,0.04,5.52,25.29,[]
/dlsu/goks/cam,/dlsu/goks/cam,0.000000,67628.63316893578,0,,0,0,,0.05,1.02,24.31,[]
/dlsu/goks/cam,/dlsu/goks/cam,0.000000,67628.69058299065,0,,0,0,,0.04,1.08,25.25,[]
/dlsu/goks/cam,/dlsu/goks/cam,0.000000,67628.72426509857,0,,0,0,,0.05,1.00,24.65,[]
/dlsu/goks/cam,/dlsu/goks/cam,0.000000,67628.79125094414,0,,0,0,,0.05,1.63,25.09,[]
/dlsu/goks/cam,/dlsu/goks/cam,0.000000,0,0,,0,0,,0.01,0.00,25.08,[]
/dlsu/goks/cam,/dlsu/goks/cam,0.000000,67628.89786100388,0,,0,0,,0.06,1.97,24.55,[]
/dlsu/goks/cam,/dlsu/goks/cam,0.000000,0,0,,0,0,,0.00,0.00,25.10,[]
/dlsu/goks/cam,/dlsu/goks/cam,0.000000,67628.96863508224,0,,0,0,,0.05,0.78,25.15,[]
/dlsu/goks/cam,/dlsu/goks/cam,0.000000,67629.04268503189,0,,0,0,,0.06,1.69,25.12,[]
/dlsu/goks/cam,/dlsu/goks/cam,0.000000,0,0,,0,0,,0.02,0.00,23.68,[]
/dlsu/goks/cam,/dlsu/goks/cam,0.000000,67629.09033608437,0,,0,0,,0.04,1.32,25.16,[]
/dlsu/goks/cam,/dlsu/goks/cam,0.000000,67629.12161397934,0,,0,0,,0.03,0.79,25.07,[]
/dlsu/goks/cam,/dlsu/goks/cam,0.000000,67629.15639901161,0,,0,0,,0.05,1.08,25.74,[]
/dlsu/goks/cam,/dlsu/goks/cam,0.000000,0,0,,0,0,,0.01,0.00,25.10,[]
/dlsu/goks/cam,/dlsu/goks/cam,0.000000,67629.22393894196,0,,0,0,,0.04,0.83,24.68,[]
/dlsu/goks/cam,/dlsu/goks/cam,0.000000,67629.2840950489,0,,0,0,,0.04,0.79,21.89,[]
/dlsu/goks/cam,/dlsu/goks/cam,0.000000,67629.33516597748,0,,0,0,,0.05,1.01,20.55,[]
/dlsu/goks/cam,/dlsu/goks/cam,0.000000,67629.375207901,0,,0,0,,0.04,0.79,23.61,[]
/dlsu/goks/cam,/dlsu/goks/cam,0.000000,67629.40530395508,0,,0,0,,0.04,0.85,21.64,[]
/dlsu/goks/cam,/dlsu/goks/cam,0.000000,67629.43308091164,0,,0,0,,0.03,0.70,24.20,[]
/dlsu/goks/cam,/dlsu/goks/cam,0.000000,67629.50759601593,0,,0,0,,0.05,1.14,24.48,[]
/dlsu/goks/cam,/dlsu/goks/cam,0.000000,0,0,,0,0,,0.01,0.00,23.33,[]
/dlsu/goks/cam,/dlsu/goks/cam,0.000000,67629.55125188828,0,,0,0,,0.14,1.52,21.93,[]
/dlsu/goks/cam,/dlsu/goks/cam,0.000000,0,0,,0,0,,0.01,0.00,25.10,[]
/dlsu/goks/cam,/dlsu/goks/cam,0.000000,67629.6274240017,0,,0,0,,0.13,0.90,20.69,[]
/dlsu/goks/cam,/dlsu/goks/cam,0.000000,67629.72209501266,0,,0,0,,0.07,1.76,24.21,[]
/dlsu/goks/cam,/dlsu/goks/cam,0.000000,0,0,,0,0,,0.00,0.00,23.39,[]
/dlsu/goks/cam,/dlsu/goks/cam,0.000000,67629.78811311722,0,,0,0,,0.09,1.62,21.91,[]
/dlsu/goks/cam,/dlsu/goks/cam,0.000000,0,0,,0,0,,0.00,0.00,25.08,[]
/dlsu/goks/cam,/dlsu/goks/cam,0.000000,67629.82520890236,0,,0,0,,0.02,0.76,25.12,[]
/dlsu/goks/cam,/dlsu/goks/cam,0.000000,67629.87860608101,0,,0,0,,0.03,0.69,25.18,[]
/dlsu/goks/cam,/dlsu/goks/cam,0.000000,67629.93427205086,0,,0,0,,0.04,1.72,22.07,[]
/dlsu/goks/cam,/dlsu/goks/cam,0.000000,0,0,,0,0,,0.00,0.00,22.05,[]
/dlsu/goks/cam,/dlsu/goks/cam,0.000000,67629.97764205933,0,,0,0,,0.03,0.97,25.15,[]
/dlsu/goks/cam,/dlsu/goks/cam,0.000000,67630.03525900841,0,,0,0,,0.04,0.81,25.16,[]
/dlsu/goks/cam,/dlsu/goks/cam,0.000000,67630.08621311188,0,,0,0,,0.04,0.80,21.53,[]
/dlsu/goks/cam,/dlsu/goks/cam,0.000000,67630.11810207367,0,,0,0,,0.02,0.81,23.25,[]
/dlsu/goks/cam,/dlsu/goks/cam,0.000000,67630.16521906853,0,,0,0,,0.05,0.88,25.21,[]
/dlsu/goks/cam,/dlsu/goks/cam,0.000000,67630.22518801689,0,,0,0,,0.05,0.94,25.15,[]
/dlsu/goks/cam,/dlsu/goks/cam,0.000000,67630.25666189194,0,,0,0,,0.06,0.83,25.18,[]
/dlsu/goks/cam,/dlsu/goks/cam,0.000000,67630.30191993713,0,,0,0,,0.04,0.77,22.53,[]
/dlsu/goks/cam,/dlsu/goks/cam,0.000000,67630.36029911041,0,,0,0,,0.04,0.87,21.90,[]
/dlsu/goks/cam,/dlsu/goks/cam,0.000000,67630.39090394974,0,,0,0,,0.05,0.75,25.14,[]
/dlsu/goks/cam,/dlsu/goks/cam,0.000000,67630.49115204811,0,,0,0,,0.07,1.43,20.96,[]
/dlsu/goks/cam,/dlsu/goks/cam,0.000000,0,0,,0,0,,0.01,0.00,25.05,[]
/dlsu/goks/cam,/dlsu/goks/cam,0.000000,67630.54920506477,0,,0,0,,0.04,1.32,24.15,[]
/dlsu/goks/cam,/dlsu/goks/cam,0.000000,67630.58144497871,0,,0,0,,0.04,0.85,25.07,[]
/dlsu/goks/cam,/dlsu/goks/cam,0.000000,67630.59394001961,0,,0,0,,0.02,0.93,25.09,[]
/dlsu/goks/cam,/dlsu/goks/cam,0.000000,67630.62216091156,0,,0,0,,0.02,0.70,24.84,[]
/dlsu/goks/cam,/dlsu/goks/cam,0.000000,0,0,,0,0,,0.01,0.00,23.44,[]
/dlsu/goks/cam,/dlsu/goks/cam,0.000000,67630.67946505547,0,,0,0,,0.03,0.92,25.16,[]
/dlsu/goks/cam,/dlsu/goks/cam,0.000000,67630.71578598022,0,,0,0,,0.03,1.04,24.99,[]
/dlsu/goks/cam,/dlsu/goks/cam,0.000000,67630.78297305107,0,,0,0,,0.05,1.74,23.65,[]
/dlsu/goks/cam,/dlsu/goks/cam,0.000000,67630.81469798088,0,,0,0,,0.02,0.74,23.35,[]
/dlsu/goks/cam,/dlsu/goks/cam,0.000000,0,0,,0,0,,0.00,0.00,25.07,[]
/dlsu/goks/cam,/dlsu/goks/cam,0.000000,67630.89955997467,0,,0,0,,0.06,1.51,21.37,[]
/dlsu/goks/cam,/dlsu/goks/cam,0.000000,0,0,,0,0,,0.01,0.00,21.59,[]
/dlsu/goks/cam,/dlsu/goks/cam,0.000000,67630.94197797775,0,,0,0,,0.06,1.02,22.85,[]
/dlsu/goks/cam,/dlsu/goks/cam,0.000000,67630.9988219738,0,,0,0,,0.03,1.20,23.96,[]
/dlsu/goks/cam,/dlsu/goks/cam,0.000000,67631.0303030014,0,,0,0,,0.02,0.82,21.52,[]
/dlsu/goks/cam,/dlsu/goks/cam,0.000000,67631.06389093399,0,,0,0,,0.03,0.89,25.15,[]
/dlsu/goks/cam,/dlsu/goks/cam,0.000000,67631.11338305473,0,,0,0,,0.03,0.93,25.14,[]
/dlsu/goks/cam,/dlsu/goks/cam,0.000000,67631.14512395859,0,,0,0,,0.06,0.78,24.40,[]
/dlsu/goks/cam,/dlsu/goks/cam,0.000000,67631.17871809006,0,,0,0,,0.04,0.75,20.85,[]
/dlsu/goks/cam,/dlsu/goks/cam,0.000000,67631.23051190376,0,,0,0,,0.04,1.09,25.18,[]
/dlsu/goks/cam,/dlsu/goks/cam,0.000000,0,0,,0,0,,0.01,0.00,22.38,[]
/dlsu/goks/cam,/dlsu/goks/cam,0.000000,67631.28319191933,0,,0,0,,0.04,1.16,25.15,[]
/dlsu/goks/cam,/dlsu/goks/cam,0.000000,67631.3463048935,0,,0,0,,0.03,1.13,22.15,[]
/dlsu/goks/cam,/dlsu/goks/cam,0.000000,67631.38715004921,0,,0,0,,0.03,1.03,25.45,[]
/dlsu/goks/cam,/dlsu/goks/cam,0.000000,67631.45560693741,0,,0,0,,0.04,0.76,24.42,[]
/dlsu/goks/cam,/dlsu/goks/cam,0.000000,67631.49223089218,0,,0,0,,0.02,0.40,25.79,[]
/dlsu/goks/cam,/dlsu/goks/cam,0.000000,67631.55215406418,0,,0,0,,0.07,1.00,24.17,[]
/dlsu/goks/cam,/dlsu/goks/cam,0.000000,67631.58079504967,0,,0,0,,0.03,0.87,25.08,[]
/dlsu/goks/cam,/dlsu/goks/cam,0.000000,67631.61247396469,0,,0,0,,0.04,0.76,25.06,[]
/dlsu/goks/cam,/dlsu/goks/cam,0.000000,67631.68121504784,0,,0,0,,0.06,1.90,21.36,[]
/dlsu/goks/cam,/dlsu/goks/cam,0.000000,0,0,,0,0,,0.00,0.00,24.29,[]
/dlsu/goks/cam,/dlsu/goks/cam,0.000000,67631.71851301193,0,,0,0,,0.03,0.80,22.51,[]
/dlsu/goks/cam,/dlsu/goks/cam,0.000000,67631.77364397049,0,,0,0,,0.03,0.73,25.16,[]
/dlsu/goks/cam,/dlsu/goks/cam,0.000000,67631.85664510727,0,,0,0,,0.03,0.79,25.13,[]
/dlsu/goks/cam,/dlsu/goks/cam,0.000000,67631.88803291321,0,,0,0,,0.21,0.91,25.03,[]
/dlsu/goks/cam,/dlsu/goks/cam,0.000000,67631.91940402985,0,,0,0,,0.03,1.07,21.39,[]
/dlsu/goks/cam,/dlsu/goks/cam,0.000000,67631.95040392876,0,,0,0,,0.02,0.78,23.07,[]
/dlsu/goks/cam,/dlsu/goks/cam,0.000000,67631.9816300869,0,,0,0,,0.03,0.79,21.48,[]
/dlsu/goks/cam,/dlsu/goks/cam,0.000000,67632.03460001945,0,,0,0,,0.03,0.42,21.14,[]
/dlsu/goks/cam,/dlsu/goks/cam,0.000000,67632.06136202812,0,,0,0,,0.14,0.92,20.85,[]
/dlsu/goks/cam,/dlsu/goks/cam,0.000000,67632.09251999855,0,,0,0,,0.02,0.78,23.02,[]
/dlsu/goks/cam,/dlsu/goks/cam,0.000000,67632.17518496513,0,,0,0,,0.08,1.67,23.72,[]
/dlsu/goks/cam,/dlsu/goks/cam,0.000000,67632.20719790459,0,,0,0,,0.06,0.69,24.41,[]
/dlsu/goks/cam,/dlsu/goks/cam,0.000000,0,0,,0,0,,0.00,0.00,25.07,[]
/dlsu/goks/cam,/dlsu/goks/cam,0.000000,67632.25961899757,0,,0,0,,0.06,1.65,25.35,[]
/dlsu/goks/cam,/dlsu/goks/cam,0.000000,67632.29650211334,0,,0,0,,0.03,0.82,20.33,[]
/dlsu/goks/cam,/dlsu/goks/cam,0.000000,67632.34019708633,0,,0,0,,0.03,1.12,20.94,[]
/dlsu/goks/cam,/dlsu/goks/cam,0.000000,67632.38523411751,0,,0,0,,0.07,0.93,25.13,[]
/dlsu/goks/cam,/dlsu/goks/cam,0.000000,67632.43601799011,0,,0,0,,0.04,1.24,21.42,[]
/dlsu/goks/cam,/dlsu/goks/cam,0.000000,0,0,,0,0,,0.00,0.00,20.83,[]
/dlsu/goks/cam,/dlsu/goks/cam,0.000000,67632.52460503578,0,,0,0,,0.04,1.08,23.75,[]
/dlsu/goks/cam,/dlsu/goks/cam,0.000000,67632.57963895798,0,,0,0,,0.16,1.98,25.12,[]
/dlsu/goks/cam,/dlsu/goks/cam,0.000000,0,0,,0,0,,0.01,0.00,20.93,[]
/dlsu/goks/cam,/dlsu/goks/cam,0.000000,67632.62908411026,0,,0,0,,0.03,0.85,21.38,[]
/dlsu/goks/cam,/dlsu/goks/cam,0.000000,67632.68581008911,0,,0,0,,0.06,0.70,25.22,[]
/dlsu/goks/cam,/dlsu/goks/cam,0.000000,67632.71374511719,0,,0,0,,0.03,0.70,24.26,[]
/dlsu/goks/cam,/dlsu/goks/cam,0.000000,67632.77052307129,0,,0,0,,0.05,0.98,23.23,[]
/dlsu/goks/cam,/dlsu/goks/cam,0.000000,67632.81070399284,0,,0,0,,0.04,1.37,21.40,[]
/dlsu/goks/cam,/dlsu/goks/cam,0.000000,67632.84969091415,0,,0,0,,0.06,0.89,25.17,[]
/dlsu/goks/cam,/dlsu/goks/cam,0.000000,67632.88381409645,0,,0,0,,0.06,1.04,22.97,[]
/dlsu/goks/cam,/dlsu/goks/cam,0.000000,67632.93917894363,0,,0,0,,0.03,0.78,25.07,[]
/dlsu/goks/cam,/dlsu/goks/cam,0.000000,67632.98410511017,0,,0,0,,0.03,0.71,25.16,[]
/dlsu/goks/cam,/dlsu/goks/cam,0.000000,67633.0811510086,0,,0,0,,0.06,1.61,20.56,[]
/dlsu/goks/cam,/dlsu/goks/cam,0.000000,0,0,,0,0,,0.00,0.00,22.24,[]
/dlsu/goks/cam,/dlsu/goks/cam,0.000000,67633.1243429184,0,,0,0,,0.03,0.93,25.36,[]
/dlsu/goks/cam,/dlsu/goks/cam,0.000000,67633.16114997864,0,,0,0,,0.11,1.01,20.99,[]
/dlsu/goks/cam,/dlsu/goks/cam,0.000000,67633.19252800941,0,,0,0,,0.03,0.87,23.07,[]
/dlsu/goks/cam,/dlsu/goks/cam,0.000000,67633.27591109276,0,,0,0,,0.04,1.07,25.82,[]
/dlsu/goks/cam,/dlsu/goks/cam,0.000000,67633.31912493706,0,,0,0,,0.05,1.49,22.57,[]
/dlsu/goks/cam,/dlsu/goks/cam,0.000000,0,0,,0,0,,0.00,0.00,22.84,[]
/dlsu/goks/cam,/dlsu/goks/cam,0.000000,67633.3521130085,0,,0,0,,0.03,0.80,21.35,[]
/dlsu/goks/cam,/dlsu/goks/cam,0.000000,67633.44175195694,0,,0,0,,0.07,1.67,21.33,[]
/dlsu/goks/cam,/dlsu/goks/cam,0.000000,0,0,,0,0,,0.01,0.00,22.20,[]
/dlsu/goks/cam,/dlsu/goks/cam,0.000000,67633.5071349144,0,,0,0,,0.05,1.49,21.82,[]
/dlsu/goks/cam,/dlsu/goks/cam,0.000000,0,0,,0,0,,0.00,0.00,25.12,[]
/dlsu/goks/cam,/dlsu/goks/cam,0.000000,67633.56085395813,0,,0,0,,0.06,1.24,21.33,[]
/dlsu/goks/cam,/dlsu/goks/cam,0.000000,0,0,,0,0,,0.00,0.00,25.09,[]
/dlsu/goks/cam,/dlsu/goks/cam,0.000000,67633.62689805031,0,,0,0,,0.03,0.98,21.67,[]
/dlsu/goks/cam,/dlsu/goks/cam,0.000000,67633.669713974,0,,0,0,,0.03,0.77,25.12,[]
/dlsu/goks/cam,/dlsu/goks/cam,0.000000,67633.72139811516,0,,0,0,,0.05,0.85,21.92,[]
/dlsu/goks/cam,/dlsu/goks/cam,0.000000,67633.75828099251,0,,0,0,,0.03,0.68,25.14,[]
/dlsu/goks/cam,/dlsu/goks/cam,0.000000,67633.81430697441,0,,0,0,,0.03,1.10,25.16,[]
/dlsu/goks/cam,/dlsu/goks/cam,0.000000,67633.84954595566,0,,0,0,,0.02,0.63,24.01,[]
/dlsu/goks/cam,/dlsu/goks/cam,0.000000,67633.88092589378,0,,0,0,,0.02,0.84,27.12,[]
/dlsu/goks/cam,/dlsu/goks/cam,0.000000,67633.94669008255,0,,0,0,,0.15,1.25,21.65,[]
/dlsu/goks/cam,/dlsu/goks/cam,0.000000,67633.99910998344,0,,0,0,,0.02,0.71,25.09,[]
/dlsu/goks/cam,/dlsu/goks/cam,0.000000,67634.02767205238,0,,0,0,,0.03,0.98,25.12,[]
/dlsu/goks/cam,/dlsu/goks/cam,0.000000,67634.0568010807,0,,0,0,,0.04,0.86,25.08,[]
/dlsu/goks/cam,/dlsu/goks/cam,0.000000,67634.1041560173,0,,0,0,,0.04,0.77,21.58,[]
/dlsu/goks/cam,/dlsu/goks/cam,0.000000,67634.13919305801,0,,0,0,,0.02,0.71,20.99,[]
/dlsu/goks/cam,/dlsu/goks/cam,0.000000,67634.18550300598,0,,0,0,,0.04,0.85,25.03,[]
/dlsu/goks/cam,/dlsu/goks/cam,0.000000,67634.25577497482,0,,0,0,,0.04,1.16,21.66,[]
/dlsu/goks/cam,/dlsu/goks/cam,0.000000,67634.31930398941,0,,0,0,,0.04,0.89,25.17,[]
/dlsu/goks/cam,/dlsu/goks/cam,0.000000,67634.3794119358,0,,0,0,,0.05,0.76,22.65,[]
/dlsu/goks/cam,/dlsu/goks/cam,0.000000,67634.4324169159,0,,0,0,,0.03,0.94,25.18,[]
/dlsu/goks/cam,/dlsu/goks/cam,0.000000,67634.47924995422,0,,0,0,,0.03,0.92,25.16,[]
/dlsu/goks/cam,/dlsu/goks/cam,0.000000,67634.52626895905,0,,0,0,,0.12,1.82,20.50,[]
/dlsu/goks/cam,/dlsu/goks/cam,0.000000,0,0,,0,0,,0.00,0.00,25.11,[]
/dlsu/goks/cam,/dlsu/goks/cam,0.000000,67634.58486795425,0,,0,0,,0.04,1.04,23.25,[]
/dlsu/goks/cam,/dlsu/goks/cam,0.000000,67634.62807011604,0,,0,0,,0.04,0.78,25.14,[]
/dlsu/goks/cam,/dlsu/goks/cam,0.000000,67634.66715097427,0,,0,0,,0.03,0.80,21.83,[]
/dlsu/goks/cam,/dlsu/goks/cam,0.000000,67634.6962800026,0,,0,0,,0.03,0.81,25.12,[]
/dlsu/goks/cam,/dlsu/goks/cam,0.000000,67634.76130795479,0,,0,0,,0.05,1.91,20.80,[]
/dlsu/goks/cam,/dlsu/goks/cam,0.000000,0,0,,0,0,,0.00,0.00,25.09,[]
/dlsu/goks/cam,/dlsu/goks/cam,0.000000,67634.81741809845,0,,0,0,,0.04,0.81,25.14,[]
/dlsu/goks/cam,/dlsu/goks/cam,0.000000,67634.86955404282,0,,0,0,,0.10,1.13,20.82,[]
/dlsu/goks/cam,/dlsu/goks/cam,0.000000,67634.90124797821,0,,0,0,,0.06,0.94,25.07,[]
/dlsu/goks/cam,/dlsu/goks/cam,0.000000,67634.97816991806,0,,0,0,,0.04,0.88,25.09,[]
/dlsu/goks/cam,/dlsu/goks/cam,0.000000,67635.03312706947,0,,0,0,,0.02,0.93,24.37,[]
/dlsu/goks/cam,/dlsu/goks/cam,0.000000,67635.06567311287,0,,0,0,,0.04,1.24,25.28,[]
/dlsu/goks/cam,/dlsu/goks/cam,0.000000,67635.12091588974,0,,0,0,,0.04,0.89,25.17,[]
/dlsu/goks/cam,/dlsu/goks/cam,0.000000,67635.18745398521,0,,0,0,,0.05,1.38,23.25,[]
/dlsu/goks/cam,/dlsu/goks/cam,0.000000,0,0,,0,0,,0.00,0.00,22.23,[]
/dlsu/goks/cam,/dlsu/goks/cam,0.000000,67635.27833604813,0,,0,0,,0.07,1.39,25.36,[]
/dlsu/goks/cam,/dlsu/goks/cam,0.000000,0,0,,0,0,,0.01,0.00,22.91,[]
/dlsu/goks/cam,/dlsu/goks/cam,0.000000,67635.32362008095,0,,0,0,,0.06,0.77,25.86,[]
/dlsu/goks/cam,/dlsu/goks/cam,0.000000,0,0,,0,0,,0.03,0.00,25.00,[]
/dlsu/goks/cam,/dlsu/goks/cam,0.000000,67635.38775992393,0,,0,0,,0.03,1.01,25.19,[]
/dlsu/goks/cam,/dlsu/goks/cam,0.000000,67635.46691298485,0,,0,0,,0.03,1.05,22.61,[]
/dlsu/goks/cam,/dlsu/goks/cam,0.000000,67635.6229789257,0,,0,0,,0.09,1.34,25.24,[]
/dlsu/goks/cam,/dlsu/goks/cam,0.000000,67635.65821099281,0,,0,0,,0.02,0.92,25.08,[]
/dlsu/goks/cam,/dlsu/goks/cam,0.000000,67635.70184707642,0,,0,0,,0.03,0.75,20.45,[]
/dlsu/goks/cam,/dlsu/goks/cam,0.000000,67635.73718500137,0,,0,0,,0.02,0.89,23.44,[]
/dlsu/goks/cam,/dlsu/goks/cam,0.000000,67635.76296806335,0,,0,0,,0.02,1.00,22.91,[]
/dlsu/goks/cam,/dlsu/goks/cam,0.000000,67635.82520604134,0,,0,0,,0.04,0.99,24.15,[]
/dlsu/goks/cam,/dlsu/goks/cam,0.000000,67635.87225294113,0,,0,0,,0.04,0.88,25.21,[]
/dlsu/goks/cam,/dlsu/goks/cam,0.000000,67635.95955705643,0,,0,0,,0.11,0.84,23.89,[]
/dlsu/goks/cam,/dlsu/goks/cam,0.000000,67636.0086209774,0,,0,0,,0.05,1.47,20.98,[]
/dlsu/goks/cam,/dlsu/goks/cam,0.000000,0,0,,0,0,,0.00,0.00,25.07,[]
/dlsu/goks/cam,/dlsu/goks/cam,0.000000,67636.058314085,0,,0,0,,0.03,1.12,21.13,[]
/dlsu/goks/cam,/dlsu/goks/cam,0.000000,67636.09966611862,0,,0,0,,0.03,0.84,25.12,[]
/dlsu/goks/cam,/dlsu/goks/cam,0.000000,67636.1724190712,0,,0,0,,0.04,1.67,22.05,[]
/dlsu/goks/cam,/dlsu/goks/cam,0.000000,0,0,,0,0,,0.00,0.00,22.99,[]
/dlsu/goks/cam,/dlsu/goks/cam,0.000000,67636.26350808144,0,,0,0,,0.06,1.89,22.97,[]
/dlsu/goks/cam,/dlsu/goks/cam,0.000000,67636.28406691551,0,,0,0,,0.02,0.61,20.61,[]
/dlsu/goks/cam,/dlsu/goks/cam,0.000000,0,0,,0,0,,0.00,0.00,25.11,[]
/dlsu/goks/cam,/dlsu/goks/cam,0.000000,67636.36357188225,0,,0,0,,0.04,1.13,25.15,[]
/dlsu/goks/cam,/dlsu/goks/cam,0.000000,67636.43597793579,0,,0,0,,0.04,0.85,21.10,[]
/dlsu/goks/cam,/dlsu/goks/cam,0.000000,67636.48461699486,0,,0,0,,0.03,0.78,25.14,[]
/dlsu/goks/cam,/dlsu/goks/cam,0.000000,67636.54983711243,0,,0,0,,0.04,0.91,24.56,[]
/dlsu/goks/cam,/dlsu/goks/cam,0.000000,67636.68313288689,0,,0,0,,0.06,0.86,23.69,[]
/dlsu/goks/cam,/dlsu/goks/cam,0.000000,67636.72188901901,0,,0,0,,0.03,1.10,20.20,[]
/dlsu/goks/cam,/dlsu/goks/cam,0.000000,67636.76702809334,0,,0,0,,0.03,0.99,23.87,[]
/dlsu/goks/cam,/dlsu/goks/cam,0.000000,67636.85980391502,0,,0,0,,0.06,0.51,21.00,[]
/dlsu/goks/cam,/dlsu/goks/cam,0.000000,0,0,,0,0,,0.00,0.00,21.68,[]
/dlsu/goks/cam,/dlsu/goks/cam,0.000000,67636.94684696198,0,,0,0,,0.08,1.47,21.11,[]
/dlsu/goks/cam,/dlsu/goks/cam,0.000000,0,0,,0,0,,0.00,0.00,22.77,[]
/dlsu/goks/cam,/dlsu/goks/cam,0.000000,67636.99718093872,0,,0,0,,0.03,0.78,21.79,[]
/dlsu/goks/cam,/dlsu/goks/cam,0.000000,67637.06554794312,0,,0,0,,0.05,1.63,25.19,[]
/dlsu/goks/cam,/dlsu/goks/cam,0.000000,0,0,,0,0,,0.01,0.00,25.11,[]
/dlsu/goks/cam,/dlsu/goks/cam,0.000000,67637.11515498161,0,,0,0,,0.04,0.79,25.15,[]
/dlsu/goks/cam,/dlsu/goks/cam,0.000000,67637.16689705849,0,,0,0,,0.05,2.17,25.07,[]
/dlsu/goks/cam,/dlsu/goks/cam,0.000000,0,0,,0,0,,0.01,0.00,20.92,[]
/dlsu/goks/cam,/dlsu/goks/cam,0.000000,67637.29963493347,0,,0,0,,0.06,1.63,24.36,[]
/dlsu/goks/cam,/dlsu/goks/cam,0.000000,67637.33171796799,0,,0,0,,0.02,0.67,24.25,[]
/dlsu/goks/cam,/dlsu/goks/cam,0.000000,0,0,,0,0,,0.01,0.00,22.87,[]
/dlsu/goks/cam,/dlsu/goks/cam,0.000000,67637.38318300247,0,,0,0,,0.05,1.96,21.32,[]
/dlsu/goks/cam,/dlsu/goks/cam,0.000000,0,0,,0,0,,0.01,0.00,25.09,[]
/dlsu/goks/cam,/dlsu/goks/cam,0.000000,67637.44699692726,0,,0,0,,0.03,0.72,25.14,[]
/dlsu/goks/cam,/dlsu/goks/cam,0.000000,67637.50535106659,0,,0,0,,0.03,0.79,25.14,[]
/dlsu/goks/cam,/dlsu/goks/cam,0.000000,67637.58759903908,0,,0,0,,0.06,1.91,24.22,[]
/dlsu/goks/cam,/dlsu/goks/cam,0.000000,0,0,,0,0,,0.01,0.00,25.14,[]
/dlsu/goks/cam,/dlsu/goks/cam,0.000000,67637.7077600956,0,,0,0,,0.05,0.94,25.37,[]
/dlsu/goks/cam,/dlsu/goks/cam,0.000000,67637.78465890884,0,,0,0,,0.04,1.09,22.47,[]
/dlsu/goks/cam,/dlsu/goks/cam,0.000000,67637.85649490356,0,,0,0,,0.05,1.33,25.20,[]
/dlsu/goks/cam,/dlsu/goks/cam,0.000000,0,0,,0,0,,0.00,0.00,25.08,[]
/dlsu/goks/cam,/dlsu/goks/cam,0.000000,67637.90992093086,0,,0,0,,0.04,0.80,24.56,[]
/dlsu/goks/cam,/dlsu/goks/cam,0.000000,67644.66807699203,0,,0,0,,1.00,7.21,23.36,[]
/dlsu/goks/cam,/dlsu/goks/cam,0.000000,67644.69735789299,0,,0,0,,0.03,0.78,21.29,[]
/dlsu/goks/cam,/dlsu/goks/cam,0.000000,67644.72460508347,0,,0,0,,0.05,0.00,21.04,[]
/dlsu/goks/cam,/dlsu/goks/cam,0.000000,0,0,,0,0,,0.01,1.18,25.10,[]
/dlsu/goks/cam,/dlsu/goks/cam,0.000000,67644.75661492348,0,,0,0,,0.03,1.11,20.64,[]
/dlsu/goks/cam,/dlsu/goks/cam,0.000000,67644.82589006424,0,,0,0,,0.08,1.28,25.16,[]
/dlsu/goks/cam,/dlsu/goks/cam,0.000000,67644.91550207138,0,,0,0,,0.05,1.20,25.48,[]
/dlsu/goks/cam,/dlsu/goks/cam,0.000000,67644.99070000648,0,,0,0,,0.06,1.18,25.03,[]
/dlsu/goks/cam,/dlsu/goks/cam,0.000000,67645.03222894669,0,,0,0,,0.03,0.79,22.06,[]
/dlsu/goks/cam,/dlsu/goks/cam,0.000000,0,0,,0,0,,0.01,0.00,25.09,[]
/dlsu/goks/cam,/dlsu/goks/cam,0.000000,67645.10580301285,0,,0,0,,0.07,1.45,25.17,[]
/dlsu/goks/cam,/dlsu/goks/cam,0.000000,0,0,,0,0,,0.01,0.00,21.09,[]
/dlsu/goks/cam,/dlsu/goks/cam,0.000000,67645.16078901291,0,,0,0,,0.06,1.02,22.26,[]
/dlsu/goks/cam,/dlsu/goks/cam,0.000000,67645.24267792702,0,,0,0,,0.05,0.85,25.33,[]
/dlsu/goks/cam,/dlsu/goks/cam,0.000000,67645.33845305443,0,,0,0,,0.08,1.69,20.84,[]
/dlsu/goks/cam,/dlsu/goks/cam,0.000000,0,0,,0,0,,0.01,0.00,25.24,[]
/dlsu/goks/cam,/dlsu/goks/cam,0.000000,67645.39274096489,0,,0,0,,0.07,1.97,23.30,[]
/dlsu/goks/cam,/dlsu/goks/cam,0.000000,67645.42400097847,0,,0,0,,0.06,0.80,21.13,[]
/dlsu/goks/cam,/dlsu/goks/cam,0.000000,0,0,,0,0,,0.00,0.00,25.06,[]
/dlsu/goks/cam,/dlsu/goks/cam,0.000000,0,0,,0,0,,0.01,0.00,22.63,[]
/dlsu/goks/cam,/dlsu/goks/cam,0.000000,67645.4879860878,0,,0,0,,0.05,0.87,21.24,[]
/dlsu/goks/cam,/dlsu/goks/cam,0.000000,67645.52872490883,0,,0,0,,0.03,0.89,25.17,[]
/dlsu/goks/cam,/dlsu/goks/cam,0.000000,67645.59296107292,0,,0,0,,0.04,0.89,25.18,[]
/dlsu/goks/cam,/dlsu/goks/cam,0.000000,67645.63184690475,0,,0,0,,0.03,0.88,25.24,[]
/dlsu/goks/cam,/dlsu/goks/cam,0.000000,67645.68045091629,0,,0,0,,0.04,0.89,21.36,[]
/dlsu/goks/cam,/dlsu/goks/cam,0.000000,67645.72301101685,0,,0,0,,0.04,1.05,22.02,[]
/dlsu/goks/cam,/dlsu/goks/cam,0.000000,67645.78384494781,0,,0,0,,0.06,1.10,25.75,[]
/dlsu/goks/cam,/dlsu/goks/cam,0.000000,67645.81496310234,0,,0,0,,0.03,0.67,23.53,[]
/dlsu/goks/cam,/dlsu/goks/cam,0.000000,0,0,,0,0,,0.01,0.00,24.33,[]
/dlsu/goks/cam,/dlsu/goks/cam,0.000000,67645.8834130764,0,,0,0,,0.05,1.09,21.58,[]
/dlsu/goks/cam,/dlsu/goks/cam,0.000000,0,0,,0,0,,0.01,0.00,24.78,[]
/dlsu/goks/cam,/dlsu/goks/cam,0.000000,67645.9526309967,0,,0,0,,0.05,1.63,20.89,[]
/dlsu/goks/cam,/dlsu/goks/cam,0.000000,0,0,,0,0,,0.01,0.00,23.17,[]
/dlsu/goks/cam,/dlsu/goks/cam,0.000000,67646.00476694107,0,,0,0,,0.03,0.77,23.46,[]
/dlsu/goks/cam,/dlsu/goks/cam,0.000000,67646.05449390411,0,,0,0,,0.03,0.75,25.16,[]
/dlsu/goks/cam,/dlsu/goks/cam,0.000000,67646.12506604195,0,,0,0,,0.04,0.88,25.19,[]
/dlsu/goks/cam,/dlsu/goks/cam,0.000000,67646.16067290306,0,,0,0,,0.03,0.84,25.17,[]
/dlsu/goks/cam,/dlsu/goks/cam,0.000000,67646.22008395195,0,,0,0,,0.05,1.57,20.63,[]
/dlsu/goks/cam,/dlsu/goks/cam,0.000000,0,0,,0,0,,0.01,0.00,25.07,[]
/dlsu/goks/cam,/dlsu/goks/cam,0.000000,67646.29481697083,0,,0,0,,0.07,1.15,25.75,[]
/dlsu/goks/cam,/dlsu/goks/cam,0.000000,0,0,,0,0,,0.00,0.00,24.77,[]
/dlsu/goks/cam,/dlsu/goks/cam,0.000000,67646.33189201355,0,,0,0,,0.03,1.00,25.13,[]
/dlsu/goks/cam,/dlsu/goks/cam,0.000000,67646.41089701653,0,,0,0,,0.05,1.57,20.39,[]
/dlsu/goks/cam,/dlsu/goks/cam,0.000000,0,0,,0,0,,0.01,0.00,23.77,[]
/dlsu/goks/cam,/dlsu/goks/cam,0.000000,67646.45378398895,0,,0,0,,0.03,0.78,24.27,[]
/dlsu/goks/cam,/dlsu/goks/cam,0.000000,67646.49651408195,0,,0,0,,0.05,0.79,20.87,[]
/dlsu/goks/cam,/dlsu/goks/cam,0.000000,67646.54901409149,0,,0,0,,0.05,1.37,25.52,[]
/dlsu/goks/cam,/dlsu/goks/cam,0.000000,67646.58708000183,0,,0,0,,0.03,1.29,22.51,[]
/dlsu/goks/cam,/dlsu/goks/cam,0.000000,67646.6506729126,0,,0,0,,0.06,1.61,25.11,[]
/dlsu/goks/cam,/dlsu/goks/cam,0.000000,0,0,,0,0,,0.01,0.00,24.87,[]
/dlsu/goks/cam,/dlsu/goks/cam,0.000000,67646.72049498558,0,,0,0,,0.03,0.85,20.49,[]
/dlsu/goks/cam,/dlsu/goks/cam,0.000000,67646.77072501183,0,,0,0,,0.04,0.78,23.86,[]
/dlsu/goks/cam,/dlsu/goks/cam,0.000000,67646.83675289154,0,,0,0,,0.04,0.79,25.28,[]
/dlsu/goks/cam,/dlsu/goks/cam,0.000000,67646.88494801521,0,,0,0,,0.05,1.37,20.65,[]
/dlsu/goks/cam,/dlsu/goks/cam,0.000000,0,0,,0,0,,0.00,0.00,22.88,[]
/dlsu/goks/cam,/dlsu/goks/cam,0.000000,67646.95359492302,0,,0,0,,0.05,0.92,23.56,[]
/dlsu/goks/cam,/dlsu/goks/cam,0.000000,67647.05033898354,0,,0,0,,0.05,1.08,21.11,[]
/dlsu/goks/cam,/dlsu/goks/cam,0.000000,67647.08253097534,0,,0,0,,0.03,0.79,22.31,[]
/dlsu/goks/cam,/dlsu/goks/cam,0.000000,67647.14232301712,0,,0,0,,0.04,0.98,25.19,[]
/dlsu/goks/cam,/dlsu/goks/cam,0.000000,67647.2282090187,0,,0,0,,0.08,1.49,21.00,[]
/dlsu/goks/cam,/dlsu/goks/cam,0.000000,0,0,,0,0,,0.01,0.00,24.16,[]
/dlsu/goks/cam,/dlsu/goks/cam,0.000000,67647.3188021183,0,,0,0,,7.81,31.53,22.40,[]
/dlsu/goks/cam,/dlsu/goks/cam,0.000000,67647.34129095078,0,,0,0,,0.32,11.18,36.48,[]
/dlsu/goks/cam,/dlsu/goks/cam,0.000000,0,0,,0,0,,0.02,0.00,45.73,[]
/dlsu/goks/cam,/dlsu/goks/cam,0.000000,67647.42675709724,0,,0,0,,0.07,2.51,23.58,[]
/dlsu/goks/cam,/dlsu/goks/cam,0.000000,0,0,,0,0,,0.01,0.00,25.08,[]
/dlsu/goks/cam,/dlsu/goks/cam,0.000000,67647.47810292244,0,,0,0,,0.03,0.75,21.42,[]
/dlsu/goks/cam,/dlsu/goks/cam,0.000000,67647.51991009712,0,,0,0,,0.03,0.85,24.94,[]
/dlsu/goks/cam,/dlsu/goks/cam,0.000000,67647.55424809456,0,,0,0,,0.02,0.77,20.91,[]
/dlsu/goks/cam,/dlsu/goks/cam,0.000000,67647.63507699966,0,,0,0,,0.06,1.23,20.80,[]
/dlsu/goks/cam,/dlsu/goks/cam,0.000000,67647.69816803932,0,,0,0,,0.04,0.87,25.14,[]
/dlsu/goks/cam,/dlsu/goks/cam,0.000000,67647.77841091156,0,,0,0,,0.05,0.97,25.17,[]
/dlsu/goks/cam,/dlsu/goks/cam,0.000000,67647.81454110146,0,,0,0,,0.03,0.81,21.49,[]
/dlsu/goks/cam,/dlsu/goks/cam,0.000000,67647.86734294891,0,,0,0,,0.04,0.81,23.80,[]
/dlsu/goks/cam,/dlsu/goks/cam,0.000000,67647.9170589447,0,,0,0,,0.04,0.78,25.12,[]
/dlsu/goks/cam,/dlsu/goks/cam,0.000000,67647.97531795502,0,,0,0,,0.11,1.97,25.16,[]
/dlsu/goks/cam,/dlsu/goks/cam,0.000000,0,0,,0,0,,0.02,0.00,25.08,[]
/dlsu/goks/cam,/dlsu/goks/cam,0.000000,67648.0321969986,0,,0,0,,0.04,1.76,25.46,[]
/dlsu/goks/cam,/dlsu/goks/cam,0.000000,67648.06256008148,0,,0,0,,0.04,0.41,25.27,[]
/dlsu/goks/cam,/dlsu/goks/cam,0.000000,0,0,,0,0,,0.01,0.00,23.23,[]
/dlsu/goks/cam,/dlsu/goks/cam,0.000000,67648.10288405418,0,,0,0,,0.04,0.79,21.39,[]
/dlsu/goks/cam,/dlsu/goks/cam,0.000000,67648.15864992142,0,,0,0,,0.06,1.44,24.10,[]
/dlsu/goks/cam,/dlsu/goks/cam,0.000000,0,0,,0,0,,0.00,0.00,25.10,[]
/dlsu/goks/cam,/dlsu/goks/cam,0.000000,67648.2437300682,0,,0,0,,0.08,1.61,20.70,[]
/dlsu/goks/cam,/dlsu/goks/cam,0.000000,0,0,,0,0,,0.02,0.00,20.73,[]
/dlsu/goks/cam,/dlsu/goks/cam,0.000000,67648.28115701675,0,,0,0,,0.12,1.44,25.15,[]
/dlsu/goks/cam,/dlsu/goks/cam,0.000000,67648.31581807137,0,,0,0,,0.02,0.84,25.11,[]
/dlsu/goks/cam,/dlsu/goks/cam,0.000000,67648.3574090004,0,,0,0,,0.03,0.85,24.87,[]
/dlsu/goks/cam,/dlsu/goks/cam,0.000000,67648.38352298737,0,,0,0,,0.02,0.69,24.29,[]
/dlsu/goks/cam,/dlsu/goks/cam,0.000000,67648.43304991722,0,,0,0,,0.04,1.12,25.46,[]
/dlsu/goks/cam,/dlsu/goks/cam,0.000000,67648.4898788929,0,,0,0,,0.05,1.59,21.75,[]
/dlsu/goks/cam,/dlsu/goks/cam,0.000000,0,0,,0,0,,0.01,0.00,20.91,[]
/dlsu/goks/cam,/dlsu/goks/cam,0.000000,67648.56022000313,0,,0,0,,0.13,1.16,21.08,[]
/dlsu/goks/cam,/dlsu/goks/cam,0.000000,67648.59090900421,0,,0,0,,0.02,1.14,24.09,[]
/dlsu/goks/cam,/dlsu/goks/cam,0.000000,67648.63485789299,0,,0,0,,0.03,0.75,25.21,[]
/dlsu/goks/cam,/dlsu/goks/cam,0.000000,67648.6697909832,0,,0,0,,0.03,1.01,25.14,[]
/dlsu/goks/cam,/dlsu/goks/cam,0.000000,67648.71182203293,0,,0,0,,0.03,0.77,22.71,[]
/dlsu/goks/cam,/dlsu/goks/cam,0.000000,67648.75745892525,0,,0,0,,0.03,0.73,21.51,[]
/dlsu/goks/cam,/dlsu/goks/cam,0.000000,67648.81813406944,0,,0,0,,0.05,1.48,23.33,[]
/dlsu/goks/cam,/dlsu/goks/cam,0.000000,0,0,,0,0,,0.01,0.00,23.15,[]
/dlsu/goks/cam,/dlsu/goks/cam,0.000000,67648.88370609283,0,,0,0,,0.04,0.93,25.14,[]
/dlsu/goks/cam,/dlsu/goks/cam,0.000000,67648.99487900734,0,,0,0,,0.05,1.00,23.98,[]
/dlsu/goks/cam,/dlsu/goks/cam,0.000000,67649.03528308868,0,,0,0,,0.05,1.13,22.99,[]
/dlsu/goks/cam,/dlsu/goks/cam,0.000000,67649.06172800064,0,,0,0,,0.09,1.21,20.99,[]
/dlsu/goks/cam,/dlsu/goks/cam,0.000000,67649.0938270092,0,,0,0,,0.02,0.78,24.53,[]
/dlsu/goks/cam,/dlsu/goks/cam,0.000000,67649.14908194542,0,,0,0,,0.04,0.89,22.53,[]
/dlsu/goks/cam,/dlsu/goks/cam,0.000000,67649.1806769371,0,,0,0,,0.02,0.90,24.15,[]
/dlsu/goks/cam,/dlsu/goks/cam,0.000000,67649.22856593132,0,,0,0,,0.03,0.78,25.15,[]
/dlsu/goks/cam,/dlsu/goks/cam,0.000000,67649.28987193108,0,,0,0,,0.04,1.09,25.44,[]
/dlsu/goks/cam,/dlsu/goks/cam,0.000000,67649.34125900269,0,,0,0,,0.05,1.16,25.28,[]
/dlsu/goks/cam,/dlsu/goks/cam,0.000000,67649.38580298424,0,,0,0,,0.03,0.65,23.96,[]
/dlsu/goks/cam,/dlsu/goks/cam,0.000000,67649.40738606453,0,,0,0,,0.03,0.81,24.93,[]
/dlsu/goks/cam,/dlsu/goks/cam,0.000000,0,0,,0,0,,0.01,0.00,23.05,[]
/dlsu/goks/cam,/dlsu/goks/cam,0.000000,67649.46257591248,0,,0,0,,0.05,1.57,25.13,[]
/dlsu/goks/cam,/dlsu/goks/cam,0.000000,0,0,,0,0,,0.00,0.00,25.09,[]
/dlsu/goks/cam,/dlsu/goks/cam,0.000000,67649.50942802429,0,,0,0,,0.04,1.26,20.74,[]
/dlsu/goks/cam,/dlsu/goks/cam,0.000000,67649.58276796341,0,,0,0,,0.05,0.82,24.14,[]
/dlsu/goks/cam,/dlsu/goks/cam,0.000000,67649.66053891182,0,,0,0,,0.05,1.14,21.32,[]
/dlsu/goks/cam,/dlsu/goks/cam,0.000000,67649.68560910225,0,,0,0,,0.06,0.89,24.88,[]
/dlsu/goks/cam,/dlsu/goks/cam,0.000000,67649.74946594238,0,,0,0,,0.04,0.76,25.01,[]
/dlsu/goks/cam,/dlsu/goks/cam,0.000000,67649.81159210205,0,,0,0,,0.13,2.07,20.54,[]
/dlsu/goks/cam,/dlsu/goks/cam,0.000000,0,0,,0,0,,0.00,0.00,24.34,[]
/dlsu/goks/cam,/dlsu/goks/cam,0.000000,0,0,,0,0,,0.01,0.00,24.83,[]
/dlsu/goks/cam,/dlsu/goks/cam,0.000000,67649.88048696518,0,,0,0,,0.04,0.89,20.99,[]
/dlsu/goks/cam,/dlsu/goks/cam,0.000000,67649.90860891342,0,,0,0,,0.03,0.87,23.62,[]
/dlsu/goks/cam,/dlsu/goks/cam,0.000000,67649.9589600563,0,,0,0,,0.04,0.79,21.56,[]
/dlsu/goks/cam,/dlsu/goks/cam,0.000000,67650.01254701614,0,,0,0,,0.03,1.02,20.46,[]
/dlsu/goks/cam,/dlsu/goks/cam,0.000000,67650.03762793541,0,,0,0,,0.03,0.75,23.86,[]
/dlsu/goks/cam,/dlsu/goks/cam,0.000000,67650.1220240593,0,,0,0,,0.08,1.60,25.78,[]
/dlsu/goks/cam,/dlsu/goks/cam,0.000000,0,0,,0,0,,0.02,0.00,25.12,[]
/dlsu/goks/cam,/dlsu/goks/cam,0.000000,67650.18699908257,0,,0,0,,0.05,2.03,22.12,[]
/dlsu/goks/cam,/dlsu/goks/cam,0.000000,0,0,,0,0,,0.01,0.00,22.89,[]
/dlsu/goks/cam,/dlsu/goks/cam,0.000000,67650.24497890472,0,,0,0,,0.04,0.86,21.33,[]
/dlsu/goks/cam,/dlsu/goks/cam,0.000000,67650.34323692322,0,,0,0,,0.05,1.15,25.23,[]
/dlsu/goks/cam,/dlsu/goks/cam,0.000000,67650.35091209412,0,,0,0,,0.02,0.86,25.08,[]
/dlsu/goks/cam,/dlsu/goks/cam,0.000000,0,0,,0,0,,0.01,0.00,23.39,[]
/dlsu/goks/cam,/dlsu/goks/cam,0.000000,67650.41282010078,0,,0,0,,0.04,1.06,25.26,[]
/dlsu/goks/cam,/dlsu/goks/cam,0.000000,67650.48184609413,0,,0,0,,0.04,0.71,25.05,[]
/dlsu/goks/cam,/dlsu/goks/cam,0.000000,67650.58606290817,0,,0,0,,0.07,2.13,22.49,[]
/dlsu/goks/cam,/dlsu/goks/cam,0.000000,0,0,,0,0,,0.01,0.00,25.11,[]
/dlsu/goks/cam,/dlsu/goks/cam,0.000000,67650.63760089874,0,,0,0,,0.04,0.77,25.14,[]
/dlsu/goks/cam,/dlsu/goks/cam,0.000000,67650.6815059185,0,,0,0,,0.03,0.97,24.66,[]
/dlsu/goks/cam,/dlsu/goks/cam,0.000000,67650.7081310749,0,,0,0,,0.02,0.83,21.91,[]
/dlsu/goks/cam,/dlsu/goks/cam,0.000000,67650.81594109535,0,,0,0,,0.05,0.81,21.40,[]
/dlsu/goks/cam,/dlsu/goks/cam,0.000000,67650.8707458973,0,,0,0,,0.06,0.88,23.94,[]
/dlsu/goks/cam,/dlsu/goks/cam,0.000000,67650.96030902863,0,,0,0,,0.05,1.27,21.01,[]
/dlsu/goks/cam,/dlsu/goks/cam,0.000000,67650.9926431179,0,,0,0,,0.03,0.82,23.64,[]
/dlsu/goks/cam,/dlsu/goks/cam,0.000000,67651.06820297241,0,,0,0,,0.04,0.76,20.23,[]
/dlsu/goks/cam,/dlsu/goks/cam,0.000000,67651.12975001335,0,,0,0,,0.06,1.44,25.15,[]
/dlsu/goks/cam,/dlsu/goks/cam,0.000000,0,0,,0,0,,0.01,0.00,25.06,[]
/dlsu/goks/cam,/dlsu/goks/cam,0.000000,67651.1882109642,0,,0,0,,0.04,1.05,22.54,[]
/dlsu/goks/cam,/dlsu/goks/cam,0.000000,67651.23464989662,0,,0,0,,0.05,1.18,23.32,[]
/dlsu/goks/cam,/dlsu/goks/cam,0.000000,0,0,,0,0,,0.00,0.00,25.10,[]
/dlsu/goks/cam,/dlsu/goks/cam,0.000000,67651.31138205528,0,,0,0,,0.06,1.98,24.58,[]
/dlsu/goks/cam,/dlsu/goks/cam,0.000000,0,0,,0,0,,0.01,0.00,21.01,[]
/dlsu/goks/cam,/dlsu/goks/cam,0.000000,67651.40348410606,0,,0,0,,0.06,0.90,24.54,[]
/dlsu/goks/cam,/dlsu/goks/cam,0.000000,67651.46504092216,0,,0,0,,0.05,1.64,25.06,[]
/dlsu/goks/cam,/dlsu/goks/cam,0.000000,67651.48673009872,0,,0,0,,0.04,0.77,25.08,[]
/dlsu/goks/cam,/dlsu/goks/cam,0.000000,67651.5173690319,0,,0,0,,0.03,0.42,22.67,[]
/dlsu/goks/cam,/dlsu/goks/cam,0.000000,0,0,,0,0,,0.01,0.00,21.63,[]
/dlsu/goks/cam,/dlsu/goks/cam,0.000000,67651.57773590088,0,,0,0,,0.06,1.99,20.54,[]
/dlsu/goks/cam,/dlsu/goks/cam,0.000000,0,0,,0,0,,0.00,0.00,24.45,[]
/dlsu/goks/cam,/dlsu/goks/cam,0.000000,67651.6302781105,0,,0,0,,0.05,0.84,25.17,[]
/dlsu/goks/cam,/dlsu/goks/cam,0.000000,67651.66748809814,0,,0,0,,0.05,0.75,21.09,[]
/dlsu/goks/cam,/dlsu/goks/cam,0.000000,67651.72390389442,0,,0,0,,0.04,0.74,25.07,[]
/dlsu/goks/cam,/dlsu/goks/cam,0.000000,67651.76577305794,0,,0,0,,0.03,0.99,25.31,[]
/dlsu/goks/cam,/dlsu/goks/cam,0.000000,67651.84214711189,0,,0,0,,0.06,0.85,24.69,[]
/dlsu/goks/cam,/dlsu/goks/cam,0.000000,67651.88752007484,0,,0,0,,0.03,0.87,22.83,[]
/dlsu/goks/cam,/dlsu/goks/cam,0.000000,67651.94038200378,0,,0,0,,0.06,1.00,25.14,[]
/dlsu/goks/cam,/dlsu/goks/cam,0.000000,67652.00925707817,0,,0,0,,0.04,1.00,25.23,[]
/dlsu/goks/cam,/dlsu/goks/cam,0.000000,67652.04856491089,0,,0,0,,0.03,0.78,21.02,[]
/dlsu/goks/cam,/dlsu/goks/cam,0.000000,67652.09739899635,0,,0,0,,0.04,0.84,23.12,[]
/dlsu/goks/cam,/dlsu/goks/cam,0.000000,67652.14513897896,0,,0,0,,0.04,1.18,20.92,[]
/dlsu/goks/cam,/dlsu/goks/cam,0.000000,67652.17654299736,0,,0,0,,0.02,0.70,24.42,[]
/dlsu/goks/cam,/dlsu/goks/cam,0.000000,0,0,,0,0,,0.01,0.00,22.86,[]
/dlsu/goks/cam,/dlsu/goks/cam,0.000000,67652.23293995857,0,,0,0,,0.04,1.02,25.70,[]
/dlsu/goks/cam,/dlsu/goks/cam,0.000000,67652.26494193077,0,,0,0,,0.02,0.84,25.09,[]
/dlsu/goks/cam,/dlsu/goks/cam,0.000000,67652.33840489388,0,,0,0,,0.05,0.74,23.03,[]
/dlsu/goks/cam,/dlsu/goks/cam,0.000000,67652.37271690369,0,,0,0,,0.02,0.83,21.59,[]
/dlsu/goks/cam,/dlsu/goks/cam,0.000000,67652.43032193184,0,,0,0,,0.09,0.93,21.55,[]
/dlsu/goks/cam,/dlsu/goks/cam,0.000000,67652.47647500038,0,,0,0,,0.04,0.95,22.81,[]
/dlsu/goks/cam,/dlsu/goks/cam,0.000000,67652.5316939354,0,,0,0,,0.20,3.06,21.66,[]
/dlsu/goks/cam,/dlsu/goks/cam,0.000000,0,0,,0,0,,0.00,0.00,22.54,[]
/dlsu/goks/cam,/dlsu/goks/cam,0.000000,67652.57794690132,0,,0,0,,0.07,1.29,20.58,[]
/dlsu/goks/cam,/dlsu/goks/cam,0.000000,67652.62484097481,0,,0,0,,0.03,1.10,25.43,[]
/dlsu/goks/cam,/dlsu/goks/cam,0.000000,67652.67151498795,0,,0,0,,0.24,1.77,20.86,[]
/dlsu/goks/cam,/dlsu/goks/cam,0.000000,0,0,,0,0,,0.00,0.00,21.45,[]
/dlsu/goks/cam,/dlsu/goks/cam,0.000000,67652.75064492226,0,,0,0,,0.06,1.22,22.22,[]
/dlsu/goks/cam,/dlsu/goks/cam,0.000000,0,0,,0,0,,0.01,0.00,24.84,[]
/dlsu/goks/cam,/dlsu/goks/cam,0.000000,67652.79845905304,0,,0,0,,0.03,0.78,25.13,[]
/dlsu/goks/cam,/dlsu/goks/cam,0.000000,67652.84808301926,0,,0,0,,0.22,1.49,24.73,[]
/dlsu/goks/cam,/dlsu/goks/cam,0.000000,0,0,,0,0,,0.00,0.00,25.11,[]
/dlsu/goks/cam,/dlsu/goks/cam,0.000000,67652.90147805214,0,,0,0,,0.04,1.08,22.39,[]
/dlsu/goks/cam,/dlsu/goks/cam,0.000000,67652.98415207863,0,,0,0,,0.06,1.17,20.95,[]
/dlsu/goks/cam,/dlsu/goks/cam,0.000000,67653.00241303444,0,,0,0,,0.02,0.61,22.50,[]
/dlsu/goks/cam,/dlsu/goks/cam,0.000000,0,0,,0,0,,0.01,0.00,20.59,[]
/dlsu/goks/cam,/dlsu/goks/cam,0.000000,67653.05905294418,0,,0,0,,0.04,0.47,23.20,[]
/dlsu/goks/cam,/dlsu/goks/cam,0.000000,67653.11265397072,0,,0,0,,0.04,1.05,20.64,[]
/dlsu/goks/cam,/dlsu/goks/cam,0.000000,67653.16687703133,0,,0,0,,0.03,0.76,23.93,[]
/dlsu/goks/cam,/dlsu/goks/cam,0.000000,67653.21704506874,0,,0,0,,0.03,0.81,25.75,[]
/dlsu/goks/cam,/dlsu/goks/cam,0.000000,67653.2805120945,0,,0,0,,0.08,1.28,25.18,[]
/dlsu/goks/cam,/dlsu/goks/cam,0.000000,67653.3293390274,0,,0,0,,0.13,1.48,22.41,[]
/dlsu/goks/cam,/dlsu/goks/cam,0.000000,0,0,,0,0,,0.00,0.00,25.08,[]
/dlsu/goks/cam,/dlsu/goks/cam,0.000000,67653.38705205917,0,,0,0,,0.03,0.92,25.38,[]
/dlsu/goks/cam,/dlsu/goks/cam,0.000000,67653.44324707985,0,,0,0,,0.03,1.04,25.15,[]
/dlsu/goks/cam,/dlsu/goks/cam,0.000000,67653.49907803535,0,,0,0,,0.05,0.85,25.73,[]
/dlsu/goks/cam,/dlsu/goks/cam,0.000000,67653.54556894302,0,,0,0,,0.03,0.75,25.08,[]
/dlsu/goks/cam,/dlsu/goks/cam,0.000000,67653.59270596504,0,,0,0,,0.03,0.80,25.13,[]
/dlsu/goks/cam,/dlsu/goks/cam,0.000000,67653.63953900337,0,,0,0,,0.04,0.59,25.23,[]
/dlsu/goks/cam,/dlsu/goks/cam,0.000000,67653.7066040039,0,,0,0,,0.04,1.15,21.00,[]
/dlsu/goks/cam,/dlsu/goks/cam,0.000000,67653.73969006538,0,,0,0,,0.04,1.02,22.73,[]
/dlsu/goks/cam,/dlsu/goks/cam,0.000000,0,0,,0,0,,0.00,0.00,23.07,[]
/dlsu/goks/cam,/dlsu/goks/cam,0.000000,67653.78770399094,0,,0,0,,0.04,0.79,25.47,[]
/dlsu/goks/cam,/dlsu/goks/cam,0.000000,67653.85080599785,0,,0,0,,0.04,0.93,22.64,[]
/dlsu/goks/cam,/dlsu/goks/cam,0.000000,67653.91539907455,0,,0,0,,0.06,1.75,20.31,[]
/dlsu/goks/cam,/dlsu/goks/cam,0.000000,0,0,,0,0,,0.00,0.00,21.22,[]
/dlsu/goks/cam,/dlsu/goks/cam,0.000000,67653.96070694923,0,,0,0,,0.08,1.06,22.26,[]
/dlsu/goks/cam,/dlsu/goks/cam,0.000000,67654.01303792,0,,0,0,,0.03,0.79,20.94,[]
/dlsu/goks/cam,/dlsu/goks/cam,0.000000,67654.05482006073,0,,0,0,,0.03,0.81,25.14,[]
/dlsu/goks/cam,/dlsu/goks/cam,0.000000,67654.10735607147,0,,0,0,,0.04,1.33,21.80,[]
/dlsu/goks/cam,/dlsu/goks/cam,0.000000,0,0,,0,0,,0.01,0.00,23.03,[]
/dlsu/goks/cam,/dlsu/goks/cam,0.000000,67654.16829895973,0,,0,0,,0.04,0.82,22.80,[]
/dlsu/goks/cam,/dlsu/goks/cam,0.000000,67654.20512509346,0,,0,0,,0.03,0.70,25.17,[]
/dlsu/goks/cam,/dlsu/goks/cam,0.000000,67654.24773311615,0,,0,0,,0.03,0.73,25.17,[]
/dlsu/goks/cam,/dlsu/goks/cam,0.000000,67654.29728198051,0,,0,0,,0.05,1.55,24.36,[]
/dlsu/goks/cam,/dlsu/goks/cam,0.000000,0,0,,0,0,,0.01,0.00,25.09,[]
/dlsu/goks/cam,/dlsu/goks/cam,0.000000,67654.36540699005,0,,0,0,,0.04,0.74,24.81,[]
/dlsu/goks/cam,/dlsu/goks/cam,0.000000,67654.40446591377,0,,0,0,,0.10,0.96,25.70,[]
/dlsu/goks/cam,/dlsu/goks/cam,0.000000,67654.46497988701,0,,0,0,,0.04,0.79,20.98,[]
/dlsu/goks/cam,/dlsu/goks/cam,0.000000,67654.52812194824,0,,0,0,,0.05,1.94,20.71,[]
/dlsu/goks/cam,/dlsu/goks/cam,0.000000,0,0,,0,0,,0.01,0.00,23.51,[]
/dlsu/goks/cam,/dlsu/goks/cam,0.000000,67654.58156490326,0,,0,0,,0.11,1.01,25.15,[]
/dlsu/goks/cam,/dlsu/goks/cam,0.000000,67654.64578199387,0,,0,0,,0.05,1.19,21.54,[]
/dlsu/goks/cam,/dlsu/goks/cam,0.000000,0,0,,0,0,,0.01,0.00,20.94,[]
/dlsu/goks/cam,/dlsu/goks/cam,0.000000,67654.69334292412,0,,0,0,,0.08,1.31,22.97,[]
/dlsu/goks/cam,/dlsu/goks/cam,0.000000,67654.76113796234,0,,0,0,,0.10,1.60,25.13,[]
/dlsu/goks/cam,/dlsu/goks/cam,0.000000,0,0,,0,0,,0.00,0.00,20.62,[]
/dlsu/goks/cam,/dlsu/goks/cam,0.000000,67654.92603707314,0,,0,0,,0.10,1.38,25.56,[]
/dlsu/goks/cam,/dlsu/goks/cam,0.000000,0,0,,0,0,,0.01,0.00,22.22,[]
/dlsu/goks/cam,/dlsu/goks/cam,0.000000,67654.98919296265,0,,0,0,,0.03,0.90,25.16,[]
/dlsu/goks/cam,/dlsu/goks/cam,0.000000,67655.03860902786,0,,0,0,,0.03,0.87,25.17,[]
/dlsu/goks/cam,/dlsu/goks/cam,0.000000,67655.08259606361,0,,0,0,,0.03,0.84,25.09,[]
/dlsu/goks/cam,/dlsu/goks/cam,0.000000,67655.14649391174,0,,0,0,,0.03,1.10,25.20,[]
/dlsu/goks/cam,/dlsu/goks/cam,0.000000,67655.25237298012,0,,0,0,,0.04,0.53,25.26,[]
/dlsu/goks/cam,/dlsu/goks/cam,0.000000,67655.34098005295,0,,0,0,,0.20,2.17,21.97,[]
/dlsu/goks/cam,/dlsu/goks/cam,0.000000,67655.42503595352,0,,0,0,,0.41,2.37,20.23,[]
/dlsu/goks/cam,/dlsu/goks/cam,0.000000,0,0,,0,0,,0.00,0.00,22.03,[]
/dlsu/goks/cam,/dlsu/goks/cam,0.000000,67655.50103592873,0,,0,0,,0.23,1.03,21.57,[]
/dlsu/goks/cam,/dlsu/goks/cam,0.000000,67655.5329990387,0,,0,0,,0.11,1.25,23.74,[]
/dlsu/goks/cam,/dlsu/goks/cam,0.000000,67655.56844091415,0,,0,0,,0.04,1.14,21.12,[]
/dlsu/goks/cam,/dlsu/goks/cam,0.000000,67655.6376581192,0,,0,0,,0.06,1.65,25.20,[]
/dlsu/goks/cam,/dlsu/goks/cam,0.000000,0,0,,0,0,,0.01,0.00,25.08,[]
/dlsu/goks/cam,/dlsu/goks/cam,0.000000,67655.7028889656,0,,0,0,,0.03,1.05,21.26,[]
/dlsu/goks/cam,/dlsu/goks/cam,0.000000,67655.75542902946,0,,0,0,,0.04,0.91,25.17,[]
/dlsu/goks/cam,/dlsu/goks/cam,0.000000,67655.79093408585,0,,0,0,,0.03,0.73,25.74,[]
/dlsu/goks/cam,/dlsu/goks/cam,0.000000,67655.81805992126,0,,0,0,,0.16,1.44,24.17,[]
/dlsu/goks/cam,/dlsu/goks/cam,0.000000,67655.88799905777,0,,0,0,,0.09,18.88,23.46,[]
/dlsu/goks/cam,/dlsu/goks/cam,0.000000,0,0,,0,0,,0.02,0.00,34.33,[]
/dlsu/goks/cam,/dlsu/goks/cam,0.000000,67655.96540808678,0,,0,0,,0.12,3.29,25.62,[]
/dlsu/goks/cam,/dlsu/goks/cam,0.000000,67660.88937592506,0,,0,0,,0.27,1.04,25.20,[]
/dlsu/goks/cam,/dlsu/goks/cam,0.000000,67660.93200111389,0,,0,0,,0.07,1.26,24.49,[]
/dlsu/goks/cam,/dlsu/goks/cam,0.000000,67660.99497199059,0,,0,0,,0.04,0.86,21.32,[]
/dlsu/goks/cam,/dlsu/goks/cam,0.000000,67661.06236410141,0,,0,0,,0.07,1.79,25.09,[]
/dlsu/goks/cam,/dlsu/goks/cam,0.000000,0,0,,0,0,,0.01,0.00,25.09,[]
/dlsu/goks/cam,/dlsu/goks/cam,0.000000,67661.23974895477,0,,0,0,,0.08,1.62,20.93,[]
/dlsu/goks/cam,/dlsu/goks/cam,0.000000,0,0,,0,0,,0.01,0.00,25.08,[]
/dlsu/goks/cam,/dlsu/goks/cam,0.000000,67661.3008658886,0,,0,0,,0.06,1.92,23.87,[]
/dlsu/goks/cam,/dlsu/goks/cam,0.000000,67661.31908202171,0,,0,0,,0.02,0.40,22.45,[]
/dlsu/goks/cam,/dlsu/goks/cam,0.000000,0,0,,0,0,,0.00,0.00,21.80,[]
/dlsu/goks/cam,/dlsu/goks/cam,0.000000,67661.37091708183,0,,0,0,,0.03,1.21,22.86,[]
/dlsu/goks/cam,/dlsu/goks/cam,0.000000,67661.39928889275,0,,0,0,,0.13,0.74,25.05,[]
/dlsu/goks/cam,/dlsu/goks/cam,0.000000,67661.45301389694,0,,0,0,,0.03,0.81,21.82,[]
/dlsu/goks/cam,/dlsu/goks/cam,0.000000,67661.56624603271,0,,0,0,,0.08,2.07,23.74,[]
/dlsu/goks/cam,/dlsu/goks/cam,0.000000,0,0,,0,0,,0.00,0.00,25.09,[]
/dlsu/goks/cam,/dlsu/goks/cam,0.000000,67661.6145119667,0,,0,0,,0.04,1.01,20.38,[]
/dlsu/goks/cam,/dlsu/goks/cam,0.000000,67661.64436888695,0,,0,0,,0.06,0.95,25.09,[]
/dlsu/goks/cam,/dlsu/goks/cam,0.000000,67661.70650410652,0,,0,0,,0.05,0.79,23.05,[]
/dlsu/goks/cam,/dlsu/goks/cam,0.000000,0,0,,0,0,,0.01,0.00,25.07,[]
/dlsu/goks/cam,/dlsu/goks/cam,0.000000,67661.74139595032,0,,0,0,,0.03,1.00,25.21,[]
/dlsu/goks/cam,/dlsu/goks/cam,0.000000,67661.82549190521,0,,0,0,,0.05,0.89,25.26,[]
/dlsu/goks/cam,/dlsu/goks/cam,0.000000,67661.91559505463,0,,0,0,,0.11,0.83,25.20,[]
/dlsu/goks/cam,/dlsu/goks/cam,0.000000,67661.96629595757,0,,0,0,,0.03,0.75,23.98,[]
/dlsu/goks/cam,/dlsu/goks/cam,0.000000,67662.00260806084,0,,0,0,,0.04,0.87,21.79,[]
/dlsu/goks/cam,/dlsu/goks/cam,0.000000,67662.06977796555,0,,0,0,,0.06,1.87,24.44,[]
/dlsu/goks/cam,/dlsu/goks/cam,0.000000,67662.0856359005,0,,0,0,,0.03,0.65,22.55,[]
/dlsu/goks/cam,/dlsu/goks/cam,0.000000,0,0,,0,0,,0.01,0.00,25.10,[]
/dlsu/goks/cam,/dlsu/goks/cam,0.000000,67662.17279410362,0,,0,0,,0.07,1.39,25.73,[]
/dlsu/goks/cam,/dlsu/goks/cam,0.000000,0,0,,0,0,,0.01,0.00,24.38,[]
/dlsu/goks/cam,/dlsu/goks/cam,0.000000,67662.25804805756,0,,0,0,,0.07,0.97,24.17,[]
/dlsu/goks/cam,/dlsu/goks/cam,0.000000,67662.32850289345,0,,0,0,,0.04,1.09,25.79,[]
/dlsu/goks/cam,/dlsu/goks/cam,0.000000,67662.39258098602,0,,0,0,,0.05,0.84,25.19,[]
/dlsu/goks/cam,/dlsu/goks/cam,0.000000,67662.42881202698,0,,0,0,,0.02,0.78,20.10,[]
/dlsu/goks/cam,/dlsu/goks/cam,0.000000,67662.48058009148,0,,0,0,,0.05,1.60,20.38,[]
/dlsu/goks/cam,/dlsu/goks/cam,0.000000,0,0,,0,0,,0.01,0.00,23.50,[]
/dlsu/goks/cam,/dlsu/goks/cam,0.000000,67662.54453897476,0,,0,0,,0.10,1.88,20.66,[]
/dlsu/goks/cam,/dlsu/goks/cam,0.000000,0,0,,0,0,,0.01,0.00,25.05,[]
/dlsu/goks/cam,/dlsu/goks/cam,0.000000,67662.61196303368,0,,0,0,,0.06,1.80,25.15,[]
/dlsu/goks/cam,/dlsu/goks/cam,0.000000,67662.6433289051,0,,0,0,,0.07,1.14,23.24,[]
/dlsu/goks/cam,/dlsu/goks/cam,0.000000,0,0,,0,0,,0.01,0.00,23.84,[]
/dlsu/goks/cam,/dlsu/goks/cam,0.000000,67662.68916893005,0,,0,0,,0.03,0.87,25.15,[]
/dlsu/goks/cam,/dlsu/goks/cam,0.000000,67662.76851701736,0,,0,0,,0.05,0.87,22.60,[]
/dlsu/goks/cam,/dlsu/goks/cam,0.000000,67662.81602501869,0,,0,0,,0.04,1.45,21.26,[]
/dlsu/goks/cam,/dlsu/goks/cam,0.000000,0,0,,0,0,,0.00,0.00,25.07,[]
/dlsu/goks/cam,/dlsu/goks/cam,0.000000,67662.85931992531,0,,0,0,,0.03,1.04,21.92,[]
/dlsu/goks/cam,/dlsu/goks/cam,0.000000,67662.908919096,0,,0,0,,0.04,0.73,25.40,[]
/dlsu/goks/cam,/dlsu/goks/cam,0.000000,67662.9634130001,0,,0,0,,0.04,1.06,25.19,[]
/dlsu/goks/cam,/dlsu/goks/cam,0.000000,67663.00369405746,0,,0,0,,0.03,0.99,23.00,[]
/dlsu/goks/cam,/dlsu/goks/cam,0.000000,67663.05320096016,0,,0,0,,0.06,1.46,20.84,[]
/dlsu/goks/cam,/dlsu/goks/cam,0.000000,0,0,,0,0,,0.01,0.00,25.09,[]
/dlsu/goks/cam,/dlsu/goks/cam,0.000000,67663.11616492271,0,,0,0,,0.04,0.75,24.98,[]
/dlsu/goks/cam,/dlsu/goks/cam,0.000000,67663.16123890877,0,,0,0,,0.06,0.91,24.78,[]
/dlsu/goks/cam,/dlsu/goks/cam,0.000000,67663.18704104424,0,,0,0,,0.03,0.45,21.03,[]
/dlsu/goks/cam,/dlsu/goks/cam,0.000000,67663.25876092911,0,,0,0,,0.07,1.67,24.52,[]
/dlsu/goks/cam,/dlsu/goks/cam,0.000000,67663.27485704422,0,,0,0,,0.02,1.35,21.63,[]
/dlsu/goks/cam,/dlsu/goks/cam,0.000000,0,0,,0,0,,0.01,0.00,22.79,[]
/dlsu/goks/cam,/dlsu/goks/cam,0.000000,67663.35672807693,0,,0,0,,0.05,0.83,23.25,[]
/dlsu/goks/cam,/dlsu/goks/cam,0.000000,67663.40412211418,0,,0,0,,0.04,0.87,20.30,[]
/dlsu/goks/cam,/dlsu/goks/cam,0.000000,67663.45585608482,0,,0,0,,0.05,0.88,23.40,[]
/dlsu/goks/cam,/dlsu/goks/cam,0.000000,67663.48334097862,0,,0,0,,0.08,0.91,25.12,[]
/dlsu/goks/cam,/dlsu/goks/cam,0.000000,67663.53810405731,0,,0,0,,0.04,1.87,20.60,[]
/dlsu/goks/cam,/dlsu/goks/cam,0.000000,0,0,,0,0,,0.01,0.00,25.12,[]
/dlsu/goks/cam,/dlsu/goks/cam,0.000000,67663.62411403656,0,,0,0,,0.04,0.90,24.89,[]
/dlsu/goks/cam,/dlsu/goks/cam,0.000000,67663.66901803017,0,,0,0,,0.05,1.39,21.78,[]
/dlsu/goks/cam,/dlsu/goks/cam,0.000000,0,0,,0,0,,0.01,0.00,24.48,[]
/dlsu/goks/cam,/dlsu/goks/cam,0.000000,67663.72511291504,0,,0,0,,0.06,1.07,21.16,[]
/dlsu/goks/cam,/dlsu/goks/cam,0.000000,67663.7817029953,0,,0,0,,0.05,1.63,24.52,[]
/dlsu/goks/cam,/dlsu/goks/cam,0.000000,0,0,,0,0,,0.01,0.00,24.15,[]
/dlsu/goks/cam,/dlsu/goks/cam,0.000000,67663.82957100868,0,,0,0,,0.03,0.80,22.09,[]
/dlsu/goks/cam,/dlsu/goks/cam,0.000000,67663.89079999924,0,,0,0,,0.06,1.64,25.11,[]
/dlsu/goks/cam,/dlsu/goks/cam,0.000000,0,0,,0,0,,0.01,0.00,25.14,[]
/dlsu/goks/cam,/dlsu/goks/cam,0.000000,67663.92820000648,0,,0,0,,0.02,1.05,23.28,[]
/dlsu/goks/cam,/dlsu/goks/cam,0.000000,67663.98290801048,0,,0,0,,0.03,0.78,25.18,[]
/dlsu/goks/cam,/dlsu/goks/cam,0.000000,67664.09082388878,0,,0,0,,0.06,1.44,21.29,[]
/dlsu/goks/cam,/dlsu/goks/cam,0.000000,0,0,,0,0,,0.01,0.00,21.10,[]
/dlsu/goks/cam,/dlsu/goks/cam,0.000000,67664.14175701141,0,,0,0,,0.05,1.04,21.56,[]
/dlsu/goks/cam,/dlsu/goks/cam,0.000000,67664.17404699326,0,,0,0,,0.02,0.75,22.18,[]
/dlsu/goks/cam,/dlsu/goks/cam,0.000000,67664.2223598957,0,,0,0,,0.04,0.93,25.16,[]
/dlsu/goks/cam,/dlsu/goks/cam,0.000000,67664.26999592781,0,,0,0,,0.06,0.94,24.19,[]
/dlsu/goks/cam,/dlsu/goks/cam,0.000000,67664.33109307289,0,,0,0,,0.04,0.93,25.37,[]
/dlsu/goks/cam,/dlsu/goks/cam,0.000000,67664.36439299583,0,,0,0,,0.03,0.51,22.47,[]
/dlsu/goks/cam,/dlsu/goks/cam,0.000000,67664.44347596169,0,,0,0,,0.05,0.93,25.22,[]
/dlsu/goks/cam,/dlsu/goks/cam,0.000000,67664.49516510963,0,,0,0,,0.04,0.80,25.18,[]
/dlsu/goks/cam,/dlsu/goks/cam,0.000000,67664.52771902084,0,,0,0,,0.09,0.82,24.90,[]
/dlsu/goks/cam,/dlsu/goks/cam,0.000000,67664.5774230957,0,,0,0,,0.09,2.65,24.82,[]
/dlsu/goks/cam,/dlsu/goks/cam,0.000000,67664.59334492683,0,,0,0,,0.02,0.74,25.02,[]
/dlsu/goks/cam,/dlsu/goks/cam,0.000000,67664.61989593506,0,,0,0,,0.02,0.41,24.28,[]
/dlsu/goks/cam,/dlsu/goks/cam,0.000000,0,0,,0,0,,0.01,0.00,25.15,[]
/dlsu/goks/cam,/dlsu/goks/cam,0.000000,67664.66968894005,0,,0,0,,0.03,0.72,21.45,[]
/dlsu/goks/cam,/dlsu/goks/cam,0.000000,67664.79378795624,0,,0,0,,0.06,1.94,25.13,[]
/dlsu/goks/cam,/dlsu/goks/cam,0.000000,67664.81452703476,0,,0,0,,0.03,0.78,25.16,[]
/dlsu/goks/cam,/dlsu/goks/cam,0.000000,0,0,,0,0,,0.01,0.00,25.21,[]
/dlsu/goks/cam,/dlsu/goks/cam,0.000000,67664.86969089508,0,,0,0,,0.03,0.79,25.11,[]
/dlsu/goks/cam,/dlsu/goks/cam,0.000000,67664.90607094765,0,,0,0,,0.03,0.80,25.17,[]
/dlsu/goks/cam,/dlsu/goks/cam,0.000000,67664.95645689964,0,,0,0,,0.03,0.82,20.68,[]
/dlsu/goks/cam,/dlsu/goks/cam,0.000000,67664.99988889694,0,,0,0,,0.05,1.29,24.21,[]
/dlsu/goks/cam,/dlsu/goks/cam,0.000000,67665.02135205269,0,,0,0,,0.06,0.42,24.43,[]
/dlsu/goks/cam,/dlsu/goks/cam,0.000000,67665.05345892906,0,,0,0,,0.07,0.66,24.97,[]
/dlsu/goks/cam,/dlsu/goks/cam,0.000000,0,0,,0,0,,0.01,0.00,25.06,[]
/dlsu/goks/cam,/dlsu/goks/cam,0.000000,67670.00975203514,0,,0,0,,0.21,1.72,25.22,[]
/dlsu/goks/cam,/dlsu/goks/cam,0.000000,67670.04218697548,0,,0,0,,0.16,1.33,23.79,[]
/dlsu/goks/cam,/dlsu/goks/cam,0.000000,67670.10559797287,0,,0,0,,0.05,1.09,22.58,[]
/dlsu/goks/cam,/dlsu/goks/cam,0.000000,67670.13766098022,0,,0,0,,0.05,1.05,21.47,[]
/dlsu/goks/cam,/dlsu/goks/cam,0.000000,67670.19403100014,0,,0,0,,0.06,1.70,20.58,[]
/dlsu/goks/cam,/dlsu/goks/cam,0.000000,0,0,,0,0,,0.00,0.00,24.77,[]
/dlsu/goks/cam,/dlsu/goks/cam,0.000000,67670.25925898552,0,,0,0,,0.05,1.21,25.23,[]
/dlsu/goks/cam,/dlsu/goks/cam,0.000000,67670.29164600372,0,,0,0,,0.06,0.92,21.37,[]
/dlsu/goks/cam,/dlsu/goks/cam,0.000000,67670.3719470501,0,,0,0,,0.05,1.94,21.89,[]
/dlsu/goks/cam,/dlsu/goks/cam,0.000000,0,0,,0,0,,0.00,0.00,25.12,[]
/dlsu/goks/cam,/dlsu/goks/cam,0.000000,67670.44662499428,0,,0,0,,0.04,0.72,21.30,[]
/dlsu/goks/cam,/dlsu/goks/cam,0.000000,67670.49573111534,0,,0,0,,0.04,1.06,21.05,[]
/dlsu/goks/cam,/dlsu/goks/cam,0.000000,67670.54032611847,0,,0,0,,0.04,1.03,25.13,[]
/dlsu/goks/cam,/dlsu/goks/cam,0.000000,67670.59717798233,0,,0,0,,0.04,0.79,22.05,[]
/dlsu/goks/cam,/dlsu/goks/cam,0.000000,67670.69158411026,0,,0,0,,0.04,0.95,25.07,[]
/dlsu/goks/cam,/dlsu/goks/cam,0.000000,67670.71934103966,0,,0,0,,0.05,0.87,25.10,[]
/dlsu/goks/cam,/dlsu/goks/cam,0.000000,67670.77088689804,0,,0,0,,0.03,0.86,25.06,[]
/dlsu/goks/cam,/dlsu/goks/cam,0.000000,67670.820540905,0,,0,0,,0.10,1.71,20.38,[]
/dlsu/goks/cam,/dlsu/goks/cam,0.000000,67670.85275411606,0,,0,0,,0.02,0.69,25.44,[]
/dlsu/goks/cam,/dlsu/goks/cam,0.000000,0,0,,0,0,,0.01,0.00,21.10,[]
/dlsu/goks/cam,/dlsu/goks/cam,0.000000,67670.89477205276,0,,0,0,,0.08,2.18,21.01,[]
/dlsu/goks/cam,/dlsu/goks/cam,0.000000,0,0,,0,0,,0.01,0.00,24.36,[]
/dlsu/goks/cam,/dlsu/goks/cam,0.000000,67670.95708608627,0,,0,0,,0.04,1.07,21.24,[]
/dlsu/goks/cam,/dlsu/goks/cam,0.000000,67671.00582695007,0,,0,0,,0.12,1.51,21.83,[]
/dlsu/goks/cam,/dlsu/goks/cam,0.000000,0,0,,0,0,,0.01,0.00,23.05,[]
/dlsu/goks/cam,/dlsu/goks/cam,0.000000,67671.05921196938,0,,0,0,,0.03,1.01,25.18,[]
/dlsu/goks/cam,/dlsu/goks/cam,0.000000,67671.11730504036,0,,0,0,,0.04,0.88,22.99,[]
/dlsu/goks/cam,/dlsu/goks/cam,0.000000,67671.154047966,0,,0,0,,0.02,1.08,23.55,[]
/dlsu/goks/cam,/dlsu/goks/cam,0.000000,67671.2232530117,0,,0,0,,0.09,1.40,24.31,[]
/dlsu/goks/cam,/dlsu/goks/cam,0.000000,0,0,,0,0,,0.01,0.00,25.07,[]
/dlsu/goks/cam,/dlsu/goks/cam,0.000000,67671.2712199688,0,,0,0,,0.03,0.77,24.73,[]
/dlsu/goks/cam,/dlsu/goks/cam,0.000000,67671.31879091263,0,,0,0,,0.03,1.13,21.70,[]
/dlsu/goks/cam,/dlsu/goks/cam,0.000000,67671.37424707413,0,,0,0,,0.04,1.50,20.60,[]
/dlsu/goks/cam,/dlsu/goks/cam,0.000000,0,0,,0,0,,0.00,0.00,24.44,[]
/dlsu/goks/cam,/dlsu/goks/cam,0.000000,67671.4431579113,0,,0,0,,0.10,1.68,25.12,[]
/dlsu/goks/cam,/dlsu/goks/cam,0.000000,67671.4578640461,0,,0,0,,0.02,0.66,21.47,[]
/dlsu/goks/cam,/dlsu/goks/cam,0.000000,0,0,,0,0,,0.01,0.00,25.09,[]
/dlsu/goks/cam,/dlsu/goks/cam,0.000000,67671.51212692261,0,,0,0,,0.02,0.90,23.94,[]
/dlsu/goks/cam,/dlsu/goks/cam,0.000000,67671.55825209618,0,,0,0,,0.05,1.18,24.75,[]
/dlsu/goks/cam,/dlsu/goks/cam,0.000000,67671.61990594864,0,,0,0,,0.04,0.93,21.24,[]
/dlsu/goks/cam,/dlsu/goks/cam,0.000000,67671.64984607697,0,,0,0,,0.10,1.12,23.15,[]
/dlsu/goks/cam,/dlsu/goks/cam,0.000000,67671.70445895195,0,,0,0,,0.03,0.76,24.10,[]
/dlsu/goks/cam,/dlsu/goks/cam,0.000000,67677.07004404068,0,,0,0,,0.18,1.20,21.83,[]
/dlsu/goks/cam,/dlsu/goks/cam,0.000000,67677.11808395386,0,,0,0,,0.03,1.13,25.16,[]
/dlsu/goks/cam,/dlsu/goks/cam,0.000000,67677.26521492004,0,,0,0,,0.08,1.84,22.56,[]
/dlsu/goks/cam,/dlsu/goks/cam,0.000000,67677.29645490646,0,,0,0,,0.09,1.58,25.09,[]
/dlsu/goks/cam,/dlsu/goks/cam,0.000000,0,0,,0,0,,0.00,0.00,20.33,[]
/dlsu/goks/cam,/dlsu/goks/cam,0.000000,67677.32834792137,0,,0,0,,0.02,0.76,22.82,[]
/dlsu/goks/cam,/dlsu/goks/cam,0.000000,0,0,,0,0,,0.00,0.00,24.25,[]
/dlsu/goks/cam,/dlsu/goks/cam,0.000000,67677.3772559166,0,,0,0,,0.05,1.03,21.25,[]
/dlsu/goks/cam,/dlsu/goks/cam,0.000000,67682.11852407455,0,,0,0,,0.12,1.30,21.13,[]
/dlsu/goks/cam,/dlsu/goks/cam,0.000000,67682.18266105652,0,,0,0,,0.05,1.39,25.17,[]
/dlsu/goks/cam,/dlsu/goks/cam,0.000000,0,0,,0,0,,0.00,0.00,25.47,[]
/dlsu/goks/cam,/dlsu/goks/cam,0.000000,67682.24916911125,0,,0,0,,0.11,1.13,25.10,[]
/dlsu/goks/cam,/dlsu/goks/cam,0.000000,67682.33385205269,0,,0,0,,0.10,1.64,21.12,[]
/dlsu/goks/cam,/dlsu/goks/cam,0.000000,0,0,,0,0,,0.00,0.00,25.39,[]
2

/dlsu/goks/cam,/dlsu/goks/cam,0.000000,67966.52260303497,0,,0,67966.53943395615,,0.64,21.82,11495.35,[]
/dlsu/goks/cam,/dlsu/goks/cam,0.000000,67982.9591729641,0,,0,0,,0.35,0.87,23.57,[]
/dlsu/goks/cam,/dlsu/goks/cam,0.000000,0,0,,0,0,,0.00,0.00,22.56,[]
/dlsu/goks/cam,/dlsu/goks/cam,0.000000,67982.99345207214,0,,0,0,,0.05,2.10,20.75,[]
/dlsu/goks/cam,/dlsu/goks/cam,0.000000,67983.0392510891,0,,0,0,,0.17,1.30,22.04,[]
/dlsu/goks/cam,/dlsu/goks/cam,0.000000,0,0,,0,0,,0.00,0.00,20.10,[]
/dlsu/goks/cam,/dlsu/goks/cam,0.000000,67983.08739995956,0,,0,0,,0.11,1.12,20.93,[]
/dlsu/goks/cam,/dlsu/goks/cam,0.000000,67983.10352706909,0,,0,0,,0.17,0.47,25.09,[]
/dlsu/goks/cam,/dlsu/goks/cam,0.000000,67983.11963200569,0,,0,0,,0.03,0.10,25.10,[]
/dlsu/goks/cam,/dlsu/goks/cam,0.000000,67983.15147900581,0,,0,0,,0.05,0.50,23.44,[]
/dlsu/goks/cam,/dlsu/goks/cam,0.000000,67983.18311095238,0,,0,0,,0.05,0.29,23.92,[]
/dlsu/goks/cam,/dlsu/goks/cam,0.000000,67983.19944906235,0,,0,0,,0.02,0.34,24.21,[]
/dlsu/goks/cam,/dlsu/goks/cam,0.000000,67983.23166298866,0,,0,0,,0.08,0.62,21.89,[]
/dlsu/goks/cam,/dlsu/goks/cam,0.000000,67983.26328110695,0,,0,0,,0.10,0.00,25.11,[]
/dlsu/goks/cam,/dlsu/goks/cam,0.000000,67983.27916288376,0,,0,0,,0.04,0.45,24.52,[]
/dlsu/goks/cam,/dlsu/goks/cam,0.000000,67983.31126308441,0,,0,0,,0.05,0.52,25.12,[]
/dlsu/goks/cam,/dlsu/goks/cam,0.000000,67983.32751107216,0,,0,0,,0.02,0.75,25.06,[]
/dlsu/goks/cam,/dlsu/goks/cam,0.000000,0,0,,0,0,,0.00,0.00,20.73,[]
/dlsu/goks/cam,/dlsu/goks/cam,0.000000,0,0,,0,0,,0.00,0.00,23.37,[]
mfn(14)

/dlsu/goks/cam,/dlsu/goks/cam,0.000000,68106.3621160984,0,,0,68106.60103106499,,2.58,258.57,117640.79,[]
/dlsu/goks/cam,/dlsu/goks/cam,0.000000,68229.08601093292,0,,0,0,,0.10,1.75,25.17,[]
/dlsu/goks/cam,/dlsu/goks/cam,0.000000,68229.13312602043,0,,0,0,,0.05,1.50,20.66,[]
/dlsu/goks/cam,/dlsu/goks/cam,0.000000,68229.14946699142,0,,0,0,,0.02,0.79,25.11,[]
/dlsu/goks/cam,/dlsu/goks/cam,0.000000,68229.16574192047,0,,0,0,,0.02,0.32,25.09,[]
/dlsu/goks/cam,/dlsu/goks/cam,0.000000,68229.19716501236,0,,0,0,,0.02,0.67,25.13,[]
/dlsu/goks/cam,/dlsu/goks/cam,0.000000,68229.22955799103,0,,0,0,,0.04,1.07,20.82,[]
/dlsu/goks/cam,/dlsu/goks/cam,0.000000,0,0,,0,0,,0.00,0.00,21.22,[]
/dlsu/goks/cam,/dlsu/goks/cam,0.000000,68229.27689504623,0,,0,0,,0.06,1.49,21.29,[]
/dlsu/goks/cam,/dlsu/goks/cam,0.000000,68229.29277896881,0,,0,0,,0.02,0.66,20.90,[]
/dlsu/goks/cam,/dlsu/goks/cam,0.000000,68229.3245370388,0,,0,0,,0.03,0.41,20.53,[]
/dlsu/goks/cam,/dlsu/goks/cam,0.000000,68229.34057593346,0,,0,0,,0.06,0.40,24.13,[]
/dlsu/goks/cam,/dlsu/goks/cam,0.000000,68229.35639309883,0,,0,0,,0.02,0.40,25.17,[]
/dlsu/goks/cam,/dlsu/goks/cam,0.000000,68229.38970899582,0,,0,0,,0.79,0.80,25.09,[]
/dlsu/goks/cam,/dlsu/goks/cam,0.000000,68229.42093610764,0,,0,0,,0.04,0.91,24.66,[]
/dlsu/goks/cam,/dlsu/goks/cam,0.000000,68229.43658804893,0,,0,0,,0.02,0.80,25.09,[]
/dlsu/goks/cam,/dlsu/goks/cam,0.000000,68229.46892499924,0,,0,0,,0.04,0.76,22.97,[]
/dlsu/goks/cam,/dlsu/goks/cam,0.000000,68229.48435902596,0,,0,0,,0.02,0.41,25.10,[]
/dlsu/goks/cam,/dlsu/goks/cam,0.000000,68229.51667690277,0,,0,0,,0.03,0.69,23.24,[]
/dlsu/goks/cam,/dlsu/goks/cam,0.000000,68229.53266310692,0,,0,0,,0.03,0.72,25.07,[]
/dlsu/goks/cam,/dlsu/goks/cam,0.000000,68229.56483101845,0,,0,0,,0.04,0.84,25.10,[]
/dlsu/goks/cam,/dlsu/goks/cam,0.000000,68229.5962510109,0,,0,0,,0.10,1.16,21.96,[]
/dlsu/goks/cam,/dlsu/goks/cam,0.000000,68229.61268401146,0,,0,0,,0.15,0.78,20.94,[]
/dlsu/goks/cam,/dlsu/goks/cam,0.000000,0,0,,0,0,,0.00,0.00,23.63,[]
/dlsu/goks/cam,/dlsu/goks/cam,0.000000,68229.66049790382,0,,0,0,,0.04,1.24,23.01,[]
/dlsu/goks/cam,/dlsu/goks/cam,0.000000,0,0,,0,0,,0.00,0.00,25.29,[]
/dlsu/goks/cam,/dlsu/goks/cam,0.000000,68229.70936489105,0,,0,0,,0.09,1.56,23.75,[]
/dlsu/goks/cam,/dlsu/goks/cam,0.000000,68229.72442102432,0,,0,0,,0.08,0.77,23.55,[]
/dlsu/goks/cam,/dlsu/goks/cam,0.000000,68229.75605010986,0,,0,0,,0.05,1.09,24.01,[]
/dlsu/goks/cam,/dlsu/goks/cam,0.000000,68229.77237796783,0,,0,0,,0.02,0.79,25.08,[]
/dlsu/goks/cam,/dlsu/goks/cam,0.000000,68229.80404996872,0,,0,0,,0.03,0.97,20.93,[]
/dlsu/goks/cam,/dlsu/goks/cam,0.000000,68229.82026696205,0,,0,0,,0.03,0.66,25.08,[]
/dlsu/goks/cam,/dlsu/goks/cam,0.000000,68229.85198497772,0,,0,0,,0.02,0.59,22.16,[]
/dlsu/goks/cam,/dlsu/goks/cam,0.000000,68229.86805200577,0,,0,0,,0.04,0.83,21.85,[]
/dlsu/goks/cam,/dlsu/goks/cam,0.000000,68229.90008306503,0,,0,0,,0.02,0.78,25.12,[]
/dlsu/goks/cam,/dlsu/goks/cam,0.000000,68229.91627597809,0,,0,0,,0.06,1.07,25.03,[]
/dlsu/goks/cam,/dlsu/goks/cam,0.000000,68229.94779491425,0,,0,0,,0.02,0.74,21.99,[]
/dlsu/goks/cam,/dlsu/goks/cam,0.000000,0,0,,0,0,,0.00,0.00,22.13,[]
/dlsu/goks/cam,/dlsu/goks/cam,0.000000,68229.99586009979,0,,0,0,,0.27,3.02,25.12,[]
/dlsu/goks/cam,/dlsu/goks/cam,0.000000,68230.0115571022,0,,0,0,,0.07,1.17,23.89,[]
/dlsu/goks/cam,/dlsu/goks/cam,0.000000,68230.0438940525,0,,0,0,,0.14,1.43,22.55,[]
/dlsu/goks/cam,/dlsu/goks/cam,0.000000,68230.0596280098,0,,0,0,,0.03,1.00,21.37,[]
/dlsu/goks/cam,/dlsu/goks/cam,0.000000,68230.09146404266,0,,0,0,,0.05,1.35,21.53,[]
/dlsu/goks/cam,/dlsu/goks/cam,0.000000,0,0,,0,0,,0.00,0.00,25.09,[]
/dlsu/goks/cam,/dlsu/goks/cam,0.000000,68230.13964295387,0,,0,0,,0.03,0.88,25.71,[]
/dlsu/goks/cam,/dlsu/goks/cam,0.000000,68230.15565109253,0,,0,0,,0.09,0.90,23.76,[]
/dlsu/goks/cam,/dlsu/goks/cam,0.000000,68230.18722200394,0,,0,0,,0.03,0.66,24.41,[]
/dlsu/goks/cam,/dlsu/goks/cam,0.000000,0,0,,0,0,,0.00,0.00,24.37,[]
/dlsu/goks/cam,/dlsu/goks/cam,0.000000,68230.23495411873,0,,0,0,,0.05,1.73,24.61,[]
/dlsu/goks/cam,/dlsu/goks/cam,0.000000,68230.25722503662,0,,0,0,,0.04,4.46,22.48,[]
/dlsu/goks/cam,/dlsu/goks/cam,0.000000,68230.2862238884,0,,0,0,,0.50,12.01,34.85,[]
/dlsu/goks/cam,/dlsu/goks/cam,0.000000,68230.36127400398,0,,0,0,,6.98,9.70,53.89,[]
/dlsu/goks/cam,/dlsu/goks/cam,0.000000,68230.38207697868,0,,0,0,,0.05,5.78,32.59,[]
/dlsu/goks/cam,/dlsu/goks/cam,0.000000,68230.41038489342,0,,0,0,,0.10,0.83,27.72,[]
/dlsu/goks/cam,/dlsu/goks/cam,0.000000,68230.44233894348,0,,0,0,,0.14,6.05,21.63,[]
/dlsu/goks/cam,/dlsu/goks/cam,0.000000,0,0,,0,0,,0.00,0.00,25.07,[]
/dlsu/goks/cam,/dlsu/goks/cam,0.000000,68230.49015402794,0,,0,0,,0.15,1.92,22.61,[]
/dlsu/goks/cam,/dlsu/goks/cam,0.000000,68230.50621700287,0,,0,0,,0.02,0.63,25.08,[]
/dlsu/goks/cam,/dlsu/goks/cam,0.000000,68230.5380411148,0,,0,0,,0.02,0.69,20.23,[]
/dlsu/goks/cam,/dlsu/goks/cam,0.000000,68230.55408501625,0,,0,0,,0.03,1.00,21.85,[]
/dlsu/goks/cam,/dlsu/goks/cam,0.000000,68230.58563399315,0,,0,0,,0.07,0.94,22.14,[]
/dlsu/goks/cam,/dlsu/goks/cam,0.000000,68230.60157799721,0,,0,0,,0.02,0.44,21.57,[]
/dlsu/goks/cam,/dlsu/goks/cam,0.000000,68230.63354110718,0,,0,0,,0.05,1.82,25.39,[]
/dlsu/goks/cam,/dlsu/goks/cam,0.000000,0,0,,0,0,,0.00,0.00,23.56,[]
/dlsu/goks/cam,/dlsu/goks/cam,0.000000,68230.66586494446,0,,0,0,,0.02,0.73,25.08,[]
/dlsu/goks/cam,/dlsu/goks/cam,0.000000,68230.69787192345,0,,0,0,,0.03,0.70,21.87,[]
/dlsu/goks/cam,/dlsu/goks/cam,0.000000,68230.71458697319,0,,0,0,,0.38,1.91,25.06,[]
/dlsu/goks/cam,/dlsu/goks/cam,0.000000,68230.74592089653,0,,0,0,,0.13,0.85,21.03,[]
/dlsu/goks/cam,/dlsu/goks/cam,0.000000,68230.7617199421,0,,0,0,,0.02,1.10,22.40,[]
/dlsu/goks/cam,/dlsu/goks/cam,0.000000,68230.77750992775,0,,0,0,,0.02,1.11,25.11,[]
/dlsu/goks/cam,/dlsu/goks/cam,0.000000,68230.82530093193,0,,0,0,,0.15,0.84,24.05,[]
/dlsu/goks/cam,/dlsu/goks/cam,0.000000,68230.84160399437,0,,0,0,,0.02,0.63,24.24,[]
/dlsu/goks/cam,/dlsu/goks/cam,0.000000,68230.8733830452,0,,0,0,,0.06,0.65,24.18,[]
/dlsu/goks/cam,/dlsu/goks/cam,0.000000,68230.88962507248,0,,0,0,,0.02,0.76,20.44,[]
/dlsu/goks/cam,/dlsu/goks/cam,0.000000,68230.92111992836,0,,0,0,,0.02,0.33,25.64,[]
/dlsu/goks/cam,/dlsu/goks/cam,0.000000,68230.92268800735,0,,0,0,,0.02,0.48,23.36,[]
/dlsu/goks/cam,/dlsu/goks/cam,0.000000,68230.96952199936,0,,0,0,,0.03,1.11,25.16,[]
/dlsu/goks/cam,/dlsu/goks/cam,0.000000,68230.98511791229,0,,0,0,,0.08,1.01,24.69,[]
/dlsu/goks/cam,/dlsu/goks/cam,0.000000,68231.01733708382,0,,0,0,,0.06,1.41,21.21,[]
/dlsu/goks/cam,/dlsu/goks/cam,0.000000,0,0,,0,0,,0.00,0.00,23.83,[]
/dlsu/goks/cam,/dlsu/goks/cam,0.000000,68231.06523394585,0,,0,0,,0.04,1.39,23.05,[]
/dlsu/goks/cam,/dlsu/goks/cam,0.000000,68231.08126211166,0,,0,0,,0.03,0.64,25.06,[]
/dlsu/goks/cam,/dlsu/goks/cam,0.000000,68231.11278605461,0,,0,0,,0.03,0.88,25.43,[]
/dlsu/goks/cam,/dlsu/goks/cam,0.000000,0,0,,0,0,,0.00,0.00,21.06,[]
/dlsu/goks/cam,/dlsu/goks/cam,0.000000,0,0,,0,0,,0.00,0.00,20.71,[]
/dlsu/goks/cam,/dlsu/goks/cam,0.000000,68231.17699599266,0,,0,0,,0.14,1.64,24.69,[]
/dlsu/goks/cam,/dlsu/goks/cam,0.000000,68231.19303488731,0,,0,0,,0.08,0.69,25.32,[]
/dlsu/goks/cam,/dlsu/goks/cam,0.000000,68231.22513604164,0,,0,0,,0.06,0.94,25.33,[]
/dlsu/goks/cam,/dlsu/goks/cam,0.000000,68231.2414560318,0,,0,0,,0.03,0.48,25.29,[]
/dlsu/goks/cam,/dlsu/goks/cam,0.000000,68231.27258300781,0,,0,0,,0.05,0.72,25.09,[]
/dlsu/goks/cam,/dlsu/goks/cam,0.000000,68231.28818202019,0,,0,0,,0.02,0.38,25.07,[]
/dlsu/goks/cam,/dlsu/goks/cam,0.000000,68231.33695602417,0,,0,0,,0.31,0.88,25.64,[]
/dlsu/goks/cam,/dlsu/goks/cam,0.000000,0,0,,0,0,,0.00,0.00,20.78,[]
/dlsu/goks/cam,/dlsu/goks/cam,0.000000,68231.36908197403,0,,0,0,,0.03,0.70,25.40,[]
/dlsu/goks/cam,/dlsu/goks/cam,0.000000,68231.40045189857,0,,0,0,,0.03,0.67,21.70,[]
/dlsu/goks/cam,/dlsu/goks/cam,0.000000,68231.41673398018,0,,0,0,,0.02,0.72,25.09,[]
/dlsu/goks/cam,/dlsu/goks/cam,0.000000,68231.43380904198,0,,0,0,,0.02,0.75,25.13,[]
/dlsu/goks/cam,/dlsu/goks/cam,0.000000,68231.46462202072,0,,0,0,,0.08,0.69,25.12,[]
/dlsu/goks/cam,/dlsu/goks/cam,0.000000,68231.49700188637,0,,0,0,,0.04,1.12,25.09,[]
/dlsu/goks/cam,/dlsu/goks/cam,0.000000,68231.52905011177,0,,0,0,,0.08,2.12,25.01,[]
/dlsu/goks/cam,/dlsu/goks/cam,0.000000,68231.5448319912,0,,0,0,,0.03,1.51,25.09,[]
/dlsu/goks/cam,/dlsu/goks/cam,0.000000,68231.57788205147,0,,0,0,,0.04,2.34,25.36,[]
/dlsu/goks/cam,/dlsu/goks/cam,0.000000,68231.59329795837,0,,0,0,,0.06,2.44,20.92,[]
/dlsu/goks/cam,/dlsu/goks/cam,0.000000,68231.62443804741,0,,0,0,,0.06,1.08,24.53,[]
/dlsu/goks/cam,/dlsu/goks/cam,0.000000,68231.64018201828,0,,0,0,,0.04,0.62,20.73,[]
/dlsu/goks/cam,/dlsu/goks/cam,0.000000,68231.65629601479,0,,0,0,,0.10,0.85,21.75,[]
/dlsu/goks/cam,/dlsu/goks/cam,0.000000,68231.68838691711,0,,0,0,,0.06,0.45,25.09,[]
/dlsu/goks/cam,/dlsu/goks/cam,0.000000,68231.70418596268,0,,0,0,,0.04,0.54,25.09,[]
/dlsu/goks/cam,/dlsu/goks/cam,0.000000,68231.73615288734,0,,0,0,,0.02,1.06,25.21,[]
/dlsu/goks/cam,/dlsu/goks/cam,0.000000,68231.76802706718,0,,0,0,,0.10,1.58,25.09,[]
/dlsu/goks/cam,/dlsu/goks/cam,0.000000,68231.78398108482,0,,0,0,,0.05,0.89,20.94,[]
/dlsu/goks/cam,/dlsu/goks/cam,0.000000,68231.81592702866,0,,0,0,,0.04,1.01,25.10,[]
/dlsu/goks/cam,/dlsu/goks/cam,0.000000,0,0,,0,0,,0.00,0.00,25.07,[]
/dlsu/goks/cam,/dlsu/goks/cam,0.000000,68231.86412501335,0,,0,0,,0.17,1.44,20.75,[]
/dlsu/goks/cam,/dlsu/goks/cam,0.000000,68231.87996602058,0,,0,0,,0.03,0.66,25.09,[]
/dlsu/goks/cam,/dlsu/goks/cam,0.000000,68231.89564609528,0,,0,0,,0.02,0.35,25.11,[]
/dlsu/goks/cam,/dlsu/goks/cam,0.000000,68231.92785406113,0,,0,0,,0.04,0.66,23.64,[]
/dlsu/goks/cam,/dlsu/goks/cam,0.000000,68231.95963311195,0,,0,0,,0.02,0.89,24.11,[]
/dlsu/goks/cam,/dlsu/goks/cam,0.000000,68231.99161291122,0,,0,0,,0.13,2.75,25.05,[]
/dlsu/goks/cam,/dlsu/goks/cam,0.000000,68232.0074930191,0,,0,0,,0.03,0.73,25.08,[]
/dlsu/goks/cam,/dlsu/goks/cam,0.000000,68232.03931593895,0,,0,0,,0.05,0.82,23.09,[]
/dlsu/goks/cam,/dlsu/goks/cam,0.000000,68232.0552380085,0,,0,0,,0.03,0.85,23.95,[]
/dlsu/goks/cam,/dlsu/goks/cam,0.000000,68232.0870680809,0,,0,0,,0.06,0.81,25.09,[]
/dlsu/goks/cam,/dlsu/goks/cam,0.000000,68232.10306096077,0,,0,0,,0.02,0.72,25.09,[]
/dlsu/goks/cam,/dlsu/goks/cam,0.000000,68232.11889791489,0,,0,0,,0.14,0.64,25.69,[]
/dlsu/goks/cam,/dlsu/goks/cam,0.000000,68232.16681289673,0,,0,0,,0.07,1.82,25.07,[]
/dlsu/goks/cam,/dlsu/goks/cam,0.000000,68232.18271303177,0,,0,0,,0.02,0.61,22.73,[]
/dlsu/goks/cam,/dlsu/goks/cam,0.000000,0,0,,0,0,,0.00,0.00,23.13,[]
/dlsu/goks/cam,/dlsu/goks/cam,0.000000,68232.23146796227,0,,0,0,,0.09,1.11,24.56,[]
/dlsu/goks/cam,/dlsu/goks/cam,0.000000,68232.26288890839,0,,0,0,,0.04,0.00,21.18,[]
/dlsu/goks/cam,/dlsu/goks/cam,0.000000,68232.27892899513,0,,0,0,,0.07,2.73,22.91,[]
/dlsu/goks/cam,/dlsu/goks/cam,0.000000,0,0,,0,0,,0.00,0.00,21.97,[]
/dlsu/goks/cam,/dlsu/goks/cam,0.000000,68232.32658195496,0,,0,0,,0.14,1.78,24.78,[]
/dlsu/goks/cam,/dlsu/goks/cam,0.000000,68232.34308099747,0,,0,0,,0.05,0.78,24.26,[]
/dlsu/goks/cam,/dlsu/goks/cam,0.000000,68232.37452697754,0,,0,0,,0.04,0.65,23.99,[]
/dlsu/goks/cam,/dlsu/goks/cam,0.000000,68232.39036297798,0,,0,0,,0.02,1.02,25.21,[]
/dlsu/goks/cam,/dlsu/goks/cam,0.000000,68232.4226360321,0,,0,0,,0.02,0.72,25.09,[]
/dlsu/goks/cam,/dlsu/goks/cam,0.000000,68232.4549229145,0,,0,0,,0.04,1.01,24.27,[]
/dlsu/goks/cam,/dlsu/goks/cam,0.000000,68232.47115898132,0,,0,0,,0.04,1.04,25.17,[]
/dlsu/goks/cam,/dlsu/goks/cam,0.000000,0,0,,0,0,,0.00,0.00,25.13,[]
/dlsu/goks/cam,/dlsu/goks/cam,0.000000,68232.53459692001,0,,0,0,,0.06,1.78,25.45,[]
/dlsu/goks/cam,/dlsu/goks/cam,0.000000,68232.55077791214,0,,0,0,,0.04,0.55,20.54,[]
/dlsu/goks/cam,/dlsu/goks/cam,0.000000,68232.56691908836,0,,0,0,,0.10,0.67,21.74,[]
/dlsu/goks/cam,/dlsu/goks/cam,0.000000,68232.59898996353,0,,0,0,,0.03,0.84,25.08,[]
/dlsu/goks/cam,/dlsu/goks/cam,0.000000,68232.61487197876,0,,0,0,,0.02,0.66,21.81,[]
/dlsu/goks/cam,/dlsu/goks/cam,0.000000,68232.64679694176,0,,0,0,,0.02,0.72,25.08,[]
/dlsu/goks/cam,/dlsu/goks/cam,0.000000,68232.66262793541,0,,0,0,,0.02,0.74,25.07,[]
/dlsu/goks/cam,/dlsu/goks/cam,0.000000,68232.67842888832,0,,0,0,,0.01,0.59,22.59,[]
/dlsu/goks/cam,/dlsu/goks/cam,0.000000,68232.71054410934,0,,0,0,,0.02,0.95,25.04,[]
/dlsu/goks/cam,/dlsu/goks/cam,0.000000,68232.72649097443,0,,0,0,,0.12,0.72,24.05,[]
/dlsu/goks/cam,/dlsu/goks/cam,0.000000,68232.7584760189,0,,0,0,,0.02,0.77,20.58,[]
/dlsu/goks/cam,/dlsu/goks/cam,0.000000,68232.79039406776,0,,0,0,,0.21,2.21,24.97,[]
/dlsu/goks/cam,/dlsu/goks/cam,0.000000,68232.82204198837,0,,0,0,,0.05,0.68,25.69,[]
/dlsu/goks/cam,/dlsu/goks/cam,0.000000,68232.8382871151,0,,0,0,,0.03,0.64,25.09,[]
/dlsu/goks/cam,/dlsu/goks/cam,0.000000,68232.87041306496,0,,0,0,,0.05,0.77,25.09,[]
/dlsu/goks/cam,/dlsu/goks/cam,0.000000,68232.88589501381,0,,0,0,,0.02,0.84,24.88,[]
/dlsu/goks/cam,/dlsu/goks/cam,0.000000,68232.9016149044,0,,0,0,,0.02,0.47,25.17,[]
/dlsu/goks/cam,/dlsu/goks/cam,0.000000,68232.93406105042,0,,0,0,,0.03,0.87,20.67,[]
/dlsu/goks/cam,/dlsu/goks/cam,0.000000,68232.96613001823,0,,0,0,,0.02,0.70,25.07,[]
/dlsu/goks/cam,/dlsu/goks/cam,0.000000,68232.98199510574,0,,0,0,,0.02,0.60,21.28,[]
/dlsu/goks/cam,/dlsu/goks/cam,0.000000,68233.01416802406,0,,0,0,,0.06,0.80,24.88,[]
/dlsu/goks/cam,/dlsu/goks/cam,0.000000,68233.0302939415,0,,0,0,,0.13,0.94,24.83,[]
/dlsu/goks/cam,/dlsu/goks/cam,0.000000,68233.04585289955,0,,0,0,,0.02,0.68,21.31,[]
/dlsu/goks/cam,/dlsu/goks/cam,0.000000,68233.07786011696,0,,0,0,,0.03,0.77,25.09,[]
/dlsu/goks/cam,/dlsu/goks/cam,0.000000,68233.10965394974,0,,0,0,,0.03,1.80,24.46,[]
/dlsu/goks/cam,/dlsu/goks/cam,0.000000,0,0,,0,0,,0.00,0.00,22.31,[]
/dlsu/goks/cam,/dlsu/goks/cam,0.000000,68233.14139604568,0,,0,0,,0.08,0.79,25.13,[]
/dlsu/goks/cam,/dlsu/goks/cam,0.000000,68233.17432308197,0,,0,0,,0.06,0.70,21.28,[]
/dlsu/goks/cam,/dlsu/goks/cam,0.000000,68233.20507597923,0,,0,0,,0.04,0.36,24.54,[]
/dlsu/goks/cam,/dlsu/goks/cam,0.000000,68233.22117495537,0,,0,0,,0.03,0.56,25.06,[]
/dlsu/goks/cam,/dlsu/goks/cam,0.000000,68233.25315594673,0,,0,0,,0.03,0.84,24.17,[]
/dlsu/goks/cam,/dlsu/goks/cam,0.000000,68233.26891899109,0,,0,0,,0.02,0.64,25.11,[]
/dlsu/goks/cam,/dlsu/goks/cam,0.000000,68233.30085301399,0,,0,0,,0.04,0.58,24.11,[]
/dlsu/goks/cam,/dlsu/goks/cam,0.000000,68233.31700706482,0,,0,0,,0.07,0.75,24.14,[]
/dlsu/goks/cam,/dlsu/goks/cam,0.000000,68233.3494169712,0,,0,0,,0.19,1.12,23.35,[]
/dlsu/goks/cam,/dlsu/goks/cam,0.000000,68233.3809978962,0,,0,0,,0.06,0.78,25.09,[]
/dlsu/goks/cam,/dlsu/goks/cam,0.000000,68233.39690089226,0,,0,0,,0.03,0.69,22.21,[]
/dlsu/goks/cam,/dlsu/goks/cam,0.000000,0,0,,0,0,,0.00,0.00,20.21,[]
/dlsu/goks/cam,/dlsu/goks/cam,0.000000,68233.42852711678,0,,0,0,,0.05,0.49,24.11,[]
/dlsu/goks/cam,/dlsu/goks/cam,0.000000,68233.4611530304,0,,0,0,,0.13,0.79,22.59,[]
/dlsu/goks/cam,/dlsu/goks/cam,0.000000,68233.47685599327,0,,0,0,,0.24,0.68,25.10,[]
/dlsu/goks/cam,/dlsu/goks/cam,0.000000,68233.50905704498,0,,0,0,,0.02,1.08,22.46,[]
/dlsu/goks/cam,/dlsu/goks/cam,0.000000,68233.54110097885,0,,0,0,,0.17,2.94,25.20,[]
/dlsu/goks/cam,/dlsu/goks/cam,0.000000,68233.5619790554,0,,0,0,,0.05,9.40,51.60,[]
/dlsu/goks/cam,/dlsu/goks/cam,0.000000,68233.66948103905,0,,0,0,,0.88,30.90,34.22,[]
/dlsu/goks/cam,/dlsu/goks/cam,0.000000,0,0,,0,0,,0.00,0.00,35.28,[]
/dlsu/goks/cam,/dlsu/goks/cam,0.000000,68233.7194070816,0,,0,0,,0.35,3.59,25.81,[]
/dlsu/goks/cam,/dlsu/goks/cam,0.000000,68233.7650589943,0,,0,0,,0.09,1.55,25.12,[]
/dlsu/goks/cam,/dlsu/goks/cam,0.000000,68233.78074097633,0,,0,0,,0.03,0.35,23.00,[]
/dlsu/goks/cam,/dlsu/goks/cam,0.000000,68233.79700803757,0,,0,0,,0.03,0.82,25.08,[]
/dlsu/goks/cam,/dlsu/goks/cam,0.000000,68233.82892990112,0,,0,0,,0.03,0.70,20.48,[]
/dlsu/goks/cam,/dlsu/goks/cam,0.000000,68233.84509897232,0,,0,0,,0.02,1.04,21.43,[]
/dlsu/goks/cam,/dlsu/goks/cam,0.000000,68233.87678909302,0,,0,0,,0.02,0.75,23.48,[]
/dlsu/goks/cam,/dlsu/goks/cam,0.000000,0,0,,0,0,,0.00,0.00,23.12,[]
/dlsu/goks/cam,/dlsu/goks/cam,0.000000,68233.92470908165,0,,0,0,,0.05,1.23,21.92,[]
/dlsu/goks/cam,/dlsu/goks/cam,0.000000,0,0,,0,0,,0.00,0.00,25.09,[]
/dlsu/goks/cam,/dlsu/goks/cam,0.000000,68233.97300696373,0,,0,0,,0.17,1.82,24.27,[]
/dlsu/goks/cam,/dlsu/goks/cam,0.000000,68233.9879720211,0,,0,0,,0.06,0.97,25.08,[]
/dlsu/goks/cam,/dlsu/goks/cam,0.000000,68234.02032804489,0,,0,0,,0.04,0.75,22.22,[]
/dlsu/goks/cam,/dlsu/goks/cam,0.000000,68234.03629589081,0,,0,0,,0.02,0.72,20.25,[]
/dlsu/goks/cam,/dlsu/goks/cam,0.000000,68234.06792092323,0,,0,0,,0.03,0.88,25.35,[]
/dlsu/goks/cam,/dlsu/goks/cam,0.000000,68234.08391904831,0,,0,0,,0.03,1.00,22.91,[]
/dlsu/goks/cam,/dlsu/goks/cam,0.000000,68234.1000649929,0,,0,0,,0.14,0.85,21.52,[]
/dlsu/goks/cam,/dlsu/goks/cam,0.000000,68234.13236093521,0,,0,0,,0.03,0.73,24.29,[]
/dlsu/goks/cam,/dlsu/goks/cam,0.000000,68234.14799404144,0,,0,0,,0.02,0.46,25.11,[]
/dlsu/goks/cam,/dlsu/goks/cam,0.000000,68234.18106102943,0,,0,0,,0.04,1.20,20.37,[]
/dlsu/goks/cam,/dlsu/goks/cam,0.000000,0,0,,0,0,,0.00,0.00,20.43,[]
/dlsu/goks/cam,/dlsu/goks/cam,0.000000,68234.22960400581,0,,0,0,,0.09,1.74,25.08,[]
/dlsu/goks/cam,/dlsu/goks/cam,0.000000,68234.24459505081,0,,0,0,,0.04,1.11,24.48,[]
/dlsu/goks/cam,/dlsu/goks/cam,0.000000,68234.27654504776,0,,0,0,,0.03,0.88,23.80,[]
/dlsu/goks/cam,/dlsu/goks/cam,0.000000,68234.30843806267,0,,0,0,,0.07,0.93,25.41,[]
/dlsu/goks/cam,/dlsu/goks/cam,0.000000,68234.32402300835,0,,0,0,,0.04,0.85,21.91,[]
/dlsu/goks/cam,/dlsu/goks/cam,0.000000,68234.34028601646,0,,0,0,,0.02,0.68,25.10,[]
/dlsu/goks/cam,/dlsu/goks/cam,0.000000,68234.37215900421,0,,0,0,,0.04,0.67,21.36,[]
/dlsu/goks/cam,/dlsu/goks/cam,0.000000,68234.40387797356,0,,0,0,,0.08,0.62,25.33,[]
/dlsu/goks/cam,/dlsu/goks/cam,0.000000,68234.41988897324,0,,0,0,,0.11,0.63,20.90,[]
/dlsu/goks/cam,/dlsu/goks/cam,0.000000,0,0,,0,0,,0.00,0.00,25.08,[]
/dlsu/goks/cam,/dlsu/goks/cam,0.000000,68234.46751308441,0,,0,0,,0.08,0.84,24.15,[]
/dlsu/goks/cam,/dlsu/goks/cam,0.000000,68234.49970889091,0,,0,0,,0.10,0.00,23.69,[]
/dlsu/goks/cam,/dlsu/goks/cam,0.000000,0,0,,0,0,,0.00,1.22,25.07,[]
/dlsu/goks/cam,/dlsu/goks/cam,0.000000,68234.53213310242,0,,0,0,,0.04,0.95,25.08,[]
/dlsu/goks/cam,/dlsu/goks/cam,0.000000,0,0,,0,0,,0.00,0.00,25.15,[]
/dlsu/goks/cam,/dlsu/goks/cam,0.000000,0,0,,0,0,,0.00,0.00,23.78,[]
/dlsu/goks/cam,/dlsu/goks/cam,0.000000,0,0,,0,0,,0.00,0.00,23.53,[]
/dlsu/goks/cam,/dlsu/goks/cam,0.000000,0,0,,0,0,,0.00,0.00,25.35,[]
/dlsu/goks/cam,/dlsu/goks/cam,0.000000,0,0,,0,0,,0.00,0.00,25.12,[]
/dlsu/goks/cam,/dlsu/goks/cam,0.000000,0,0,,0,0,,0.00,0.00,25.09,[]
/dlsu/goks/cam,/dlsu/goks/cam,0.000000,0,0,,0,0,,0.00,0.00,24.40,[]
/dlsu/goks/cam,/dlsu/goks/cam,0.000000,0,0,,0,0,,0.00,0.00,25.46,[]
/dlsu/goks/cam,/dlsu/goks/cam,0.000000,0,0,,0,0,,0.00,0.00,21.87,[]
/dlsu/goks/cam,/dlsu/goks/cam,0.000000,0,0,,0,0,,0.00,0.00,25.15,[]
/dlsu/goks/cam,/dlsu/goks/cam,0.000000,0,0,,0,0,,0.00,0.00,25.08,[]
/dlsu/goks/cam,/dlsu/goks/cam,0.000000,0,0,,0,0,,0.00,0.00,25.45,[]
/dlsu/goks/cam,/dlsu/goks/cam,0.000000,0,0,,0,0,,0.00,0.00,23.52,[]
/dlsu/goks/cam,/dlsu/goks/cam,0.000000,0,0,,0,0,,0.00,0.00,25.08,[]
/dlsu/goks/cam,/dlsu/goks/cam,0.000000,0,0,,0,0,,0.00,0.00,24.34,[]
/dlsu/goks/cam,/dlsu/goks/cam,0.000000,0,0,,0,0,,0.00,0.00,23.91,[]
/dlsu/goks/cam,/dlsu/goks/cam,0.000000,0,0,,0,0,,0.00,0.00,21.60,[]
/dlsu/goks/cam,/dlsu/goks/cam,0.000000,0,0,,0,0,,0.00,0.00,25.49,[]
/dlsu/goks/cam,/dlsu/goks/cam,0.000000,0,0,,0,0,,0.00,0.00,23.85,[]
/dlsu/goks/cam,/dlsu/goks/cam,0.000000,0,0,,0,0,,0.00,0.00,25.11,[]
/dlsu/goks/cam,/dlsu/goks/cam,0.000000,0,0,,0,0,,0.00,0.00,21.79,[]
/dlsu/goks/cam,/dlsu/goks/cam,0.000000,0,0,,0,0,,0.00,0.00,22.74,[]
/dlsu/goks/cam,/dlsu/goks/cam,0.000000,0,0,,0,0,,0.00,0.00,23.52,[]
/dlsu/goks/cam,/dlsu/goks/cam,0.000000,0,0,,0,0,,0.00,0.00,25.36,[]
/dlsu/goks/cam,/dlsu/goks/cam,0.000000,68239.33636808395,0,,0,0,,0.17,2.02,20.30,[]
/dlsu/goks/cam,/dlsu/goks/cam,0.000000,0,0,,0,0,,0.00,0.00,25.08,[]
/dlsu/goks/cam,/dlsu/goks/cam,0.000000,68239.38460493088,0,,0,0,,0.06,1.12,24.36,[]
/dlsu/goks/cam,/dlsu/goks/cam,0.000000,68239.41601204872,0,,0,0,,0.07,0.74,20.43,[]
/dlsu/goks/cam,/dlsu/goks/cam,0.000000,68239.44897389412,0,,0,0,,0.08,2.29,24.21,[]
/dlsu/goks/cam,/dlsu/goks/cam,0.000000,68239.47999811172,0,,0,0,,0.07,0.87,25.29,[]
/dlsu/goks/cam,/dlsu/goks/cam,0.000000,0,0,,0,0,,0.00,1.20,20.48,[]
/dlsu/goks/cam,/dlsu/goks/cam,0.000000,68239.51163506508,0,,0,0,,0.02,1.03,23.88,[]
/dlsu/goks/cam,/dlsu/goks/cam,0.000000,68239.52751302719,0,,0,0,,0.02,0.35,25.36,[]
/dlsu/goks/cam,/dlsu/goks/cam,0.000000,68239.55975794792,0,,0,0,,0.08,1.00,25.07,[]
/dlsu/goks/cam,/dlsu/goks/cam,0.000000,68239.59195590019,0,,0,0,,0.07,0.85,25.08,[]
/dlsu/goks/cam,/dlsu/goks/cam,0.000000,0,0,,0,0,,0.00,0.00,25.08,[]
/dlsu/goks/cam,/dlsu/goks/cam,0.000000,68244.34525895119,0,,0,0,,0.14,1.53,25.15,[]
/dlsu/goks/cam,/dlsu/goks/cam,0.000000,68248.35078907013,0,,0,0,,0.12,1.16,23.61,[]
/dlsu/goks/cam,/dlsu/goks/cam,0.000000,68252.34184908867,0,,0,0,,0.12,1.10,25.16,[]
mfn(2)

/dlsu/goks/cam,/dlsu/goks/cam,0.000000,68361.49553799629,0,,0,68361.50894999504,,1.15,18.47,11432.59,[]
/dlsu/goks/cam,/dlsu/goks/cam,0.000000,68377.16145706177,0,,0,0,,0.15,1.16,25.20,[]
/dlsu/goks/cam,/dlsu/goks/cam,0.000000,68377.21405410767,0,,0,0,,0.14,4.82,23.39,[]
/dlsu/goks/cam,/dlsu/goks/cam,0.000000,68377.24102306366,0,,0,0,,0.17,5.76,22.97,[]
/dlsu/goks/cam,/dlsu/goks/cam,0.000000,68377.27334809303,0,,0,0,,0.07,0.67,24.61,[]
/dlsu/goks/cam,/dlsu/goks/cam,0.000000,68377.30730390549,0,,0,0,,0.35,1.47,21.26,[]
/dlsu/goks/cam,/dlsu/goks/cam,0.000000,0,0,,0,0,,0.00,0.00,28.50,[]
/dlsu/goks/cam,/dlsu/goks/cam,0.000000,68377.34072804451,0,,0,0,,0.00,1.38,21.37,[]
/dlsu/goks/cam,/dlsu/goks/cam,0.000000,68377.36970591545,0,,0,0,,0.05,0.90,21.00,[]
/dlsu/goks/cam,/dlsu/goks/cam,0.000000,68377.40122699738,0,,0,0,,0.04,0.61,21.89,[]
/dlsu/goks/cam,/dlsu/goks/cam,0.000000,68377.41682291031,0,,0,0,,0.03,0.62,25.10,[]
/dlsu/goks/cam,/dlsu/goks/cam,0.000000,68377.43369197845,0,,0,0,,0.02,0.22,23.97,[]
/dlsu/goks/cam,/dlsu/goks/cam,0.000000,68377.4651389122,0,,0,0,,0.02,0.66,25.09,[]
/dlsu/goks/cam,/dlsu/goks/cam,0.000000,68377.49745988846,0,,0,0,,0.04,0.66,21.89,[]
/dlsu/goks/cam,/dlsu/goks/cam,0.000000,68377.5289709568,0,,0,0,,0.05,0.00,25.40,[]
/dlsu/goks/cam,/dlsu/goks/cam,0.000000,68377.54503297806,0,,0,0,,0.02,0.66,25.06,[]
/dlsu/goks/cam,/dlsu/goks/cam,0.000000,68377.56106805801,0,,0,0,,0.03,0.82,21.47,[]
/dlsu/goks/cam,/dlsu/goks/cam,0.000000,68377.59371590614,0,,0,0,,0.04,0.68,20.40,[]
/dlsu/goks/cam,/dlsu/goks/cam,0.000000,68377.60897994041,0,,0,0,,0.04,0.70,25.83,[]
/dlsu/goks/cam,/dlsu/goks/cam,0.000000,68377.64131307602,0,,0,0,,0.07,0.86,25.41,[]
/dlsu/goks/cam,/dlsu/goks/cam,0.000000,0,0,,0,0,,0.00,0.00,24.64,[]
/dlsu/goks/cam,/dlsu/goks/cam,0.000000,0,0,,0,0,,0.00,0.00,25.39,[]
/dlsu/goks/cam,/dlsu/goks/cam,0.000000,0,0,,0,0,,0.00,0.00,25.26,[]
/dlsu/goks/cam,/dlsu/goks/cam,0.000000,68382.20459008217,0,,0,0,,0.13,1.14,20.57,[]
/dlsu/goks/cam,/dlsu/goks/cam,0.000000,0,0,,0,0,,0.00,0.00,25.11,[]
/dlsu/goks/cam,/dlsu/goks/cam,0.000000,68382.23703598976,0,,0,0,,0.07,0.59,25.09,[]
if(14)

/dlsu/goks/cam,/dlsu/goks/cam,0.000000,68421.53776192665,0,,0,68421.62933111191,,1.00,92.93,117030.34,[]
/dlsu/goks/cam,/dlsu/goks/cam,0.000000,68543.29658007622,0,,0,0,,0.09,1.80,25.17,[]
/dlsu/goks/cam,/dlsu/goks/cam,0.000000,68543.34432792664,0,,0,0,,0.09,1.66,24.00,[]
/dlsu/goks/cam,/dlsu/goks/cam,0.000000,68543.37628006935,0,,0,0,,0.03,0.82,23.91,[]
/dlsu/goks/cam,/dlsu/goks/cam,0.000000,68543.39228701591,0,,0,0,,0.03,0.61,21.69,[]
/dlsu/goks/cam,/dlsu/goks/cam,0.000000,68543.40832209587,0,,0,0,,0.06,0.70,20.68,[]
/dlsu/goks/cam,/dlsu/goks/cam,0.000000,68543.44027209282,0,,0,0,,0.03,0.66,23.43,[]
/dlsu/goks/cam,/dlsu/goks/cam,0.000000,68543.45591306686,0,,0,0,,0.02,0.78,25.15,[]
/dlsu/goks/cam,/dlsu/goks/cam,0.000000,68543.47190403938,0,,0,0,,0.02,0.36,23.74,[]
/dlsu/goks/cam,/dlsu/goks/cam,0.000000,68543.50486207008,0,,0,0,,0.04,1.21,25.13,[]
/dlsu/goks/cam,/dlsu/goks/cam,0.000000,0,0,,0,0,,0.00,0.00,24.35,[]
/dlsu/goks/cam,/dlsu/goks/cam,0.000000,68543.56822705269,0,,0,0,,0.04,1.16,25.57,[]
/dlsu/goks/cam,/dlsu/goks/cam,0.000000,68543.58438801765,0,,0,0,,0.04,0.74,21.51,[]
/dlsu/goks/cam,/dlsu/goks/cam,0.000000,0,0,,0,0,,0.00,0.00,25.10,[]
/dlsu/goks/cam,/dlsu/goks/cam,0.000000,68543.6321349144,0,,0,0,,0.04,1.52,21.13,[]
/dlsu/goks/cam,/dlsu/goks/cam,0.000000,68543.64845395088,0,,0,0,,0.05,0.68,25.09,[]
/dlsu/goks/cam,/dlsu/goks/cam,0.000000,68543.68019890785,0,,0,0,,0.04,1.06,22.52,[]
/dlsu/goks/cam,/dlsu/goks/cam,0.000000,68543.69606804848,0,,0,0,,0.08,0.94,25.06,[]
/dlsu/goks/cam,/dlsu/goks/cam,0.000000,68543.72856402397,0,,0,0,,0.02,0.81,23.06,[]
/dlsu/goks/cam,/dlsu/goks/cam,0.000000,68543.74426102638,0,,0,0,,0.08,0.97,23.62,[]
/dlsu/goks/cam,/dlsu/goks/cam,0.000000,68543.77674889565,0,,0,0,,0.03,1.06,24.73,[]
/dlsu/goks/cam,/dlsu/goks/cam,0.000000,68543.79194903374,0,,0,0,,0.03,1.10,24.81,[]
/dlsu/goks/cam,/dlsu/goks/cam,0.000000,0,0,,0,0,,0.00,0.00,24.83,[]
/dlsu/goks/cam,/dlsu/goks/cam,0.000000,68543.85653495789,0,,0,0,,0.17,1.69,25.12,[]
/dlsu/goks/cam,/dlsu/goks/cam,0.000000,68543.87185001373,0,,0,0,,0.03,0.65,25.09,[]
/dlsu/goks/cam,/dlsu/goks/cam,0.000000,0,0,,0,0,,0.00,0.00,25.02,[]
/dlsu/goks/cam,/dlsu/goks/cam,0.000000,68543.91992092133,0,,0,0,,0.03,0.95,21.48,[]
/dlsu/goks/cam,/dlsu/goks/cam,0.000000,68543.93539500237,0,,0,0,,0.03,0.44,24.16,[]
/dlsu/goks/cam,/dlsu/goks/cam,0.000000,68543.96719908714,0,,0,0,,0.02,0.65,25.10,[]
/dlsu/goks/cam,/dlsu/goks/cam,0.000000,68543.99936294556,0,,0,0,,0.02,0.62,23.66,[]
/dlsu/goks/cam,/dlsu/goks/cam,0.000000,68544.01521492004,0,,0,0,,0.03,0.66,25.11,[]
/dlsu/goks/cam,/dlsu/goks/cam,0.000000,68544.04724693298,0,,0,0,,0.02,0.65,22.79,[]
/dlsu/goks/cam,/dlsu/goks/cam,0.000000,68544.06300806999,0,,0,0,,0.03,0.67,22.52,[]
/dlsu/goks/cam,/dlsu/goks/cam,0.000000,68544.07873892784,0,,0,0,,0.02,0.33,22.69,[]
/dlsu/goks/cam,/dlsu/goks/cam,0.000000,68544.11172604561,0,,0,0,,0.04,1.09,25.09,[]
/dlsu/goks/cam,/dlsu/goks/cam,0.000000,68544.14304590225,0,,0,0,,0.04,0.78,21.69,[]
/dlsu/goks/cam,/dlsu/goks/cam,0.000000,0,0,,0,0,,0.00,0.00,25.09,[]
/dlsu/goks/cam,/dlsu/goks/cam,0.000000,68544.19162011147,0,,0,0,,0.03,1.11,23.75,[]
/dlsu/goks/cam,/dlsu/goks/cam,0.000000,68544.2071120739,0,,0,0,,0.02,0.72,25.08,[]
/dlsu/goks/cam,/dlsu/goks/cam,0.000000,68544.23864507675,0,,0,0,,0.02,0.36,22.60,[]
/dlsu/goks/cam,/dlsu/goks/cam,0.000000,68544.25494790077,0,,0,0,,0.02,0.69,25.06,[]
/dlsu/goks/cam,/dlsu/goks/cam,0.000000,68544.2869091034,0,,0,0,,0.02,0.69,23.75,[]
/dlsu/goks/cam,/dlsu/goks/cam,0.000000,68544.30285000801,0,,0,0,,0.02,0.69,25.06,[]
/dlsu/goks/cam,/dlsu/goks/cam,0.000000,68544.33529090881,0,,0,0,,0.04,1.01,23.89,[]
/dlsu/goks/cam,/dlsu/goks/cam,0.000000,68544.36689209938,0,,0,0,,0.02,0.73,25.12,[]
/dlsu/goks/cam,/dlsu/goks/cam,0.000000,68544.382791996,0,,0,0,,0.04,0.72,23.54,[]
/dlsu/goks/cam,/dlsu/goks/cam,0.000000,68544.41467189789,0,,0,0,,0.04,0.85,24.79,[]
/dlsu/goks/cam,/dlsu/goks/cam,0.000000,68544.43088006973,0,,0,0,,0.03,0.66,24.62,[]
/dlsu/goks/cam,/dlsu/goks/cam,0.000000,68544.44653606415,0,,0,0,,0.03,0.49,25.58,[]
/dlsu/goks/cam,/dlsu/goks/cam,0.000000,68544.47909092903,0,,0,0,,0.05,0.95,24.44,[]
/dlsu/goks/cam,/dlsu/goks/cam,0.000000,68544.51111006737,0,,0,0,,0.03,0.67,24.56,[]
/dlsu/goks/cam,/dlsu/goks/cam,0.000000,68544.52689194679,0,,0,0,,0.03,0.80,24.10,[]
/dlsu/goks/cam,/dlsu/goks/cam,0.000000,68544.5588619709,0,,0,0,,0.23,1.49,25.46,[]
/dlsu/goks/cam,/dlsu/goks/cam,0.000000,68544.59070491791,0,,0,0,,0.02,0.36,24.69,[]
/dlsu/goks/cam,/dlsu/goks/cam,0.000000,68544.60693597794,0,,0,0,,0.02,0.57,24.89,[]
/dlsu/goks/cam,/dlsu/goks/cam,0.000000,68544.63902711868,0,,0,0,,0.03,0.73,23.43,[]
/dlsu/goks/cam,/dlsu/goks/cam,0.000000,68544.6550090313,0,,0,0,,0.02,0.64,25.12,[]
/dlsu/goks/cam,/dlsu/goks/cam,0.000000,68544.68665909767,0,,0,0,,0.02,0.82,24.42,[]
/dlsu/goks/cam,/dlsu/goks/cam,0.000000,68544.70258188248,0,,0,0,,0.04,0.70,25.06,[]
/dlsu/goks/cam,/dlsu/goks/cam,0.000000,68544.73615598679,0,,0,0,,0.03,0.84,24.35,[]
/dlsu/goks/cam,/dlsu/goks/cam,0.000000,68544.75084805489,0,,0,0,,0.03,0.75,25.08,[]
/dlsu/goks/cam,/dlsu/goks/cam,0.000000,68544.78300309181,0,,0,0,,0.02,0.79,25.09,[]
/dlsu/goks/cam,/dlsu/goks/cam,0.000000,68544.81474089622,0,,0,0,,0.09,1.11,24.25,[]
/dlsu/goks/cam,/dlsu/goks/cam,0.000000,0,0,,0,0,,0.00,0.00,24.32,[]
/dlsu/goks/cam,/dlsu/goks/cam,0.000000,68544.84674501419,0,,0,0,,0.02,0.49,25.11,[]
/dlsu/goks/cam,/dlsu/goks/cam,0.000000,68544.87977290154,0,,0,0,,0.04,1.45,25.11,[]
/dlsu/goks/cam,/dlsu/goks/cam,0.000000,68544.91081595421,0,,0,0,,0.03,0.76,25.06,[]
/dlsu/goks/cam,/dlsu/goks/cam,0.000000,68544.92667603493,0,,0,0,,0.02,0.70,23.96,[]
/dlsu/goks/cam,/dlsu/goks/cam,0.000000,68544.95868110657,0,,0,0,,0.04,0.87,24.66,[]
/dlsu/goks/cam,/dlsu/goks/cam,0.000000,68544.9904999733,0,,0,0,,0.03,0.75,24.82,[]
/dlsu/goks/cam,/dlsu/goks/cam,0.000000,68545.00642609596,0,,0,0,,0.02,0.73,20.97,[]
/dlsu/goks/cam,/dlsu/goks/cam,0.000000,68545.02238798141,0,,0,0,,0.09,0.58,20.99,[]
/dlsu/goks/cam,/dlsu/goks/cam,0.000000,68545.05455994606,0,,0,0,,0.02,0.76,23.24,[]
/dlsu/goks/cam,/dlsu/goks/cam,0.000000,68545.07048797607,0,,0,0,,0.05,1.04,24.77,[]
/dlsu/goks/cam,/dlsu/goks/cam,0.000000,68545.1022078991,0,,0,0,,0.02,0.39,24.37,[]
/dlsu/goks/cam,/dlsu/goks/cam,0.000000,68545.11810398102,0,,0,0,,0.02,0.38,21.30,[]
/dlsu/goks/cam,/dlsu/goks/cam,0.000000,0,0,,0,0,,0.00,0.00,23.76,[]
/dlsu/goks/cam,/dlsu/goks/cam,0.000000,68545.16632699966,0,,0,0,,0.03,0.79,25.10,[]
/dlsu/goks/cam,/dlsu/goks/cam,0.000000,68545.19865703583,0,,0,0,,0.06,1.08,20.90,[]
/dlsu/goks/cam,/dlsu/goks/cam,0.000000,68545.21377205849,0,,0,0,,0.02,0.41,25.28,[]
/dlsu/goks/cam,/dlsu/goks/cam,0.000000,68545.24616599083,0,,0,0,,0.17,1.00,22.48,[]
/dlsu/goks/cam,/dlsu/goks/cam,0.000000,68545.26213407516,0,,0,0,,0.02,1.26,22.30,[]
/dlsu/goks/cam,/dlsu/goks/cam,0.000000,0,0,,0,0,,0.00,0.00,21.06,[]
/dlsu/goks/cam,/dlsu/goks/cam,0.000000,68545.31015491486,0,,0,0,,0.05,1.08,22.10,[]
/dlsu/goks/cam,/dlsu/goks/cam,0.000000,0,0,,0,0,,0.00,0.00,25.11,[]
/dlsu/goks/cam,/dlsu/goks/cam,0.000000,68545.35754990578,0,,0,0,,0.04,0.96,24.85,[]
/dlsu/goks/cam,/dlsu/goks/cam,0.000000,68545.38987207413,0,,0,0,,0.09,1.32,25.12,[]
/dlsu/goks/cam,/dlsu/goks/cam,0.000000,68545.40582108498,0,,0,0,,0.02,0.70,23.50,[]
/dlsu/goks/cam,/dlsu/goks/cam,0.000000,68545.43792510033,0,,0,0,,0.10,0.76,22.72,[]
/dlsu/goks/cam,/dlsu/goks/cam,0.000000,68545.45364499092,0,,0,0,,0.02,0.69,21.41,[]
/dlsu/goks/cam,/dlsu/goks/cam,0.000000,68545.48524904251,0,,0,0,,0.06,0.00,25.50,[]
/dlsu/goks/cam,/dlsu/goks/cam,0.000000,68545.50165390968,0,,0,0,,0.08,0.70,23.33,[]
/dlsu/goks/cam,/dlsu/goks/cam,0.000000,0,0,,0,0,,0.00,0.00,25.09,[]
/dlsu/goks/cam,/dlsu/goks/cam,0.000000,68545.55027389526,0,,0,0,,0.05,1.07,20.39,[]
/dlsu/goks/cam,/dlsu/goks/cam,0.000000,68545.56541395187,0,,0,0,,0.03,0.73,25.10,[]
/dlsu/goks/cam,/dlsu/goks/cam,0.000000,68545.59708404541,0,,0,0,,0.05,1.13,21.81,[]
/dlsu/goks/cam,/dlsu/goks/cam,0.000000,68545.61329007149,0,,0,0,,0.04,0.66,21.93,[]
/dlsu/goks/cam,/dlsu/goks/cam,0.000000,68545.62936711311,0,,0,0,,0.16,0.85,25.09,[]
/dlsu/goks/cam,/dlsu/goks/cam,0.000000,68545.66112494469,0,,0,0,,0.06,0.73,21.39,[]
/dlsu/goks/cam,/dlsu/goks/cam,0.000000,68545.69321298599,0,,0,0,,0.02,0.70,25.12,[]
/dlsu/goks/cam,/dlsu/goks/cam,0.000000,68545.70918107033,0,,0,0,,0.11,0.72,20.35,[]
/dlsu/goks/cam,/dlsu/goks/cam,0.000000,68545.74130988121,0,,0,0,,0.04,0.96,23.02,[]
/dlsu/goks/cam,/dlsu/goks/cam,0.000000,68545.75736999512,0,,0,0,,0.15,0.88,25.07,[]
/dlsu/goks/cam,/dlsu/goks/cam,0.000000,68545.77291488647,0,,0,0,,0.05,0.85,25.15,[]
/dlsu/goks/cam,/dlsu/goks/cam,0.000000,68545.80609798431,0,,0,0,,0.04,1.36,24.44,[]
/dlsu/goks/cam,/dlsu/goks/cam,0.000000,68545.83700704575,0,,0,0,,0.03,0.64,24.21,[]
/dlsu/goks/cam,/dlsu/goks/cam,0.000000,68545.85286688805,0,,0,0,,0.02,0.71,25.10,[]
/dlsu/goks/cam,/dlsu/goks/cam,0.000000,68545.8845949173,0,,0,0,,0.03,0.61,24.95,[]
/dlsu/goks/cam,/dlsu/goks/cam,0.000000,68545.91677188873,0,,0,0,,0.05,1.31,24.26,[]
/dlsu/goks/cam,/dlsu/goks/cam,0.000000,0,0,,0,0,,0.00,0.00,25.10,[]
/dlsu/goks/cam,/dlsu/goks/cam,0.000000,68545.96497106552,0,,0,0,,0.09,1.30,24.49,[]
/dlsu/goks/cam,/dlsu/goks/cam,0.000000,68545.98038101196,0,,0,0,,0.02,0.61,21.45,[]
/dlsu/goks/cam,/dlsu/goks/cam,0.000000,68545.99681901932,0,,0,0,,0.08,0.79,25.12,[]
/dlsu/goks/cam,/dlsu/goks/cam,0.000000,68546.02843689919,0,,0,0,,0.02,0.81,20.31,[]
/dlsu/goks/cam,/dlsu/goks/cam,0.000000,68546.04445791245,0,,0,0,,0.02,0.77,25.06,[]
/dlsu/goks/cam,/dlsu/goks/cam,0.000000,68546.08026409149,0,,0,0,,0.04,3.47,21.39,[]
/dlsu/goks/cam,/dlsu/goks/cam,0.000000,0,0,,0,0,,0.00,0.00,25.14,[]
/dlsu/goks/cam,/dlsu/goks/cam,0.000000,68546.12520599365,0,,0,0,,0.20,6.07,21.40,[]
/dlsu/goks/cam,/dlsu/goks/cam,0.000000,68546.1651570797,0,,0,0,,12.05,14.22,33.89,[]
/dlsu/goks/cam,/dlsu/goks/cam,0.000000,68546.2133409977,0,,0,0,,0.50,10.51,27.63,[]
/dlsu/goks/cam,/dlsu/goks/cam,0.000000,68546.23653697968,0,,0,0,,0.06,1.05,20.56,[]
/dlsu/goks/cam,/dlsu/goks/cam,0.000000,68546.25470495224,0,,0,0,,0.17,2.39,22.53,[]
/dlsu/goks/cam,/dlsu/goks/cam,0.000000,0,0,,0,0,,0.00,0.00,21.12,[]
/dlsu/goks/cam,/dlsu/goks/cam,0.000000,68546.30045509338,0,,0,0,,0.05,1.21,21.25,[]
/dlsu/goks/cam,/dlsu/goks/cam,0.000000,68546.31618309021,0,,0,0,,0.07,0.67,22.28,[]
/dlsu/goks/cam,/dlsu/goks/cam,0.000000,68546.33213305473,0,,0,0,,0.06,0.95,25.08,[]
/dlsu/goks/cam,/dlsu/goks/cam,0.000000,68546.36493706703,0,,0,0,,0.11,1.22,24.09,[]
/dlsu/goks/cam,/dlsu/goks/cam,0.000000,68546.39656090736,0,,0,0,,0.13,0.91,23.24,[]
/dlsu/goks/cam,/dlsu/goks/cam,0.000000,0,0,,0,0,,0.00,0.00,25.09,[]
/dlsu/goks/cam,/dlsu/goks/cam,0.000000,68546.44434595108,0,,0,0,,0.03,0.98,25.11,[]
/dlsu/goks/cam,/dlsu/goks/cam,0.000000,68546.47636008263,0,,0,0,,0.02,0.00,25.56,[]
/dlsu/goks/cam,/dlsu/goks/cam,0.000000,68546.49241304398,0,,0,0,,0.03,0.96,21.20,[]
/dlsu/goks/cam,/dlsu/goks/cam,0.000000,68546.5086569786,0,,0,0,,0.10,0.80,25.10,[]
/dlsu/goks/cam,/dlsu/goks/cam,0.000000,68546.5402469635,0,,0,0,,0.02,0.37,23.23,[]
/dlsu/goks/cam,/dlsu/goks/cam,0.000000,68546.55623698235,0,,0,0,,0.05,0.82,20.44,[]
/dlsu/goks/cam,/dlsu/goks/cam,0.000000,68546.57231092453,0,,0,0,,0.03,0.50,20.98,[]
/dlsu/goks/cam,/dlsu/goks/cam,0.000000,0,0,,0,0,,0.00,0.00,21.04,[]
/dlsu/goks/cam,/dlsu/goks/cam,0.000000,68546.62100791931,0,,0,0,,0.05,1.13,25.16,[]
/dlsu/goks/cam,/dlsu/goks/cam,0.000000,68546.65289902687,0,,0,0,,0.03,0.69,23.39,[]
/dlsu/goks/cam,/dlsu/goks/cam,0.000000,68546.66818904877,0,,0,0,,0.04,0.51,25.06,[]
/dlsu/goks/cam,/dlsu/goks/cam,0.000000,68546.70152306557,0,,0,0,,0.04,1.41,24.10,[]
/dlsu/goks/cam,/dlsu/goks/cam,0.000000,68546.73245692253,0,,0,0,,0.03,0.68,25.16,[]
/dlsu/goks/cam,/dlsu/goks/cam,0.000000,68546.74846196175,0,,0,0,,0.02,0.72,22.87,[]
/dlsu/goks/cam,/dlsu/goks/cam,0.000000,0,0,,0,0,,0.00,0.00,24.96,[]
/dlsu/goks/cam,/dlsu/goks/cam,0.000000,68546.79703402519,0,,0,0,,0.04,1.15,25.11,[]
/dlsu/goks/cam,/dlsu/goks/cam,0.000000,68546.82820892334,0,,0,0,,0.03,0.35,25.08,[]
/dlsu/goks/cam,/dlsu/goks/cam,0.000000,68546.84460401535,0,,0,0,,0.07,0.85,25.09,[]
/dlsu/goks/cam,/dlsu/goks/cam,0.000000,68546.87660908699,0,,0,0,,0.02,0.99,24.34,[]
/dlsu/goks/cam,/dlsu/goks/cam,0.000000,68546.8923420906,0,,0,0,,0.02,0.71,24.55,[]
/dlsu/goks/cam,/dlsu/goks/cam,0.000000,68546.92536592484,0,,0,0,,0.04,1.07,25.38,[]
/dlsu/goks/cam,/dlsu/goks/cam,0.000000,0,0,,0,0,,0.00,0.00,23.15,[]
/dlsu/goks/cam,/dlsu/goks/cam,0.000000,68546.97261595726,0,,0,0,,0.03,0.74,20.96,[]
/dlsu/goks/cam,/dlsu/goks/cam,0.000000,68546.98858594894,0,,0,0,,0.02,0.69,20.80,[]
/dlsu/goks/cam,/dlsu/goks/cam,0.000000,68547.02067899704,0,,0,0,,0.05,0.94,25.32,[]
/dlsu/goks/cam,/dlsu/goks/cam,0.000000,68547.05216598511,0,,0,0,,0.04,1.04,25.49,[]
/dlsu/goks/cam,/dlsu/goks/cam,0.000000,68547.06832790375,0,,0,0,,0.02,0.61,23.10,[]
/dlsu/goks/cam,/dlsu/goks/cam,0.000000,68547.10028910637,0,,0,0,,0.03,0.00,23.55,[]
/dlsu/goks/cam,/dlsu/goks/cam,0.000000,68547.11611008644,0,,0,0,,0.02,0.60,21.75,[]
/dlsu/goks/cam,/dlsu/goks/cam,0.000000,68547.14803004265,0,,0,0,,0.03,0.00,24.99,[]
/dlsu/goks/cam,/dlsu/goks/cam,0.000000,68547.16459989548,0,,0,0,,0.02,0.62,23.32,[]
/dlsu/goks/cam,/dlsu/goks/cam,0.000000,68547.17973589897,0,,0,0,,0.08,0.60,25.10,[]
/dlsu/goks/cam,/dlsu/goks/cam,0.000000,68547.21169900894,0,,0,0,,0.02,0.60,25.11,[]
/dlsu/goks/cam,/dlsu/goks/cam,0.000000,0,0,,0,0,,0.00,0.00,20.25,[]
/dlsu/goks/cam,/dlsu/goks/cam,0.000000,68547.25997304916,0,,0,0,,0.13,1.65,22.20,[]
/dlsu/goks/cam,/dlsu/goks/cam,0.000000,68547.27740097046,0,,0,0,,0.04,0.89,23.27,[]
/dlsu/goks/cam,/dlsu/goks/cam,0.000000,68547.30801296234,0,,0,0,,0.03,0.67,23.94,[]
/dlsu/goks/cam,/dlsu/goks/cam,0.000000,68547.32362890244,0,,0,0,,0.02,0.45,25.07,[]
/dlsu/goks/cam,/dlsu/goks/cam,0.000000,68547.35538697243,0,,0,0,,0.03,0.91,21.01,[]
/dlsu/goks/cam,/dlsu/goks/cam,0.000000,68547.3714389801,0,,0,0,,0.02,0.65,25.08,[]
/dlsu/goks/cam,/dlsu/goks/cam,0.000000,68547.40343594551,0,,0,0,,0.02,0.77,24.22,[]
/dlsu/goks/cam,/dlsu/goks/cam,0.000000,68547.41927194595,0,,0,0,,0.04,0.63,23.82,[]
/dlsu/goks/cam,/dlsu/goks/cam,0.000000,68547.45142197609,0,,0,0,,0.02,0.63,23.53,[]
/dlsu/goks/cam,/dlsu/goks/cam,0.000000,68547.46729707718,0,,0,0,,0.02,0.71,25.11,[]
/dlsu/goks/cam,/dlsu/goks/cam,0.000000,68547.4990170002,0,,0,0,,0.12,1.21,20.30,[]
/dlsu/goks/cam,/dlsu/goks/cam,0.000000,68547.51523303986,0,,0,0,,0.04,0.76,21.90,[]
/dlsu/goks/cam,/dlsu/goks/cam,0.000000,68547.54740190506,0,,0,0,,0.04,0.92,25.12,[]
/dlsu/goks/cam,/dlsu/goks/cam,0.000000,68547.56370806694,0,,0,0,,0.04,0.97,20.26,[]
/dlsu/goks/cam,/dlsu/goks/cam,0.000000,0,0,,0,0,,0.00,0.00,20.62,[]
/dlsu/goks/cam,/dlsu/goks/cam,0.000000,68547.59486103058,0,,0,0,,0.02,0.58,25.07,[]
/dlsu/goks/cam,/dlsu/goks/cam,0.000000,68547.6434469223,0,,0,0,,0.34,1.71,25.02,[]
/dlsu/goks/cam,/dlsu/goks/cam,0.000000,0,0,,0,0,,0.00,0.00,23.47,[]
/dlsu/goks/cam,/dlsu/goks/cam,0.000000,68547.67507791519,0,,0,0,,0.02,0.64,25.10,[]
/dlsu/goks/cam,/dlsu/goks/cam,0.000000,68547.70766401291,0,,0,0,,0.03,0.98,25.08,[]
/dlsu/goks/cam,/dlsu/goks/cam,0.000000,68547.72285199165,0,,0,0,,0.04,0.89,23.66,[]
/dlsu/goks/cam,/dlsu/goks/cam,0.000000,68547.75499010086,0,,0,0,,0.03,0.63,22.96,[]
/dlsu/goks/cam,/dlsu/goks/cam,0.000000,68547.78725504875,0,,0,0,,0.11,0.68,25.61,[]
/dlsu/goks/cam,/dlsu/goks/cam,0.000000,68547.8030230999,0,,0,0,,0.06,0.60,23.11,[]
/dlsu/goks/cam,/dlsu/goks/cam,0.000000,68547.81883311272,0,,0,0,,0.06,0.42,25.08,[]
/dlsu/goks/cam,/dlsu/goks/cam,0.000000,68547.85088396072,0,,0,0,,0.02,0.86,20.54,[]
/dlsu/goks/cam,/dlsu/goks/cam,0.000000,68547.86699295044,0,,0,0,,0.02,0.87,25.09,[]
/dlsu/goks/cam,/dlsu/goks/cam,0.000000,68547.89913606644,0,,0,0,,0.03,0.67,24.52,[]
/dlsu/goks/cam,/dlsu/goks/cam,0.000000,0,0,,0,0,,0.00,0.00,23.00,[]
/dlsu/goks/cam,/dlsu/goks/cam,0.000000,68547.9480919838,0,,0,0,,0.03,1.79,25.10,[]
/dlsu/goks/cam,/dlsu/goks/cam,0.000000,68547.97890400887,0,,0,0,,0.02,0.78,24.38,[]
/dlsu/goks/cam,/dlsu/goks/cam,0.000000,68547.99464297295,0,,0,0,,0.02,0.76,24.81,[]
/dlsu/goks/cam,/dlsu/goks/cam,0.000000,68548.02671289444,0,,0,0,,0.03,1.06,25.38,[]
/dlsu/goks/cam,/dlsu/goks/cam,0.000000,0,0,,0,0,,0.00,0.00,24.46,[]
/dlsu/goks/cam,/dlsu/goks/cam,0.000000,68548.07434296608,0,,0,0,,0.03,0.75,24.24,[]
/dlsu/goks/cam,/dlsu/goks/cam,0.000000,0,0,,0,0,,0.00,0.00,25.10,[]
/dlsu/goks/cam,/dlsu/goks/cam,0.000000,0,0,,0,0,,0.00,0.00,25.14,[]
/dlsu/goks/cam,/dlsu/goks/cam,0.000000,0,0,,0,0,,0.00,0.00,25.08,[]
/dlsu/goks/cam,/dlsu/goks/cam,0.000000,0,0,,0,0,,0.00,0.00,25.11,[]
/dlsu/goks/cam,/dlsu/goks/cam,0.000000,0,0,,0,0,,0.00,0.00,23.88,[]
/dlsu/goks/cam,/dlsu/goks/cam,0.000000,0,0,,0,0,,0.00,0.00,25.08,[]
/dlsu/goks/cam,/dlsu/goks/cam,0.000000,0,0,,0,0,,0.00,0.00,24.57,[]
/dlsu/goks/cam,/dlsu/goks/cam,0.000000,0,0,,0,0,,0.00,0.00,25.09,[]
/dlsu/goks/cam,/dlsu/goks/cam,0.000000,0,0,,0,0,,0.00,0.00,25.13,[]
/dlsu/goks/cam,/dlsu/goks/cam,0.000000,0,0,,0,0,,0.00,0.00,25.10,[]
/dlsu/goks/cam,/dlsu/goks/cam,0.000000,0,0,,0,0,,0.00,0.00,23.79,[]
/dlsu/goks/cam,/dlsu/goks/cam,0.000000,0,0,,0,0,,0.00,0.00,25.10,[]
/dlsu/goks/cam,/dlsu/goks/cam,0.000000,0,0,,0,0,,0.00,0.00,24.55,[]
/dlsu/goks/cam,/dlsu/goks/cam,0.000000,68552.5253560543,0,,0,0,,0.44,3.73,23.28,[]
/dlsu/goks/cam,/dlsu/goks/cam,0.000000,0,0,,0,0,,0.00,0.00,20.52,[]
/dlsu/goks/cam,/dlsu/goks/cam,0.000000,68552.57423996925,0,,0,0,,0.14,4.01,21.75,[]
/dlsu/goks/cam,/dlsu/goks/cam,0.000000,68552.6060590744,0,,0,0,,0.09,1.23,25.56,[]
/dlsu/goks/cam,/dlsu/goks/cam,0.000000,68552.62179303169,0,,0,0,,0.03,0.90,24.93,[]
/dlsu/goks/cam,/dlsu/goks/cam,0.000000,68552.65337991714,0,,0,0,,0.10,0.00,20.87,[]
/dlsu/goks/cam,/dlsu/goks/cam,0.000000,68552.6698179245,0,,0,0,,0.03,2.00,20.68,[]
/dlsu/goks/cam,/dlsu/goks/cam,0.000000,0,0,,0,0,,0.00,0.00,25.01,[]
/dlsu/goks/cam,/dlsu/goks/cam,0.000000,68552.71759605408,0,,0,0,,0.10,1.78,23.51,[]
/dlsu/goks/cam,/dlsu/goks/cam,0.000000,68552.74953699112,0,,0,0,,0.11,1.46,24.78,[]
/dlsu/goks/cam,/dlsu/goks/cam,0.000000,68552.76537203789,0,,0,0,,0.13,0.86,25.09,[]
/dlsu/goks/cam,/dlsu/goks/cam,0.000000,68552.79767107964,0,,0,0,,0.05,0.98,25.37,[]
/dlsu/goks/cam,/dlsu/goks/cam,0.000000,68552.81366610527,0,,0,0,,0.08,0.85,25.08,[]
/dlsu/goks/cam,/dlsu/goks/cam,0.000000,0,0,,0,0,,0.00,0.00,20.85,[]
/dlsu/goks/cam,/dlsu/goks/cam,0.000000,0,0,,0,0,,0.00,0.00,20.81,[]
/dlsu/goks/cam,/dlsu/goks/cam,0.000000,68557.51952505112,0,,0,0,,0.08,1.00,20.83,[]
if(2)

/dlsu/goks/cam,/dlsu/goks/cam,0.000000,68659.15309000015,0,,0,68659.18016695976,,0.20,29.90,11477.93,[]
/dlsu/goks/cam,/dlsu/goks/cam,0.000000,68675.06126594543,0,,0,0,,0.08,1.09,25.16,[]
/dlsu/goks/cam,/dlsu/goks/cam,0.000000,68675.10908508301,0,,0,0,,0.07,1.25,22.00,[]
/dlsu/goks/cam,/dlsu/goks/cam,0.000000,68675.12539792061,0,,0,0,,0.03,0.55,21.45,[]
/dlsu/goks/cam,/dlsu/goks/cam,0.000000,68675.15753698349,0,,0,0,,0.03,0.54,22.98,[]
/dlsu/goks/cam,/dlsu/goks/cam,0.000000,68675.17350888252,0,,0,0,,0.03,0.48,20.20,[]
/dlsu/goks/cam,/dlsu/goks/cam,0.000000,68675.18949103355,0,,0,0,,0.05,0.48,20.63,[]
/dlsu/goks/cam,/dlsu/goks/cam,0.000000,68675.22144889832,0,,0,0,,0.04,0.37,24.26,[]
/dlsu/goks/cam,/dlsu/goks/cam,0.000000,68675.2374329567,0,,0,0,,0.06,0.45,25.07,[]
/dlsu/goks/cam,/dlsu/goks/cam,0.000000,68675.26915407181,0,,0,0,,0.02,0.16,24.32,[]
/dlsu/goks/cam,/dlsu/goks/cam,0.000000,68675.30116200447,0,,0,0,,0.02,0.60,25.09,[]
/dlsu/goks/cam,/dlsu/goks/cam,0.000000,68675.31715798378,0,,0,0,,0.02,0.62,21.80,[]
/dlsu/goks/cam,/dlsu/goks/cam,0.000000,68675.34915804863,0,,0,0,,0.06,0.39,25.21,[]
/dlsu/goks/cam,/dlsu/goks/cam,0.000000,0,0,,0,0,,0.00,0.00,25.06,[]
/dlsu/goks/cam,/dlsu/goks/cam,0.000000,68675.39748597145,0,,0,0,,0.09,1.03,22.16,[]
/dlsu/goks/cam,/dlsu/goks/cam,0.000000,0,0,,0,0,,0.00,0.00,25.08,[]
/dlsu/goks/cam,/dlsu/goks/cam,0.000000,68675.42928195,0,,0,0,,0.02,0.40,25.09,[]
/dlsu/goks/cam,/dlsu/goks/cam,0.000000,68675.46146392822,0,,0,0,,0.10,0.49,22.00,[]
/dlsu/goks/cam,/dlsu/goks/cam,0.000000,68675.49275803566,0,,0,0,,0.04,0.65,23.01,[]
/dlsu/goks/cam,/dlsu/goks/cam,0.000000,68675.5089559555,0,,0,0,,0.02,0.43,24.28,[]
/dlsu/goks/cam,/dlsu/goks/cam,0.000000,68675.54068899155,0,,0,0,,0.04,0.62,25.06,[]
/dlsu/goks/cam,/dlsu/goks/cam,0.000000,68675.55655097961,0,,0,0,,0.02,0.37,24.64,[]
/dlsu/goks/cam,/dlsu/goks/cam,0.000000,0,0,,0,0,,0.00,0.00,24.79,[]
/dlsu/goks/cam,/dlsu/goks/cam,0.000000,0,0,,0,0,,0.00,0.00,25.11,[]
fn(14)

/dlsu/goks/cam,/dlsu/goks/cam,0.000000,69069.36224007607,0,,0,69069.48350191116,,0.29,129.01,117435.21,[]
/dlsu/goks/cam,/dlsu/goks/cam,0.000000,69191.63471698761,0,,0,0,,1.08,2.69,25.20,[]
/dlsu/goks/cam,/dlsu/goks/cam,0.000000,69191.66655302048,0,,0,0,,0.05,1.11,25.16,[]
/dlsu/goks/cam,/dlsu/goks/cam,0.000000,69191.71364092827,0,,0,0,,0.15,2.04,20.65,[]
/dlsu/goks/cam,/dlsu/goks/cam,0.000000,69191.72930002213,0,,0,0,,0.05,0.77,25.14,[]
/dlsu/goks/cam,/dlsu/goks/cam,0.000000,69191.76158809662,0,,0,0,,0.15,0.82,25.36,[]
/dlsu/goks/cam,/dlsu/goks/cam,0.000000,69191.77725601196,0,,0,0,,0.04,0.79,24.10,[]
/dlsu/goks/cam,/dlsu/goks/cam,0.000000,69191.80922698975,0,,0,0,,0.03,0.67,21.48,[]
/dlsu/goks/cam,/dlsu/goks/cam,0.000000,0,0,,0,0,,0.00,0.00,20.18,[]
/dlsu/goks/cam,/dlsu/goks/cam,0.000000,69191.86649608612,0,,0,0,,0.14,2.07,30.53,[]
/dlsu/goks/cam,/dlsu/goks/cam,0.000000,69191.88972902298,0,,0,0,,0.07,1.46,21.40,[]
/dlsu/goks/cam,/dlsu/goks/cam,0.000000,69191.92872691154,0,,0,0,,0.97,0.00,31.39,[]
/dlsu/goks/cam,/dlsu/goks/cam,0.000000,69191.95393490791,0,,0,0,,0.61,2.08,25.49,[]
/dlsu/goks/cam,/dlsu/goks/cam,0.000000,69191.99346399307,0,,0,0,,0.11,0.00,20.89,[]
/dlsu/goks/cam,/dlsu/goks/cam,0.000000,69192.01667690277,0,,0,0,,0.11,1.66,21.73,[]
/dlsu/goks/cam,/dlsu/goks/cam,0.000000,69192.03279209137,0,,0,0,,0.03,1.07,25.11,[]
/dlsu/goks/cam,/dlsu/goks/cam,0.000000,69192.064661026,0,,0,0,,0.02,0.60,25.08,[]
/dlsu/goks/cam,/dlsu/goks/cam,0.000000,69192.08063602448,0,,0,0,,0.03,0.61,22.66,[]
/dlsu/goks/cam,/dlsu/goks/cam,0.000000,69192.1123740673,0,,0,0,,0.03,0.78,24.97,[]
/dlsu/goks/cam,/dlsu/goks/cam,0.000000,69192.12854409218,0,,0,0,,0.02,0.65,25.08,[]
/dlsu/goks/cam,/dlsu/goks/cam,0.000000,69192.16032409668,0,,0,0,,0.04,1.14,22.79,[]
/dlsu/goks/cam,/dlsu/goks/cam,0.000000,69192.17681002617,0,,0,0,,0.06,0.68,23.42,[]
/dlsu/goks/cam,/dlsu/goks/cam,0.000000,69192.20867204666,0,,0,0,,0.03,0.66,20.23,[]
/dlsu/goks/cam,/dlsu/goks/cam,0.000000,0,0,,0,0,,0.00,0.00,24.94,[]
/dlsu/goks/cam,/dlsu/goks/cam,0.000000,69192.25620388985,0,,0,0,,0.05,1.12,24.43,[]
/dlsu/goks/cam,/dlsu/goks/cam,0.000000,69192.27237510681,0,,0,0,,0.06,0.67,25.06,[]
/dlsu/goks/cam,/dlsu/goks/cam,0.000000,69192.30407691002,0,,0,0,,0.02,0.44,24.19,[]
/dlsu/goks/cam,/dlsu/goks/cam,0.000000,69192.32067894936,0,,0,0,,0.02,0.66,25.08,[]
/dlsu/goks/cam,/dlsu/goks/cam,0.000000,69192.3523581028,0,,0,0,,0.02,0.64,24.34,[]
/dlsu/goks/cam,/dlsu/goks/cam,0.000000,69192.3844408989,0,,0,0,,0.11,1.29,25.16,[]
/dlsu/goks/cam,/dlsu/goks/cam,0.000000,0,0,,0,0,,0.00,0.00,25.07,[]
/dlsu/goks/cam,/dlsu/goks/cam,0.000000,69192.41630101204,0,,0,0,,0.04,1.00,25.09,[]
/dlsu/goks/cam,/dlsu/goks/cam,0.000000,69192.44907808304,0,,0,0,,0.04,1.08,25.02,[]
/dlsu/goks/cam,/dlsu/goks/cam,0.000000,69192.48042798042,0,,0,0,,0.04,0.42,24.94,[]
/dlsu/goks/cam,/dlsu/goks/cam,0.000000,69192.49665307999,0,,0,0,,0.02,0.82,24.60,[]
/dlsu/goks/cam,/dlsu/goks/cam,0.000000,0,0,,0,0,,0.00,0.00,23.22,[]
/dlsu/goks/cam,/dlsu/goks/cam,0.000000,69192.54695606232,0,,0,0,,0.71,0.52,22.87,[]
/dlsu/goks/cam,/dlsu/goks/cam,0.000000,69192.57693910599,0,,0,0,,0.07,1.07,25.10,[]
/dlsu/goks/cam,/dlsu/goks/cam,0.000000,69192.5924949646,0,,0,0,,0.04,0.76,25.44,[]
/dlsu/goks/cam,/dlsu/goks/cam,0.000000,69192.62448310852,0,,0,0,,0.02,0.73,20.41,[]
/dlsu/goks/cam,/dlsu/goks/cam,0.000000,69192.64031505585,0,,0,0,,0.02,0.67,23.20,[]
/dlsu/goks/cam,/dlsu/goks/cam,0.000000,69192.6720020771,0,,0,0,,0.03,0.92,23.71,[]
/dlsu/goks/cam,/dlsu/goks/cam,0.000000,69192.68828296661,0,,0,0,,0.02,0.76,23.62,[]
/dlsu/goks/cam,/dlsu/goks/cam,0.000000,69192.70397496223,0,,0,0,,0.02,0.32,25.06,[]
/dlsu/goks/cam,/dlsu/goks/cam,0.000000,69192.73604798317,0,,0,0,,0.02,0.39,24.70,[]
/dlsu/goks/cam,/dlsu/goks/cam,0.000000,69192.76802492142,0,,0,0,,0.04,0.76,24.41,[]
/dlsu/goks/cam,/dlsu/goks/cam,0.000000,69192.78386998177,0,,0,0,,0.04,0.38,25.07,[]
/dlsu/goks/cam,/dlsu/goks/cam,0.000000,69192.81614899635,0,,0,0,,0.02,0.65,20.08,[]
/dlsu/goks/cam,/dlsu/goks/cam,0.000000,69192.83202600479,0,,0,0,,0.02,0.59,20.45,[]
/dlsu/goks/cam,/dlsu/goks/cam,0.000000,69192.8642950058,0,,0,0,,0.05,0.70,25.02,[]
/dlsu/goks/cam,/dlsu/goks/cam,0.000000,69192.87996006012,0,,0,0,,0.06,0.36,25.05,[]
/dlsu/goks/cam,/dlsu/goks/cam,0.000000,69192.91213297844,0,,0,0,,0.03,0.62,23.97,[]
/dlsu/goks/cam,/dlsu/goks/cam,0.000000,69192.92887592316,0,,0,0,,0.05,1.23,25.06,[]
/dlsu/goks/cam,/dlsu/goks/cam,0.000000,69192.95976305008,0,,0,0,,0.02,0.40,22.89,[]
/dlsu/goks/cam,/dlsu/goks/cam,0.000000,69192.9759581089,0,,0,0,,0.09,0.60,20.56,[]
/dlsu/goks/cam,/dlsu/goks/cam,0.000000,0,0,,0,0,,0.00,0.00,23.22,[]
/dlsu/goks/cam,/dlsu/goks/cam,0.000000,69193.02528190613,0,,0,0,,0.94,1.05,25.31,[]
/dlsu/goks/cam,/dlsu/goks/cam,0.000000,69193.05561208725,0,,0,0,,0.02,0.38,23.27,[]
/dlsu/goks/cam,/dlsu/goks/cam,0.000000,69193.07184791565,0,,0,0,,0.02,0.61,25.08,[]
/dlsu/goks/cam,/dlsu/goks/cam,0.000000,69193.1035759449,0,,0,0,,0.03,0.94,24.04,[]
/dlsu/goks/cam,/dlsu/goks/cam,0.000000,69193.11946511269,0,,0,0,,0.02,0.44,21.95,[]
/dlsu/goks/cam,/dlsu/goks/cam,0.000000,69193.15174603462,0,,0,0,,0.03,0.68,25.18,[]
/dlsu/goks/cam,/dlsu/goks/cam,0.000000,69193.16770100594,0,,0,0,,0.02,0.64,25.13,[]
/dlsu/goks/cam,/dlsu/goks/cam,0.000000,69193.18455505371,0,,0,0,,0.03,0.41,25.11,[]
/dlsu/goks/cam,/dlsu/goks/cam,0.000000,69193.2317430973,0,,0,0,,0.06,1.34,25.10,[]
/dlsu/goks/cam,/dlsu/goks/cam,0.000000,69193.24782705307,0,,0,0,,0.03,0.73,20.37,[]
/dlsu/goks/cam,/dlsu/goks/cam,0.000000,69193.26352405548,0,,0,0,,0.05,0.65,22.80,[]
/dlsu/goks/cam,/dlsu/goks/cam,0.000000,69193.29552292824,0,,0,0,,0.06,0.77,23.33,[]
/dlsu/goks/cam,/dlsu/goks/cam,0.000000,69193.31115794182,0,,0,0,,0.03,0.64,25.09,[]
/dlsu/goks/cam,/dlsu/goks/cam,0.000000,69193.34331703186,0,,0,0,,0.04,0.62,25.29,[]
/dlsu/goks/cam,/dlsu/goks/cam,0.000000,69193.3592069149,0,,0,0,,0.02,0.62,25.08,[]
/dlsu/goks/cam,/dlsu/goks/cam,0.000000,69193.39113092422,0,,0,0,,0.04,0.87,20.83,[]
/dlsu/goks/cam,/dlsu/goks/cam,0.000000,69193.40742707253,0,,0,0,,0.08,0.60,21.47,[]
/dlsu/goks/cam,/dlsu/goks/cam,0.000000,69193.42355704308,0,,0,0,,0.02,0.34,24.25,[]
/dlsu/goks/cam,/dlsu/goks/cam,0.000000,69193.45541501045,0,,0,0,,0.02,0.61,22.21,[]
/dlsu/goks/cam,/dlsu/goks/cam,0.000000,69193.47112488747,0,,0,0,,0.03,0.41,25.08,[]
/dlsu/goks/cam,/dlsu/goks/cam,0.000000,69193.50300502777,0,,0,0,,0.02,0.43,25.08,[]
/dlsu/goks/cam,/dlsu/goks/cam,0.000000,69193.53641605377,0,,0,0,,0.04,1.33,24.48,[]
/dlsu/goks/cam,/dlsu/goks/cam,0.000000,0,0,,0,0,,0.00,0.00,25.09,[]
/dlsu/goks/cam,/dlsu/goks/cam,0.000000,69193.58485794067,0,,0,0,,0.06,0.79,24.58,[]
/dlsu/goks/cam,/dlsu/goks/cam,0.000000,69193.61508607864,0,,0,0,,0.04,0.96,25.07,[]
/dlsu/goks/cam,/dlsu/goks/cam,0.000000,69193.63094711304,0,,0,0,,0.02,0.95,24.99,[]
/dlsu/goks/cam,/dlsu/goks/cam,0.000000,69193.64679193497,0,,0,0,,0.05,0.43,24.98,[]
/dlsu/goks/cam,/dlsu/goks/cam,0.000000,69193.67901802063,0,,0,0,,0.03,0.41,25.07,[]
/dlsu/goks/cam,/dlsu/goks/cam,0.000000,69193.71106100082,0,,0,0,,0.14,0.69,25.07,[]
/dlsu/goks/cam,/dlsu/goks/cam,0.000000,69193.7433180809,0,,0,0,,0.06,0.74,25.07,[]
/dlsu/goks/cam,/dlsu/goks/cam,0.000000,69193.75905299187,0,,0,0,,0.03,0.60,21.46,[]
/dlsu/goks/cam,/dlsu/goks/cam,0.000000,69193.77514791489,0,,0,0,,0.08,0.67,25.11,[]
/dlsu/goks/cam,/dlsu/goks/cam,0.000000,69193.80717110634,0,,0,0,,0.03,0.78,25.10,[]
/dlsu/goks/cam,/dlsu/goks/cam,0.000000,0,0,,0,0,,0.00,0.00,25.11,[]
/dlsu/goks/cam,/dlsu/goks/cam,0.000000,69193.85519599915,0,,0,0,,0.03,0.73,25.12,[]
/dlsu/goks/cam,/dlsu/goks/cam,0.000000,69193.87075996399,0,,0,0,,0.04,0.41,25.09,[]
/dlsu/goks/cam,/dlsu/goks/cam,0.000000,69193.90269398689,0,,0,0,,0.02,0.48,21.43,[]
/dlsu/goks/cam,/dlsu/goks/cam,0.000000,69193.93454408646,0,,0,0,,0.02,0.68,25.09,[]
/dlsu/goks/cam,/dlsu/goks/cam,0.000000,69193.95154309273,0,,0,0,,0.02,0.66,21.01,[]
/dlsu/goks/cam,/dlsu/goks/cam,0.000000,0,0,,0,0,,0.00,0.00,25.06,[]
/dlsu/goks/cam,/dlsu/goks/cam,0.000000,69193.9989259243,0,,0,0,,0.02,0.77,24.15,[]
/dlsu/goks/cam,/dlsu/goks/cam,0.000000,69194.03063797951,0,,0,0,,0.05,0.92,24.87,[]
/dlsu/goks/cam,/dlsu/goks/cam,0.000000,0,0,,0,0,,0.00,0.00,25.07,[]
/dlsu/goks/cam,/dlsu/goks/cam,0.000000,69194.07870697975,0,,0,0,,0.04,0.97,21.53,[]
/dlsu/goks/cam,/dlsu/goks/cam,0.000000,69194.094643116,0,,0,0,,0.04,0.81,25.09,[]
/dlsu/goks/cam,/dlsu/goks/cam,0.000000,69194.12669992447,0,,0,0,,0.03,0.81,25.09,[]
/dlsu/goks/cam,/dlsu/goks/cam,0.000000,69194.14293503761,0,,0,0,,0.04,0.84,25.08,[]
/dlsu/goks/cam,/dlsu/goks/cam,0.000000,69194.17461490631,0,,0,0,,0.02,0.64,22.48,[]
/dlsu/goks/cam,/dlsu/goks/cam,0.000000,69194.19066500664,0,,0,0,,0.02,0.75,24.80,[]
/dlsu/goks/cam,/dlsu/goks/cam,0.000000,69194.22252392769,0,,0,0,,0.03,0.68,20.54,[]
/dlsu/goks/cam,/dlsu/goks/cam,0.000000,69194.23811292648,0,,0,0,,0.02,0.75,24.05,[]
/dlsu/goks/cam,/dlsu/goks/cam,0.000000,69194.27007699013,0,,0,0,,0.02,0.42,25.11,[]
/dlsu/goks/cam,/dlsu/goks/cam,0.000000,69194.28609991074,0,,0,0,,0.06,0.40,25.11,[]
/dlsu/goks/cam,/dlsu/goks/cam,0.000000,69194.31893897057,0,,0,0,,0.06,1.19,21.51,[]
/dlsu/goks/cam,/dlsu/goks/cam,0.000000,0,0,,0,0,,0.00,0.00,23.35,[]
/dlsu/goks/cam,/dlsu/goks/cam,0.000000,69194.3497838974,0,,0,0,,0.02,0.44,20.20,[]
/dlsu/goks/cam,/dlsu/goks/cam,0.000000,69194.38221001625,0,,0,0,,0.03,0.69,24.38,[]
/dlsu/goks/cam,/dlsu/goks/cam,0.000000,69194.41423606873,0,,0,0,,0.06,1.68,25.07,[]
/dlsu/goks/cam,/dlsu/goks/cam,0.000000,69194.4299800396,0,,0,0,,0.02,0.67,22.80,[]
/dlsu/goks/cam,/dlsu/goks/cam,0.000000,69194.46174907684,0,,0,0,,0.03,0.85,25.06,[]
/dlsu/goks/cam,/dlsu/goks/cam,0.000000,69194.47807097435,0,,0,0,,0.02,0.69,20.09,[]
/dlsu/goks/cam,/dlsu/goks/cam,0.000000,0,0,,0,0,,0.00,0.00,23.66,[]
/dlsu/goks/cam,/dlsu/goks/cam,0.000000,69194.52585911751,0,,0,0,,0.02,0.71,25.04,[]
/dlsu/goks/cam,/dlsu/goks/cam,0.000000,69194.54185795784,0,,0,0,,0.02,0.63,25.07,[]
/dlsu/goks/cam,/dlsu/goks/cam,0.000000,69194.57481098175,0,,0,0,,0.04,1.15,24.72,[]
/dlsu/goks/cam,/dlsu/goks/cam,0.000000,69194.60599303246,0,,0,0,,0.03,0.73,23.94,[]
/dlsu/goks/cam,/dlsu/goks/cam,0.000000,69194.62166595459,0,,0,0,,0.02,0.38,23.97,[]
/dlsu/goks/cam,/dlsu/goks/cam,0.000000,69194.65403103828,0,,0,0,,0.02,0.70,24.37,[]
/dlsu/goks/cam,/dlsu/goks/cam,0.000000,69194.67000293732,0,,0,0,,0.02,0.60,25.09,[]
/dlsu/goks/cam,/dlsu/goks/cam,0.000000,0,0,,0,0,,0.00,0.00,25.08,[]
/dlsu/goks/cam,/dlsu/goks/cam,0.000000,69194.71824002266,0,,0,0,,0.02,0.74,25.32,[]
/dlsu/goks/cam,/dlsu/goks/cam,0.000000,69194.75023698807,0,,0,0,,0.03,0.57,21.11,[]
/dlsu/goks/cam,/dlsu/goks/cam,0.000000,69194.76598501205,0,,0,0,,0.02,0.77,25.11,[]
/dlsu/goks/cam,/dlsu/goks/cam,0.000000,69194.79796791077,0,,0,0,,0.05,0.45,21.63,[]
/dlsu/goks/cam,/dlsu/goks/cam,0.000000,69194.8142619133,0,,0,0,,0.10,0.82,23.88,[]
/dlsu/goks/cam,/dlsu/goks/cam,0.000000,69194.84571909904,0,,0,0,,0.04,1.33,22.62,[]
/dlsu/goks/cam,/dlsu/goks/cam,0.000000,0,0,,0,0,,0.00,0.00,25.06,[]
/dlsu/goks/cam,/dlsu/goks/cam,0.000000,69194.89393901825,0,,0,0,,0.05,1.17,22.50,[]
/dlsu/goks/cam,/dlsu/goks/cam,0.000000,0,0,,0,0,,0.00,0.00,25.07,[]
/dlsu/goks/cam,/dlsu/goks/cam,0.000000,69194.94194293022,0,,0,0,,0.04,1.06,25.09,[]
/dlsu/goks/cam,/dlsu/goks/cam,0.000000,69194.97425293922,0,,0,0,,0.02,0.67,24.00,[]
/dlsu/goks/cam,/dlsu/goks/cam,0.000000,0,0,,0,0,,0.00,0.00,25.08,[]
/dlsu/goks/cam,/dlsu/goks/cam,0.000000,69195.00568890572,0,,0,0,,0.02,0.52,25.11,[]
/dlsu/goks/cam,/dlsu/goks/cam,0.000000,69195.03760099411,0,,0,0,,0.02,0.86,20.38,[]
/dlsu/goks/cam,/dlsu/goks/cam,0.000000,69195.05357789993,0,,0,0,,0.03,0.65,25.09,[]
/dlsu/goks/cam,/dlsu/goks/cam,0.000000,69195.0854549408,0,,0,0,,0.02,0.38,22.37,[]
/dlsu/goks/cam,/dlsu/goks/cam,0.000000,69195.11730098724,0,,0,0,,0.08,1.12,25.09,[]
/dlsu/goks/cam,/dlsu/goks/cam,0.000000,69195.13353800774,0,,0,0,,0.02,0.70,24.57,[]
/dlsu/goks/cam,/dlsu/goks/cam,0.000000,0,0,,0,0,,0.00,0.00,25.11,[]
/dlsu/goks/cam,/dlsu/goks/cam,0.000000,69195.1812980175,0,,0,0,,0.03,0.69,24.15,[]
/dlsu/goks/cam,/dlsu/goks/cam,0.000000,69195.21304988861,0,,0,0,,0.05,1.09,24.30,[]
/dlsu/goks/cam,/dlsu/goks/cam,0.000000,69195.2293419838,0,,0,0,,0.04,0.82,25.08,[]
/dlsu/goks/cam,/dlsu/goks/cam,0.000000,69195.26105189323,0,,0,0,,0.03,0.76,22.25,[]
/dlsu/goks/cam,/dlsu/goks/cam,0.000000,69195.27704811096,0,,0,0,,0.02,0.82,21.93,[]
/dlsu/goks/cam,/dlsu/goks/cam,0.000000,69195.30892109871,0,,0,0,,0.03,0.66,21.84,[]
/dlsu/goks/cam,/dlsu/goks/cam,0.000000,69195.32506299019,0,,0,0,,0.06,0.76,20.92,[]
/dlsu/goks/cam,/dlsu/goks/cam,0.000000,69195.35689306259,0,,0,0,,0.05,0.72,25.21,[]
/dlsu/goks/cam,/dlsu/goks/cam,0.000000,69195.37276697159,0,,0,0,,0.02,0.65,21.87,[]
/dlsu/goks/cam,/dlsu/goks/cam,0.000000,0,0,,0,0,,0.00,0.00,21.93,[]
/dlsu/goks/cam,/dlsu/goks/cam,0.000000,69195.40468788147,0,,0,0,,0.04,0.72,25.10,[]
/dlsu/goks/cam,/dlsu/goks/cam,0.000000,0,0,,0,0,,0.00,0.00,23.23,[]
/dlsu/goks/cam,/dlsu/goks/cam,0.000000,69195.46870493889,0,,0,0,,0.05,1.12,25.11,[]
/dlsu/goks/cam,/dlsu/goks/cam,0.000000,69195.50038290024,0,,0,0,,0.07,0.60,24.65,[]
/dlsu/goks/cam,/dlsu/goks/cam,0.000000,0,0,,0,0,,0.00,0.00,25.07,[]
/dlsu/goks/cam,/dlsu/goks/cam,0.000000,69195.54875588417,0,,0,0,,0.07,1.46,25.50,[]
/dlsu/goks/cam,/dlsu/goks/cam,0.000000,69195.56441402435,0,,0,0,,0.02,0.86,24.79,[]
/dlsu/goks/cam,/dlsu/goks/cam,0.000000,69195.59656596184,0,,0,0,,0.02,0.71,23.67,[]
/dlsu/goks/cam,/dlsu/goks/cam,0.000000,69195.61245894432,0,,0,0,,0.02,0.96,20.66,[]
/dlsu/goks/cam,/dlsu/goks/cam,0.000000,69195.6285610199,0,,0,0,,0.02,0.60,25.08,[]
/dlsu/goks/cam,/dlsu/goks/cam,0.000000,0,0,,0,0,,0.00,0.00,25.09,[]
/dlsu/goks/cam,/dlsu/goks/cam,0.000000,69195.69285202026,0,,0,0,,0.02,0.77,24.91,[]
/dlsu/goks/cam,/dlsu/goks/cam,0.000000,69195.70883202553,0,,0,0,,0.07,0.66,24.43,[]
/dlsu/goks/cam,/dlsu/goks/cam,0.000000,69195.72464609146,0,,0,0,,0.03,0.48,25.08,[]
/dlsu/goks/cam,/dlsu/goks/cam,0.000000,69195.75676488876,0,,0,0,,0.02,0.37,20.70,[]
/dlsu/goks/cam,/dlsu/goks/cam,0.000000,69195.78893494606,0,,0,0,,0.02,0.61,24.68,[]
/dlsu/goks/cam,/dlsu/goks/cam,0.000000,69195.80477905273,0,,0,0,,0.02,0.69,25.07,[]
/dlsu/goks/cam,/dlsu/goks/cam,0.000000,69195.83671498299,0,,0,0,,0.16,0.76,20.43,[]
/dlsu/goks/cam,/dlsu/goks/cam,0.000000,0,0,,0,0,,0.00,0.00,24.83,[]
/dlsu/goks/cam,/dlsu/goks/cam,0.000000,69195.88522601128,0,,0,0,,0.13,1.04,21.76,[]
/dlsu/goks/cam,/dlsu/goks/cam,0.000000,0,0,,0,0,,0.00,0.00,23.02,[]
/dlsu/goks/cam,/dlsu/goks/cam,0.000000,69195.93315911293,0,,0,0,,0.07,1.10,25.11,[]
/dlsu/goks/cam,/dlsu/goks/cam,0.000000,69195.94913291931,0,,0,0,,0.03,0.74,24.21,[]
/dlsu/goks/cam,/dlsu/goks/cam,0.000000,69195.98063707352,0,,0,0,,0.05,0.42,21.01,[]
/dlsu/goks/cam,/dlsu/goks/cam,0.000000,69195.99680495262,0,,0,0,,0.02,0.61,22.42,[]
/dlsu/goks/cam,/dlsu/goks/cam,0.000000,69196.01293301582,0,,0,0,,0.02,0.73,22.57,[]
/dlsu/goks/cam,/dlsu/goks/cam,0.000000,69196.04485607147,0,,0,0,,0.02,0.66,24.94,[]
/dlsu/goks/cam,/dlsu/goks/cam,0.000000,69196.07701897621,0,,0,0,,0.05,1.44,24.76,[]
/dlsu/goks/cam,/dlsu/goks/cam,0.000000,0,0,,0,0,,0.00,0.00,23.96,[]
/dlsu/goks/cam,/dlsu/goks/cam,0.000000,69196.1087679863,0,,0,0,,0.04,0.87,25.08,[]
/dlsu/goks/cam,/dlsu/goks/cam,0.000000,69196.14109897614,0,,0,0,,0.03,0.64,24.06,[]
/dlsu/goks/cam,/dlsu/goks/cam,0.000000,69196.17286896706,0,,0,0,,0.06,0.93,25.10,[]
/dlsu/goks/cam,/dlsu/goks/cam,0.000000,69196.1891169548,0,,0,0,,0.02,0.58,25.08,[]
/dlsu/goks/cam,/dlsu/goks/cam,0.000000,69196.20493507385,0,,0,0,,0.04,0.45,25.10,[]
/dlsu/goks/cam,/dlsu/goks/cam,0.000000,0,0,,0,0,,0.00,0.00,25.12,[]
/dlsu/goks/cam,/dlsu/goks/cam,0.000000,69196.26902294159,0,,0,0,,0.04,0.78,23.26,[]
/dlsu/goks/cam,/dlsu/goks/cam,0.000000,0,0,,0,0,,0.00,0.00,22.36,[]
/dlsu/goks/cam,/dlsu/goks/cam,0.000000,69196.31677794456,0,,0,0,,0.03,0.37,21.08,[]
/dlsu/goks/cam,/dlsu/goks/cam,0.000000,69196.33315896988,0,,0,0,,0.07,0.82,23.99,[]
/dlsu/goks/cam,/dlsu/goks/cam,0.000000,69196.34869503975,0,,0,0,,0.02,0.49,25.08,[]
/dlsu/goks/cam,/dlsu/goks/cam,0.000000,69196.38103294373,0,,0,0,,0.07,0.70,24.13,[]
/dlsu/goks/cam,/dlsu/goks/cam,0.000000,69196.39665293694,0,,0,0,,0.01,0.36,24.19,[]
/dlsu/goks/cam,/dlsu/goks/cam,0.000000,69196.42915701866,0,,0,0,,0.04,0.76,21.90,[]
/dlsu/goks/cam,/dlsu/goks/cam,0.000000,69196.46090602875,0,,0,0,,0.16,0.00,20.62,[]
/dlsu/goks/cam,/dlsu/goks/cam,0.000000,69196.47661995888,0,,0,0,,0.11,0.99,25.08,[]
/dlsu/goks/cam,/dlsu/goks/cam,0.000000,69196.508934021,0,,0,0,,0.03,0.73,25.08,[]
/dlsu/goks/cam,/dlsu/goks/cam,0.000000,0,0,,0,0,,0.00,0.00,20.25,[]
/dlsu/goks/cam,/dlsu/goks/cam,0.000000,69196.54187488556,0,,0,0,,0.02,0.67,25.08,[]
/dlsu/goks/cam,/dlsu/goks/cam,0.000000,69196.57267808914,0,,0,0,,0.03,1.08,24.57,[]
/dlsu/goks/cam,/dlsu/goks/cam,0.000000,69196.604845047,0,,0,0,,0.05,1.25,25.57,[]
/dlsu/goks/cam,/dlsu/goks/cam,0.000000,69196.62038111687,0,,0,0,,0.04,0.84,25.14,[]
/dlsu/goks/cam,/dlsu/goks/cam,0.000000,69196.63629508018,0,,0,0,,0.02,0.32,25.07,[]
/dlsu/goks/cam,/dlsu/goks/cam,0.000000,69196.66845011711,0,,0,0,,0.02,0.69,25.07,[]
/dlsu/goks/cam,/dlsu/goks/cam,0.000000,69196.70006990433,0,,0,0,,0.03,0.35,24.21,[]
/dlsu/goks/cam,/dlsu/goks/cam,0.000000,69196.71594309807,0,,0,0,,0.02,0.45,25.11,[]
/dlsu/goks/cam,/dlsu/goks/cam,0.000000,69196.74865102768,0,,0,0,,0.17,0.92,25.10,[]
/dlsu/goks/cam,/dlsu/goks/cam,0.000000,69196.7797319889,0,,0,0,,0.05,0.43,25.09,[]
/dlsu/goks/cam,/dlsu/goks/cam,0.000000,69196.79575610161,0,,0,0,,0.02,0.62,24.59,[]
/dlsu/goks/cam,/dlsu/goks/cam,0.000000,69196.82793188095,0,,0,0,,0.03,0.87,22.79,[]
/dlsu/goks/cam,/dlsu/goks/cam,0.000000,69196.8436820507,0,,0,0,,0.03,0.67,22.50,[]
/dlsu/goks/cam,/dlsu/goks/cam,0.000000,69196.87559700012,0,,0,0,,0.04,0.39,20.95,[]
/dlsu/goks/cam,/dlsu/goks/cam,0.000000,69196.89183807373,0,,0,0,,0.02,0.69,23.90,[]
/dlsu/goks/cam,/dlsu/goks/cam,0.000000,69196.90780901909,0,,0,0,,0.04,0.78,25.08,[]
/dlsu/goks/cam,/dlsu/goks/cam,0.000000,69196.93982100487,0,,0,0,,0.03,0.73,22.28,[]
/dlsu/goks/cam,/dlsu/goks/cam,0.000000,69196.95586204529,0,,0,0,,0.07,0.69,21.48,[]
/dlsu/goks/cam,/dlsu/goks/cam,0.000000,69196.98786711693,0,,0,0,,0.02,0.70,21.51,[]
/dlsu/goks/cam,/dlsu/goks/cam,0.000000,69197.00389504433,0,,0,0,,0.07,0.71,24.74,[]
/dlsu/goks/cam,/dlsu/goks/cam,0.000000,69197.01994895935,0,,0,0,,0.02,0.33,25.08,[]
/dlsu/goks/cam,/dlsu/goks/cam,0.000000,69197.05174899101,0,,0,0,,0.02,0.69,24.45,[]
/dlsu/goks/cam,/dlsu/goks/cam,0.000000,69197.0838971138,0,,0,0,,0.02,0.84,20.82,[]
/dlsu/goks/cam,/dlsu/goks/cam,0.000000,69197.09965991974,0,,0,0,,0.02,0.98,24.34,[]
/dlsu/goks/cam,/dlsu/goks/cam,0.000000,69197.13171601295,0,,0,0,,0.04,1.33,23.29,[]
/dlsu/goks/cam,/dlsu/goks/cam,0.000000,69197.14806103706,0,,0,0,,0.02,0.66,23.09,[]
/dlsu/goks/cam,/dlsu/goks/cam,0.000000,0,0,,0,0,,0.00,0.00,25.06,[]
/dlsu/goks/cam,/dlsu/goks/cam,0.000000,69197.19690394402,0,,0,0,,0.06,1.41,25.11,[]
/dlsu/goks/cam,/dlsu/goks/cam,0.000000,69197.22789692879,0,,0,0,,0.02,0.64,22.37,[]
/dlsu/goks/cam,/dlsu/goks/cam,0.000000,69197.24385690689,0,,0,0,,0.05,0.83,25.08,[]
/dlsu/goks/cam,/dlsu/goks/cam,0.000000,69197.27590203285,0,,0,0,,0.03,0.79,23.03,[]
/dlsu/goks/cam,/dlsu/goks/cam,0.000000,69197.29199290276,0,,0,0,,0.09,0.68,20.16,[]
/dlsu/goks/cam,/dlsu/goks/cam,0.000000,69197.32391095161,0,,0,0,,0.02,0.66,25.06,[]
/dlsu/goks/cam,/dlsu/goks/cam,0.000000,69197.3397591114,0,,0,0,,0.02,0.54,24.49,[]
/dlsu/goks/cam,/dlsu/goks/cam,0.000000,69197.35566592216,0,,0,0,,0.14,0.37,25.42,[]
/dlsu/goks/cam,/dlsu/goks/cam,0.000000,69197.40401601791,0,,0,0,,0.04,1.33,25.11,[]
/dlsu/goks/cam,/dlsu/goks/cam,0.000000,69197.41968011856,0,,0,0,,0.02,0.43,22.51,[]
/dlsu/goks/cam,/dlsu/goks/cam,0.000000,0,0,,0,0,,0.00,0.00,25.08,[]
/dlsu/goks/cam,/dlsu/goks/cam,0.000000,0,0,,0,0,,0.00,0.00,23.46,[]
/dlsu/goks/cam,/dlsu/goks/cam,0.000000,69197.49970197678,0,,0,0,,0.09,1.29,25.37,[]
/dlsu/goks/cam,/dlsu/goks/cam,0.000000,69197.5155339241,0,,0,0,,0.02,0.49,24.90,[]
/dlsu/goks/cam,/dlsu/goks/cam,0.000000,69197.53141093254,0,,0,0,,0.04,0.41,25.19,[]
/dlsu/goks/cam,/dlsu/goks/cam,0.000000,69197.56359195709,0,,0,0,,0.03,0.63,24.20,[]
/dlsu/goks/cam,/dlsu/goks/cam,0.000000,69197.59550905228,0,,0,0,,0.02,0.90,25.07,[]
/dlsu/goks/cam,/dlsu/goks/cam,0.000000,0,0,,0,0,,0.00,0.00,23.39,[]
/dlsu/goks/cam,/dlsu/goks/cam,0.000000,69197.62797093391,0,,0,0,,0.03,0.43,24.77,[]
/dlsu/goks/cam,/dlsu/goks/cam,0.000000,69197.6603910923,0,,0,0,,0.05,1.02,25.07,[]
/dlsu/goks/cam,/dlsu/goks/cam,0.000000,0,0,,0,0,,0.00,0.00,25.09,[]
/dlsu/goks/cam,/dlsu/goks/cam,0.000000,69197.72400593758,0,,0,0,,0.05,1.17,25.18,[]
/dlsu/goks/cam,/dlsu/goks/cam,0.000000,69197.74001598358,0,,0,0,,0.02,0.67,24.78,[]
/dlsu/goks/cam,/dlsu/goks/cam,0.000000,69197.77183294296,0,,0,0,,0.03,0.70,24.47,[]
/dlsu/goks/cam,/dlsu/goks/cam,0.000000,0,0,,0,0,,0.00,0.00,25.08,[]
/dlsu/goks/cam,/dlsu/goks/cam,0.000000,69197.81957888603,0,,0,0,,0.02,0.42,24.39,[]
/dlsu/goks/cam,/dlsu/goks/cam,0.000000,69197.83579802513,0,,0,0,,0.06,0.64,25.10,[]
/dlsu/goks/cam,/dlsu/goks/cam,0.000000,69197.86835598946,0,,0,0,,0.04,1.02,24.14,[]
/dlsu/goks/cam,/dlsu/goks/cam,0.000000,69197.89998602867,0,,0,0,,0.03,0.81,23.93,[]
/dlsu/goks/cam,/dlsu/goks/cam,0.000000,69197.91589307785,0,,0,0,,0.02,0.63,20.55,[]
/dlsu/goks/cam,/dlsu/goks/cam,0.000000,69197.9476120472,0,,0,0,,0.08,0.74,25.55,[]
/dlsu/goks/cam,/dlsu/goks/cam,0.000000,69197.96359992027,0,,0,0,,0.03,0.89,22.15,[]
/dlsu/goks/cam,/dlsu/goks/cam,0.000000,69197.97970700264,0,,0,0,,0.06,0.65,23.00,[]
/dlsu/goks/cam,/dlsu/goks/cam,0.000000,69198.0115609169,0,,0,0,,0.03,0.65,24.30,[]
/dlsu/goks/cam,/dlsu/goks/cam,0.000000,0,0,,0,0,,0.00,0.00,25.09,[]
/dlsu/goks/cam,/dlsu/goks/cam,0.000000,69198.05914402008,0,,0,0,,0.02,0.61,25.11,[]
/dlsu/goks/cam,/dlsu/goks/cam,0.000000,69198.07524490356,0,,0,0,,0.02,0.64,23.75,[]
/dlsu/goks/cam,/dlsu/goks/cam,0.000000,69198.10712695122,0,,0,0,,0.02,0.65,25.30,[]
/dlsu/goks/cam,/dlsu/goks/cam,0.000000,69198.13952708244,0,,0,0,,0.17,1.25,25.29,[]
/dlsu/goks/cam,/dlsu/goks/cam,0.000000,69198.15539503098,0,,0,0,,0.02,0.62,25.12,[]
/dlsu/goks/cam,/dlsu/goks/cam,0.000000,69198.17144107819,0,,0,0,,0.02,0.40,24.19,[]
/dlsu/goks/cam,/dlsu/goks/cam,0.000000,69198.20295500755,0,,0,0,,0.02,0.35,20.54,[]
/dlsu/goks/cam,/dlsu/goks/cam,0.000000,69198.23511600494,0,,0,0,,0.04,0.63,25.09,[]
/dlsu/goks/cam,/dlsu/goks/cam,0.000000,69198.25113606453,0,,0,0,,0.03,0.61,25.10,[]
/dlsu/goks/cam,/dlsu/goks/cam,0.000000,69198.26759290695,0,,0,0,,0.02,0.33,25.12,[]
/dlsu/goks/cam,/dlsu/goks/cam,0.000000,69198.2991809845,0,,0,0,,0.03,0.68,24.72,[]
/dlsu/goks/cam,/dlsu/goks/cam,0.000000,69198.33100891113,0,,0,0,,0.03,0.69,20.95,[]
/dlsu/goks/cam,/dlsu/goks/cam,0.000000,69198.34671998024,0,,0,0,,0.07,1.07,24.22,[]
/dlsu/goks/cam,/dlsu/goks/cam,0.000000,69198.37873697281,0,,0,0,,0.03,1.24,23.52,[]
/dlsu/goks/cam,/dlsu/goks/cam,0.000000,69198.41026496887,0,,0,0,,0.03,0.00,24.31,[]
/dlsu/goks/cam,/dlsu/goks/cam,0.000000,69198.42628097534,0,,0,0,,0.02,0.97,23.01,[]
/dlsu/goks/cam,/dlsu/goks/cam,0.000000,69198.44258904457,0,,0,0,,0.04,0.66,25.09,[]
/dlsu/goks/cam,/dlsu/goks/cam,0.000000,69198.47435903549,0,,0,0,,0.03,0.70,25.09,[]
/dlsu/goks/cam,/dlsu/goks/cam,0.000000,69198.50621008873,0,,0,0,,0.03,0.69,24.99,[]
/dlsu/goks/cam,/dlsu/goks/cam,0.000000,69198.52204608917,0,,0,0,,0.02,0.63,25.11,[]
/dlsu/goks/cam,/dlsu/goks/cam,0.000000,69198.55381298065,0,,0,0,,0.03,1.01,24.42,[]
/dlsu/goks/cam,/dlsu/goks/cam,0.000000,69198.57022500038,0,,0,0,,0.04,0.80,25.08,[]
/dlsu/goks/cam,/dlsu/goks/cam,0.000000,69198.60176992416,0,,0,0,,0.04,0.78,24.08,[]
/dlsu/goks/cam,/dlsu/goks/cam,0.000000,69198.63376307487,0,,0,0,,0.05,1.15,24.15,[]
/dlsu/goks/cam,/dlsu/goks/cam,0.000000,69198.64979696274,0,,0,0,,0.04,0.60,24.05,[]
/dlsu/goks/cam,/dlsu/goks/cam,0.000000,69198.68183803558,0,,0,0,,0.04,0.89,23.22,[]
/dlsu/goks/cam,/dlsu/goks/cam,0.000000,69198.69811105728,0,,0,0,,0.05,0.74,24.63,[]
/dlsu/goks/cam,/dlsu/goks/cam,0.000000,0,0,,0,0,,0.00,0.00,25.08,[]
/dlsu/goks/cam,/dlsu/goks/cam,0.000000,69198.74699997902,0,,0,0,,0.06,1.24,23.84,[]
/dlsu/goks/cam,/dlsu/goks/cam,0.000000,69198.76179909706,0,,0,0,,0.02,0.41,21.22,[]
/dlsu/goks/cam,/dlsu/goks/cam,0.000000,69198.79428100586,0,,0,0,,0.02,0.77,20.90,[]
/dlsu/goks/cam,/dlsu/goks/cam,0.000000,69198.80995297432,0,,0,0,,0.02,1.08,25.07,[]
/dlsu/goks/cam,/dlsu/goks/cam,0.000000,69198.82684803009,0,,0,0,,0.08,0.38,25.08,[]
/dlsu/goks/cam,/dlsu/goks/cam,0.000000,69198.87420392036,0,,0,0,,0.16,1.34,25.08,[]
/dlsu/goks/cam,/dlsu/goks/cam,0.000000,69198.8897550106,0,,0,0,,0.10,0.62,24.38,[]
/dlsu/goks/cam,/dlsu/goks/cam,0.000000,69198.90586209297,0,,0,0,,0.06,0.60,25.35,[]
/dlsu/goks/cam,/dlsu/goks/cam,0.000000,69198.93788194656,0,,0,0,,0.03,0.77,25.09,[]
/dlsu/goks/cam,/dlsu/goks/cam,0.000000,69198.95331311226,0,,0,0,,0.02,0.33,25.10,[]
/dlsu/goks/cam,/dlsu/goks/cam,0.000000,69198.98565292358,0,,0,0,,0.04,0.65,20.16,[]
/dlsu/goks/cam,/dlsu/goks/cam,0.000000,69199.01759505272,0,,0,0,,0.02,0.67,25.10,[]
/dlsu/goks/cam,/dlsu/goks/cam,0.000000,69199.03356194496,0,,0,0,,0.03,0.81,21.31,[]
/dlsu/goks/cam,/dlsu/goks/cam,0.000000,69199.04962491989,0,,0,0,,0.03,0.77,25.12,[]
/dlsu/goks/cam,/dlsu/goks/cam,0.000000,69199.08211803436,0,,0,0,,0.04,1.06,25.09,[]
/dlsu/goks/cam,/dlsu/goks/cam,0.000000,0,0,,0,0,,0.00,0.00,23.15,[]
/dlsu/goks/cam,/dlsu/goks/cam,0.000000,69199.13008594513,0,,0,0,,0.05,1.10,24.23,[]
/dlsu/goks/cam,/dlsu/goks/cam,0.000000,69199.16124510765,0,,0,0,,0.03,0.39,25.08,[]
/dlsu/goks/cam,/dlsu/goks/cam,0.000000,0,0,,0,0,,0.00,0.00,25.09,[]
/dlsu/goks/cam,/dlsu/goks/cam,0.000000,69199.20938205719,0,,0,0,,0.02,0.72,25.08,[]
/dlsu/goks/cam,/dlsu/goks/cam,0.000000,69199.22567892075,0,,0,0,,0.02,0.73,24.12,[]
/dlsu/goks/cam,/dlsu/goks/cam,0.000000,69199.25741910934,0,,0,0,,0.02,0.87,21.15,[]
/dlsu/goks/cam,/dlsu/goks/cam,0.000000,69199.27366495132,0,,0,0,,0.02,0.69,21.48,[]
/dlsu/goks/cam,/dlsu/goks/cam,0.000000,69199.30574011803,0,,0,0,,0.03,0.68,25.07,[]
/dlsu/goks/cam,/dlsu/goks/cam,0.000000,69199.32156991959,0,,0,0,,0.02,0.63,23.61,[]
/dlsu/goks/cam,/dlsu/goks/cam,0.000000,69199.35333800316,0,,0,0,,0.02,0.39,24.32,[]
/dlsu/goks/cam,/dlsu/goks/cam,0.000000,69199.37030291557,0,,0,0,,0.06,0.65,24.50,[]
/dlsu/goks/cam,/dlsu/goks/cam,0.000000,69199.40147805214,0,,0,0,,0.05,0.66,22.12,[]
/dlsu/goks/cam,/dlsu/goks/cam,0.000000,69199.41762495041,0,,0,0,,0.04,0.64,25.08,[]
/dlsu/goks/cam,/dlsu/goks/cam,0.000000,69199.4496281147,0,,0,0,,0.03,0.67,22.55,[]
/dlsu/goks/cam,/dlsu/goks/cam,0.000000,0,0,,0,0,,0.00,0.00,21.80,[]
/dlsu/goks/cam,/dlsu/goks/cam,0.000000,69199.48144292831,0,,0,0,,0.04,0.48,25.09,[]
/dlsu/goks/cam,/dlsu/goks/cam,0.000000,69199.51374602318,0,,0,0,,0.03,0.70,25.11,[]
/dlsu/goks/cam,/dlsu/goks/cam,0.000000,69199.53185606003,0,,0,0,,0.04,0.40,25.13,[]
/dlsu/goks/cam,/dlsu/goks/cam,0.000000,69199.56179308891,0,,0,0,,0.04,0.81,23.34,[]
/dlsu/goks/cam,/dlsu/goks/cam,0.000000,69199.59381103516,0,,0,0,,0.03,0.77,24.18,[]
/dlsu/goks/cam,/dlsu/goks/cam,0.000000,69199.62598395348,0,,0,0,,0.07,1.35,24.46,[]
/dlsu/goks/cam,/dlsu/goks/cam,0.000000,69199.64191389084,0,,0,0,,0.02,0.67,21.81,[]
/dlsu/goks/cam,/dlsu/goks/cam,0.000000,0,0,,0,0,,0.00,0.00,25.11,[]
/dlsu/goks/cam,/dlsu/goks/cam,0.000000,69199.69033193588,0,,0,0,,0.04,0.98,21.13,[]
/dlsu/goks/cam,/dlsu/goks/cam,0.000000,69199.70566701889,0,,0,0,,0.02,0.93,25.07,[]
/dlsu/goks/cam,/dlsu/goks/cam,0.000000,69199.7377820015,0,,0,0,,0.03,0.78,23.55,[]
/dlsu/goks/cam,/dlsu/goks/cam,0.000000,69199.75336098671,0,,0,0,,0.03,0.88,23.58,[]
/dlsu/goks/cam,/dlsu/goks/cam,0.000000,69199.78573298454,0,,0,0,,0.02,0.77,22.94,[]
/dlsu/goks/cam,/dlsu/goks/cam,0.000000,0,0,,0,0,,0.00,0.00,25.08,[]
/dlsu/goks/cam,/dlsu/goks/cam,0.000000,69199.83372592926,0,,0,0,,0.05,1.08,23.00,[]
/dlsu/goks/cam,/dlsu/goks/cam,0.000000,69199.84956502914,0,,0,0,,0.02,0.68,25.08,[]
/dlsu/goks/cam,/dlsu/goks/cam,0.000000,69199.88157200813,0,,0,0,,0.03,0.66,24.44,[]
/dlsu/goks/cam,/dlsu/goks/cam,0.000000,69199.91358494759,0,,0,0,,0.18,1.36,25.05,[]
/dlsu/goks/cam,/dlsu/goks/cam,0.000000,69199.92941904068,0,,0,0,,0.12,0.59,20.68,[]
/dlsu/goks/cam,/dlsu/goks/cam,0.000000,0,0,,0,0,,0.00,0.00,23.04,[]
/dlsu/goks/cam,/dlsu/goks/cam,0.000000,69199.97886991501,0,,0,0,,0.07,2.59,23.48,[]
/dlsu/goks/cam,/dlsu/goks/cam,0.000000,0,0,,0,0,,0.00,0.00,25.08,[]
/dlsu/goks/cam,/dlsu/goks/cam,0.000000,69200.02547001839,0,,0,0,,0.04,1.24,25.08,[]
/dlsu/goks/cam,/dlsu/goks/cam,0.000000,69200.05725288391,0,,0,0,,0.03,0.74,23.36,[]
/dlsu/goks/cam,/dlsu/goks/cam,0.000000,0,0,,0,0,,0.00,0.00,22.38,[]
/dlsu/goks/cam,/dlsu/goks/cam,0.000000,69200.08973503113,0,,0,0,,0.09,1.03,22.64,[]
/dlsu/goks/cam,/dlsu/goks/cam,0.000000,69200.12132000923,0,,0,0,,0.03,0.78,23.99,[]
/dlsu/goks/cam,/dlsu/goks/cam,0.000000,0,0,,0,0,,0.00,0.00,25.05,[]
/dlsu/goks/cam,/dlsu/goks/cam,0.000000,69200.16918706894,0,,0,0,,0.08,1.12,24.84,[]
/dlsu/goks/cam,/dlsu/goks/cam,0.000000,69200.20145606995,0,,0,0,,0.02,0.65,25.27,[]
/dlsu/goks/cam,/dlsu/goks/cam,0.000000,69200.21718907356,0,,0,0,,0.02,0.37,25.09,[]
/dlsu/goks/cam,/dlsu/goks/cam,0.000000,69200.24943208694,0,,0,0,,0.12,1.07,25.10,[]
/dlsu/goks/cam,/dlsu/goks/cam,0.000000,69200.2654979229,0,,0,0,,0.05,0.79,21.69,[]
/dlsu/goks/cam,/dlsu/goks/cam,0.000000,69200.29721689224,0,,0,0,,0.02,0.67,24.58,[]
/dlsu/goks/cam,/dlsu/goks/cam,0.000000,69200.31354403496,0,,0,0,,0.02,0.87,20.51,[]
/dlsu/goks/cam,/dlsu/goks/cam,0.000000,69200.34574508667,0,,0,0,,0.04,0.97,25.12,[]
/dlsu/goks/cam,/dlsu/goks/cam,0.000000,69200.36154103279,0,,0,0,,0.04,0.75,25.06,[]
/dlsu/goks/cam,/dlsu/goks/cam,0.000000,69200.39359807968,0,,0,0,,0.03,0.79,21.55,[]
/dlsu/goks/cam,/dlsu/goks/cam,0.000000,69200.40955996513,0,,0,0,,0.02,0.66,25.09,[]
/dlsu/goks/cam,/dlsu/goks/cam,0.000000,69200.44129991531,0,,0,0,,0.03,1.00,24.71,[]
/dlsu/goks/cam,/dlsu/goks/cam,0.000000,0,0,,0,0,,0.00,0.00,25.11,[]
/dlsu/goks/cam,/dlsu/goks/cam,0.000000,0,0,,0,0,,0.00,0.00,22.89,[]
/dlsu/goks/cam,/dlsu/goks/cam,0.000000,0,0,,0,0,,0.00,0.00,24.23,[]
/dlsu/goks/cam,/dlsu/goks/cam,0.000000,0,0,,0,0,,0.00,0.00,25.08,[]
/dlsu/goks/cam,/dlsu/goks/cam,0.000000,0,0,,0,0,,0.00,0.00,23.86,[]
/dlsu/goks/cam,/dlsu/goks/cam,0.000000,0,0,,0,0,,0.00,0.00,25.08,[]
/dlsu/goks/cam,/dlsu/goks/cam,0.000000,0,0,,0,0,,0.00,0.00,25.08,[]
/dlsu/goks/cam,/dlsu/goks/cam,0.000000,0,0,,0,0,,0.00,0.00,25.12,[]
/dlsu/goks/cam,/dlsu/goks/cam,0.000000,0,0,,0,0,,0.00,0.00,24.63,[]
/dlsu/goks/cam,/dlsu/goks/cam,0.000000,0,0,,0,0,,0.00,0.00,24.82,[]
/dlsu/goks/cam,/dlsu/goks/cam,0.000000,0,0,,0,0,,0.00,0.00,25.42,[]
/dlsu/goks/cam,/dlsu/goks/cam,0.000000,0,0,,0,0,,0.00,0.00,25.12,[]
/dlsu/goks/cam,/dlsu/goks/cam,0.000000,0,0,,0,0,,0.00,0.00,23.17,[]
/dlsu/goks/cam,/dlsu/goks/cam,0.000000,0,0,,0,0,,0.00,0.00,25.08,[]
/dlsu/goks/cam,/dlsu/goks/cam,0.000000,0,0,,0,0,,0.00,0.00,25.45,[]
/dlsu/goks/cam,/dlsu/goks/cam,0.000000,0,0,,0,0,,0.00,0.00,24.38,[]
/dlsu/goks/cam,/dlsu/goks/cam,0.000000,0,0,,0,0,,0.00,0.00,25.38,[]
/dlsu/goks/cam,/dlsu/goks/cam,0.000000,69204.9868760109,0,,0,0,,0.05,1.18,25.17,[]
/dlsu/goks/cam,/dlsu/goks/cam,0.000000,69205.03494501114,0,,0,0,,0.06,1.66,24.18,[]
/dlsu/goks/cam,/dlsu/goks/cam,0.000000,69205.05278301239,0,,0,0,,0.85,1.08,25.89,[]
/dlsu/goks/cam,/dlsu/goks/cam,0.000000,69205.10093808174,0,,0,0,,0.42,16.27,46.26,[]
/dlsu/goks/cam,/dlsu/goks/cam,0.000000,69205.15275406837,0,,0,0,,0.39,10.44,29.37,[]
/dlsu/goks/cam,/dlsu/goks/cam,0.000000,69205.16271400452,0,,0,0,,0.06,2.73,23.58,[]
/dlsu/goks/cam,/dlsu/goks/cam,0.000000,69205.20553398132,0,,0,0,,0.77,9.66,37.14,[]
/dlsu/goks/cam,/dlsu/goks/cam,0.000000,69205.22823810577,0,,0,0,,0.33,1.87,25.24,[]
/dlsu/goks/cam,/dlsu/goks/cam,0.000000,69205.27412390709,0,,0,0,,0.06,1.11,20.55,[]
/dlsu/goks/cam,/dlsu/goks/cam,0.000000,69205.29000210762,0,,0,0,,0.06,0.39,25.10,[]
/dlsu/goks/cam,/dlsu/goks/cam,0.000000,69205.32202005386,0,,0,0,,0.04,0.74,20.51,[]
/dlsu/goks/cam,/dlsu/goks/cam,0.000000,0,0,,0,0,,0.00,0.00,25.13,[]
/dlsu/goks/cam,/dlsu/goks/cam,0.000000,69205.35402107239,0,,0,0,,0.04,0.75,25.12,[]
/dlsu/goks/cam,/dlsu/goks/cam,0.000000,69205.38615393639,0,,0,0,,0.10,0.53,22.29,[]
/dlsu/goks/cam,/dlsu/goks/cam,0.000000,69205.41847896576,0,,0,0,,0.03,0.65,25.39,[]
/dlsu/goks/cam,/dlsu/goks/cam,0.000000,69205.43455410004,0,,0,0,,0.02,0.73,25.07,[]
/dlsu/goks/cam,/dlsu/goks/cam,0.000000,69205.4672589302,0,,0,0,,0.04,1.28,22.74,[]
/dlsu/goks/cam,/dlsu/goks/cam,0.000000,0,0,,0,0,,0.00,0.00,25.07,[]
/dlsu/goks/cam,/dlsu/goks/cam,0.000000,69205.51528906822,0,,0,0,,0.15,1.12,25.09,[]
/dlsu/goks/cam,/dlsu/goks/cam,0.000000,0,0,,0,0,,0.00,0.00,21.40,[]
/dlsu/goks/cam,/dlsu/goks/cam,0.000000,69205.562885046,0,,0,0,,0.28,1.62,22.71,[]
/dlsu/goks/cam,/dlsu/goks/cam,0.000000,69205.57852101326,0,,0,0,,0.04,0.76,23.00,[]
/dlsu/goks/cam,/dlsu/goks/cam,0.000000,69205.61041402817,0,,0,0,,0.03,0.83,23.13,[]
/dlsu/goks/cam,/dlsu/goks/cam,0.000000,69205.62644100189,0,,0,0,,0.06,0.81,25.08,[]
/dlsu/goks/cam,/dlsu/goks/cam,0.000000,69205.65813207626,0,,0,0,,0.03,0.91,21.36,[]
/dlsu/goks/cam,/dlsu/goks/cam,0.000000,69205.67439007759,0,,0,0,,0.05,0.65,25.08,[]
/dlsu/goks/cam,/dlsu/goks/cam,0.000000,0,0,,0,0,,0.00,0.00,25.10,[]
/dlsu/goks/cam,/dlsu/goks/cam,0.000000,69205.73819208145,0,,0,0,,0.07,1.81,23.86,[]
/dlsu/goks/cam,/dlsu/goks/cam,0.000000,0,0,,0,0,,0.00,0.00,25.10,[]
/dlsu/goks/cam,/dlsu/goks/cam,0.000000,69205.78570008278,0,,0,0,,0.07,1.09,25.11,[]
/dlsu/goks/cam,/dlsu/goks/cam,0.000000,69205.80160808563,0,,0,0,,0.02,0.54,23.60,[]
/dlsu/goks/cam,/dlsu/goks/cam,0.000000,69205.83376097679,0,,0,0,,0.02,0.91,20.80,[]
/dlsu/goks/cam,/dlsu/goks/cam,0.000000,0,0,,0,0,,0.00,0.00,25.13,[]
/dlsu/goks/cam,/dlsu/goks/cam,0.000000,69205.86594390869,0,,0,0,,0.05,0.75,25.09,[]
/dlsu/goks/cam,/dlsu/goks/cam,0.000000,69205.89804410934,0,,0,0,,0.02,0.75,24.99,[]
/dlsu/goks/cam,/dlsu/goks/cam,0.000000,69205.91364502907,0,,0,0,,0.02,0.41,25.11,[]
/dlsu/goks/cam,/dlsu/goks/cam,0.000000,69205.9466509819,0,,0,0,,0.04,1.28,25.08,[]
/dlsu/goks/cam,/dlsu/goks/cam,0.000000,0,0,,0,0,,0.00,0.00,25.08,[]
/dlsu/goks/cam,/dlsu/goks/cam,0.000000,0,0,,0,0,,0.00,0.00,23.62,[]
/dlsu/goks/cam,/dlsu/goks/cam,0.000000,0,0,,0,0,,0.00,0.00,25.08,[]
/dlsu/goks/cam,/dlsu/goks/cam,0.000000,0,0,,0,0,,0.00,0.00,24.49,[]
/dlsu/goks/cam,/dlsu/goks/cam,0.000000,0,0,,0,0,,0.00,0.00,25.06,[]
/dlsu/goks/cam,/dlsu/goks/cam,0.000000,69211.05012106895,0,,0,0,,0.11,0.91,25.15,[]
/dlsu/goks/cam,/dlsu/goks/cam,0.000000,69211.09797692299,0,,0,0,,0.09,2.64,21.29,[]
/dlsu/goks/cam,/dlsu/goks/cam,0.000000,69211.11343288422,0,,0,0,,0.06,1.28,22.13,[]
/dlsu/goks/cam,/dlsu/goks/cam,0.000000,0,0,,0,0,,0.00,0.00,25.11,[]
/dlsu/goks/cam,/dlsu/goks/cam,0.000000,69211.16157603264,0,,0,0,,0.08,1.00,25.09,[]
/dlsu/goks/cam,/dlsu/goks/cam,0.000000,69216.058562994,0,,0,0,,0.10,1.39,25.19,[]
/dlsu/goks/cam,/dlsu/goks/cam,0.000000,69216.0907740593,0,,0,0,,0.05,1.18,25.21,[]
/dlsu/goks/cam,/dlsu/goks/cam,0.000000,0,0,,0,0,,0.00,0.00,20.98,[]
fn(2)


/dlsu/goks/cam,/dlsu/goks/cam,0.000000,69970.83457994461,0,,0,69970.84585690498,,0.12,12.30,11379.96,[]
/dlsu/goks/cam,/dlsu/goks/cam,0.000000,69986.47687792778,0,,0,0,,0.08,0.67,25.11,[]
/dlsu/goks/cam,/dlsu/goks/cam,0.000000,69986.52448606491,0,,0,0,,0.06,1.06,25.91,[]
/dlsu/goks/cam,/dlsu/goks/cam,0.000000,69986.54481911659,0,,0,0,,0.09,4.55,27.73,[]
/dlsu/goks/cam,/dlsu/goks/cam,0.000000,69986.59373998642,0,,0,0,,4.90,2.29,21.76,[]
/dlsu/goks/cam,/dlsu/goks/cam,0.000000,69986.60474896431,0,,0,0,,0.06,0.89,21.45,[]
/dlsu/goks/cam,/dlsu/goks/cam,0.000000,69986.64284396172,0,,0,0,,0.13,5.15,28.32,[]
/dlsu/goks/cam,/dlsu/goks/cam,0.000000,69986.66249704361,0,,0,0,,0.06,0.35,20.47,[]
/dlsu/goks/cam,/dlsu/goks/cam,0.000000,69986.70064091682,0,,0,0,,0.08,1.24,28.45,[]
/dlsu/goks/cam,/dlsu/goks/cam,0.000000,0,0,,0,0,,0.00,0.00,25.16,[]
/dlsu/goks/cam,/dlsu/goks/cam,0.000000,69986.7642030716,0,,0,0,,0.05,0.61,22.07,[]
/dlsu/goks/cam,/dlsu/goks/cam,0.000000,69986.78047800064,0,,0,0,,0.04,0.64,22.23,[]
/dlsu/goks/cam,/dlsu/goks/cam,0.000000,69986.8124101162,0,,0,0,,0.04,0.46,25.09,[]
/dlsu/goks/cam,/dlsu/goks/cam,0.000000,69986.82823395729,0,,0,0,,0.02,0.68,25.06,[]
/dlsu/goks/cam,/dlsu/goks/cam,0.000000,69986.8606441021,0,,0,0,,0.03,0.73,24.58,[]
/dlsu/goks/cam,/dlsu/goks/cam,0.000000,69986.87646198273,0,,0,0,,0.02,0.48,25.09,[]
/dlsu/goks/cam,/dlsu/goks/cam,0.000000,69986.90829706192,0,,0,0,,0.02,0.40,20.66,[]
/dlsu/goks/cam,/dlsu/goks/cam,0.000000,69986.92425704002,0,,0,0,,0.02,0.53,21.62,[]
/dlsu/goks/cam,/dlsu/goks/cam,0.000000,69986.9562599659,0,,0,0,,0.03,0.17,24.10,[]
/dlsu/goks/cam,/dlsu/goks/cam,0.000000,69986.9724509716,0,,0,0,,0.02,0.37,24.11,[]
/dlsu/goks/cam,/dlsu/goks/cam,0.000000,69986.9882030487,0,,0,0,,0.03,0.23,24.23,[]
/dlsu/goks/cam,/dlsu/goks/cam,0.000000,69987.02032589912,0,,0,0,,0.02,0.41,25.07,[]
/dlsu/goks/cam,/dlsu/goks/cam,0.000000,69987.05197095871,0,,0,0,,0.02,0.24,24.27,[]
/dlsu/goks/cam,/dlsu/goks/cam,0.000000,69987.06787109375,0,,0,0,,0.02,0.79,25.12,[]
/dlsu/goks/cam,/dlsu/goks/cam,0.000000,69987.0997159481,0,,0,0,,0.08,0.56,22.82,[]
/dlsu/goks/cam,/dlsu/goks/cam,0.000000,69987.13173794746,0,,0,0,,0.04,0.18,24.78,[]
/dlsu/goks/cam,/dlsu/goks/cam,0.000000,69987.14795398712,0,,0,0,,0.05,0.40,25.07,[]
/dlsu/goks/cam,/dlsu/goks/cam,0.000000,69987.16369104385,0,,0,0,,0.12,0.64,24.96,[]
/dlsu/goks/cam,/dlsu/goks/cam,0.000000,69987.19555306435,0,,0,0,,0.02,0.27,24.24,[]
/dlsu/goks/cam,/dlsu/goks/cam,0.000000,69987.2276570797,0,,0,0,,0.03,0.47,24.75,[]
/dlsu/goks/cam,/dlsu/goks/cam,0.000000,69987.24370193481,0,,0,0,,0.07,0.51,24.81,[]
/dlsu/goks/cam,/dlsu/goks/cam,0.000000,69987.27554297447,0,,0,0,,0.04,0.38,24.68,[]
/dlsu/goks/cam,/dlsu/goks/cam,0.000000,69987.30718493462,0,,0,0,,0.14,0.66,24.76,[]
/dlsu/goks/cam,/dlsu/goks/cam,0.000000,69987.32318496704,0,,0,0,,0.02,0.34,24.81,[]
/dlsu/goks/cam,/dlsu/goks/cam,0.000000,69987.35523891449,0,,0,0,,0.03,0.44,24.77,[]
/dlsu/goks/cam,/dlsu/goks/cam,0.000000,69987.37126398087,0,,0,0,,0.02,0.45,24.85,[]
/dlsu/goks/cam,/dlsu/goks/cam,0.000000,69987.38697004318,0,,0,0,,0.03,0.18,24.84,[]
/dlsu/goks/cam,/dlsu/goks/cam,0.000000,69987.41907095909,0,,0,0,,0.02,0.19,24.72,[]
/dlsu/goks/cam,/dlsu/goks/cam,0.000000,69987.43609189987,0,,0,0,,0.02,0.10,24.24,[]
/dlsu/goks/cam,/dlsu/goks/cam,0.000000,69987.46748399734,0,,0,0,,0.04,0.47,24.80,[]
/dlsu/goks/cam,/dlsu/goks/cam,0.000000,69987.49925398827,0,,0,0,,0.05,0.68,24.77,[]
/dlsu/goks/cam,/dlsu/goks/cam,0.000000,69987.51546692848,0,,0,0,,0.06,0.51,25.09,[]
/dlsu/goks/cam,/dlsu/goks/cam,0.000000,69987.5474600792,0,,0,0,,0.02,0.48,25.08,[]
/dlsu/goks/cam,/dlsu/goks/cam,0.000000,69987.56311297417,0,,0,0,,0.02,0.27,25.08,[]
/dlsu/goks/cam,/dlsu/goks/cam,0.000000,69987.59658002853,0,,0,0,,0.03,0.54,24.98,[]
/dlsu/goks/cam,/dlsu/goks/cam,0.000000,69987.62737798691,0,,0,0,,0.02,0.57,25.07,[]
/dlsu/goks/cam,/dlsu/goks/cam,0.000000,69987.64439105988,0,,0,0,,0.03,0.47,20.85,[]
/dlsu/goks/cam,/dlsu/goks/cam,0.000000,69987.67542099953,0,,0,0,,0.03,0.44,23.74,[]
/dlsu/goks/cam,/dlsu/goks/cam,0.000000,69987.69123911858,0,,0,0,,0.02,0.34,25.06,[]
/dlsu/goks/cam,/dlsu/goks/cam,0.000000,69987.72324800491,0,,0,0,,0.02,0.49,22.82,[]
/dlsu/goks/cam,/dlsu/goks/cam,0.000000,69987.7389318943,0,,0,0,,0.08,0.27,23.14,[]
/dlsu/goks/cam,/dlsu/goks/cam,0.000000,69987.75474309921,0,,0,0,,0.05,0.27,24.10,[]
/dlsu/goks/cam,/dlsu/goks/cam,0.000000,69987.78736495972,0,,0,0,,0.06,0.74,25.09,[]
/dlsu/goks/cam,/dlsu/goks/cam,0.000000,69987.81856894493,0,,0,0,,0.02,0.14,24.03,[]
/dlsu/goks/cam,/dlsu/goks/cam,0.000000,69987.83483600616,0,,0,0,,0.02,0.49,24.47,[]
/dlsu/goks/cam,/dlsu/goks/cam,0.000000,0,0,,0,0,,0.00,0.00,24.16,[]
/dlsu/goks/cam,/dlsu/goks/cam,0.000000,0,0,,0,0,,0.00,0.00,24.83,[]
/dlsu/goks/cam,/dlsu/goks/cam,0.000000,0,0,,0,0,,0.00,0.00,25.10,[]
/dlsu/goks/cam,/dlsu/goks/cam,0.000000,0,0,,0,0,,0.00,0.00,25.09,[]
/dlsu/goks/cam,/dlsu/goks/cam,0.000000,0,0,,0,0,,0.00,0.00,24.31,[]
/dlsu/goks/cam,/dlsu/goks/cam,0.000000,0,0,,0,0,,0.00,0.00,25.11,[]
/dlsu/goks/cam,/dlsu/goks/cam,0.000000,0,0,,0,0,,0.00,0.00,25.14,[]
/dlsu/goks/cam,/dlsu/goks/cam,0.000000,69992.5743830204,0,,0,0,,0.13,1.49,22.07,[]
/dlsu/goks/cam,/dlsu/goks/cam,0.000000,0,0,,0,0,,0.00,0.00,22.61,[]
/dlsu/goks/cam,/dlsu/goks/cam,0.000000,69992.62223505974,0,,0,0,,0.05,0.90,21.73,[]
/dlsu/goks/cam,/dlsu/goks/cam,0.000000,69992.63830208778,0,,0,0,,0.04,0.50,24.15,[]
/dlsu/goks/cam,/dlsu/goks/cam,0.000000,69992.67001008987,0,,0,0,,0.03,0.36,23.65,[]
/dlsu/goks/cam,/dlsu/goks/cam,0.000000,69992.68615293503,0,,0,0,,0.05,0.45,25.14,[]
/dlsu/goks/cam,/dlsu/goks/cam,0.000000,69992.71786808968,0,,0,0,,0.03,0.39,24.50,[]
/dlsu/goks/cam,/dlsu/goks/cam,0.000000,0,0,,0,0,,0.00,0.00,25.09,[]
/dlsu/goks/cam,/dlsu/goks/cam,0.000000,69997.55501508713,0,,0,0,,0.06,0.57,21.52,[]
/dlsu/goks/cam,/dlsu/goks/cam,0.000000,69997.58690404892,0,,0,0,,0.03,0.57,23.03,[]
/dlsu/goks/cam,/dlsu/goks/cam,0.000000,69997.63427400589,0,,0,0,,0.09,0.94,24.49,[]
/dlsu/goks/cam,/dlsu/goks/cam,0.000000,0,0,,0,0,,0.00,0.00,25.09,[]
/dlsu/goks/cam,/dlsu/goks/cam,0.000000,70002.56368303299,0,,0,0,,0.05,0.74,25.12,[]
/dlsu/goks/cam,/dlsu/goks/cam,0.000000,70324.88477897644,0,,0,70324.90265107155,,0.51,28.49,11529.73,[]
/dlsu/goks/cam,/dlsu/goks/cam,0.000000,70340.71667003632,0,,0,0,,0.14,1.73,25.15,[]
/dlsu/goks/cam,/dlsu/goks/cam,0.000000,70340.73266792297,0,,0,0,,0.03,0.77,25.13,[]
/dlsu/goks/cam,/dlsu/goks/cam,0.000000,70340.76431488991,0,,0,0,,0.04,0.71,25.09,[]
/dlsu/goks/cam,/dlsu/goks/cam,0.000000,70340.79653596878,0,,0,0,,0.03,0.47,24.10,[]
/dlsu/goks/cam,/dlsu/goks/cam,0.000000,70340.81237888336,0,,0,0,,0.05,0.67,23.55,[]
/dlsu/goks/cam,/dlsu/goks/cam,0.000000,70340.8283700943,0,,0,0,,0.03,0.26,25.11,[]
/dlsu/goks/cam,/dlsu/goks/cam,0.000000,70340.85983896255,0,,0,0,,0.05,0.15,23.62,[]
/dlsu/goks/cam,/dlsu/goks/cam,0.000000,0,0,,0,0,,0.00,0.00,25.06,[]
/dlsu/goks/cam,/dlsu/goks/cam,0.000000,70340.92411088943,0,,0,0,,0.10,0.98,22.04,[]
/dlsu/goks/cam,/dlsu/goks/cam,0.000000,70340.94020199776,0,,0,0,,0.04,0.45,22.15,[]
/dlsu/goks/cam,/dlsu/goks/cam,0.000000,0,0,,0,0,,0.00,0.00,21.01,[]
/dlsu/goks/cam,/dlsu/goks/cam,0.000000,70340.98780798912,0,,0,0,,0.05,0.74,23.98,[]
/dlsu/goks/cam,/dlsu/goks/cam,0.000000,70341.0036509037,0,,0,0,,0.04,0.38,25.06,[]
/dlsu/goks/cam,/dlsu/goks/cam,0.000000,70341.02047204971,0,,0,0,,0.04,0.10,25.08,[]
/dlsu/goks/cam,/dlsu/goks/cam,0.000000,70341.06765007973,0,,0,0,,0.06,0.72,25.32,[]
/dlsu/goks/cam,/dlsu/goks/cam,0.000000,70341.08346891403,0,,0,0,,0.02,0.69,24.50,[]
/dlsu/goks/cam,/dlsu/goks/cam,0.000000,70341.09958791733,0,,0,0,,0.02,0.43,25.10,[]
/dlsu/goks/cam,/dlsu/goks/cam,0.000000,70341.13135099411,0,,0,0,,0.02,0.41,25.08,[]
/dlsu/goks/cam,/dlsu/goks/cam,0.000000,70341.16331505775,0,,0,0,,0.03,0.69,25.11,[]
/dlsu/goks/cam,/dlsu/goks/cam,0.000000,0,0,,0,0,,0.00,0.00,22.53,[]
/dlsu/goks/cam,/dlsu/goks/cam,0.000000,70341.19539809227,0,,0,0,,0.03,0.22,25.16,[]
/dlsu/goks/cam,/dlsu/goks/cam,0.000000,70341.24294495583,0,,0,0,,0.08,0.42,25.40,[]
/dlsu/goks/cam,/dlsu/goks/cam,0.000000,0,0,,0,0,,0.00,0.00,25.10,[]
/dlsu/goks/cam,/dlsu/goks/cam,0.000000,70341.2749838829,0,,0,0,,0.07,0.75,23.26,[]
/dlsu/goks/cam,/dlsu/goks/cam,0.000000,0,0,,0,0,,0.00,0.00,25.33,[]
/dlsu/goks/cam,/dlsu/goks/cam,0.000000,0,0,,0,0,,0.00,0.00,23.98,[]
mfn(14) close distance /dlsu/goks/cam,/dlsu/goks/cam,0.000000,70443.79434895515,0,,0,70443.82414102554,,4.15,34.59,11200.03,[]
/dlsu/goks/cam,/dlsu/goks/cam,0.000000,70460.49467802048,0,,0,0,,0.25,1.25,25.14,[]
/dlsu/goks/cam,/dlsu/goks/cam,0.000000,70460.54922509193,0,,0,0,,0.14,1.35,25.15,[]
/dlsu/goks/cam,/dlsu/goks/cam,0.000000,0,0,,0,0,,0.00,0.00,25.11,[]
/dlsu/goks/cam,/dlsu/goks/cam,0.000000,70460.60286903381,0,,0,0,,0.03,0.54,23.11,[]
/dlsu/goks/cam,/dlsu/goks/cam,0.000000,70460.66743898392,0,,0,0,,0.06,0.87,25.10,[]
/dlsu/goks/cam,/dlsu/goks/cam,0.000000,0,0,,0,0,,0.01,0.00,25.09,[]
/dlsu/goks/cam,/dlsu/goks/cam,0.000000,70460.7167520523,0,,0,0,,0.02,0.57,25.11,[]
/dlsu/goks/cam,/dlsu/goks/cam,0.000000,70460.78244709969,0,,0,0,,0.05,0.63,21.31,[]
/dlsu/goks/cam,/dlsu/goks/cam,0.000000,70460.81359601021,0,,0,0,,0.04,0.92,25.11,[]
/dlsu/goks/cam,/dlsu/goks/cam,0.000000,70460.90336298943,0,,0,0,,0.08,1.45,21.24,[]
/dlsu/goks/cam,/dlsu/goks/cam,0.000000,0,0,,0,0,,0.01,0.00,25.12,[]
/dlsu/goks/cam,/dlsu/goks/cam,0.000000,70460.94667696953,0,,0,0,,0.07,0.56,22.41,[]
/dlsu/goks/cam,/dlsu/goks/cam,0.000000,70461.01029610634,0,,0,0,,0.04,0.56,25.37,[]
/dlsu/goks/cam,/dlsu/goks/cam,0.000000,70461.0523750782,0,,0,0,,0.04,1.02,21.19,[]
/dlsu/goks/cam,/dlsu/goks/cam,0.000000,0,0,,0,0,,0.01,0.00,25.06,[]
/dlsu/goks/cam,/dlsu/goks/cam,0.000000,70461.11792302132,0,,0,0,,0.06,0.64,24.74,[]
/dlsu/goks/cam,/dlsu/goks/cam,0.000000,70461.14751291275,0,,0,0,,0.03,0.65,25.09,[]
/dlsu/goks/cam,/dlsu/goks/cam,0.000000,70461.1791369915,0,,0,0,,0.04,0.73,25.15,[]
/dlsu/goks/cam,/dlsu/goks/cam,0.000000,70461.21932196617,0,,0,0,,0.03,0.20,22.66,[]
/dlsu/goks/cam,/dlsu/goks/cam,0.000000,70461.3008260727,0,,0,0,,0.05,1.01,23.55,[]
/dlsu/goks/cam,/dlsu/goks/cam,0.000000,70461.33176088333,0,,0,0,,0.03,0.00,22.84,[]
/dlsu/goks/cam,/dlsu/goks/cam,0.000000,0,0,,0,0,,0.01,0.00,25.05,[]
/dlsu/goks/cam,/dlsu/goks/cam,0.000000,70461.38713407516,0,,0,0,,0.10,3.91,27.98,[]
/dlsu/goks/cam,/dlsu/goks/cam,0.000000,70461.48043394089,0,,0,0,,0.57,0.93,42.38,[]
/dlsu/goks/cam,/dlsu/goks/cam,0.000000,0,0,,0,0,,0.02,0.00,22.01,[]
/dlsu/goks/cam,/dlsu/goks/cam,0.000000,70461.5704460144,0,,0,0,,1.79,17.99,43.95,[]
/dlsu/goks/cam,/dlsu/goks/cam,0.000000,0,0,,0,0,,0.01,0.00,25.32,[]
/dlsu/goks/cam,/dlsu/goks/cam,0.000000,0,0,,0,0,,0.00,0.00,20.35,[]
/dlsu/goks/cam,/dlsu/goks/cam,0.000000,70461.66137909889,0,,0,0,,0.12,1.34,20.76,[]
/dlsu/goks/cam,/dlsu/goks/cam,0.000000,0,0,,0,0,,0.00,0.00,24.66,[]
/dlsu/goks/cam,/dlsu/goks/cam,0.000000,70461.71490693092,0,,0,0,,0.08,0.53,25.36,[]
/dlsu/goks/cam,/dlsu/goks/cam,0.000000,70461.77423810959,0,,0,0,,0.05,0.96,24.24,[]
/dlsu/goks/cam,/dlsu/goks/cam,0.000000,0,0,,0,0,,0.01,0.00,25.16,[]
/dlsu/goks/cam,/dlsu/goks/cam,0.000000,70461.84440398216,0,,0,0,,0.12,0.69,22.92,[]
/dlsu/goks/cam,/dlsu/goks/cam,0.000000,0,0,,0,0,,0.01,0.00,24.35,[]
/dlsu/goks/cam,/dlsu/goks/cam,0.000000,70461.92224907875,0,,0,0,,0.12,1.47,22.87,[]
/dlsu/goks/cam,/dlsu/goks/cam,0.000000,0,0,,0,0,,0.01,0.00,25.10,[]
/dlsu/goks/cam,/dlsu/goks/cam,0.000000,70461.97012901306,0,,0,0,,0.05,0.92,25.14,[]
/dlsu/goks/cam,/dlsu/goks/cam,0.000000,70462.03445100784,0,,0,0,,0.04,0.68,24.80,[]
/dlsu/goks/cam,/dlsu/goks/cam,0.000000,70462.08252096176,0,,0,0,,0.07,0.90,22.68,[]
/dlsu/goks/cam,/dlsu/goks/cam,0.000000,70462.14063310623,0,,0,0,,0.05,0.72,25.11,[]
/dlsu/goks/cam,/dlsu/goks/cam,0.000000,70462.17251801491,0,,0,0,,0.06,0.71,23.34,[]
/dlsu/goks/cam,/dlsu/goks/cam,0.000000,0,0,,0,0,,0.01,0.00,24.91,[]
/dlsu/goks/cam,/dlsu/goks/cam,0.000000,70467.5322868824,0,,0,0,,0.16,0.84,21.61,[]
/dlsu/goks/cam,/dlsu/goks/cam,0.000000,70467.56401491165,0,,0,0,,0.06,0.67,21.28,[]
/dlsu/goks/cam,/dlsu/goks/cam,0.000000,70467.64735889435,0,,0,0,,0.06,1.10,25.10,[]
/dlsu/goks/cam,/dlsu/goks/cam,0.000000,70467.70537996292,0,,0,0,,0.05,1.12,25.19,[]
/dlsu/goks/cam,/dlsu/goks/cam,0.000000,0,0,,0,0,,0.00,0.00,25.11,[]
/dlsu/goks/cam,/dlsu/goks/cam,0.000000,70467.77306604385,0,,0,0,,0.04,0.85,25.41,[]
14 (close)

/dlsu/goks/cam,/dlsu/goks/cam,0.000000,70869.91710805893,0,,0,70870.02555990219,,39.15,123.80,114334.29,[]
/dlsu/goks/cam,/dlsu/goks/cam,0.000000,70989.28887796402,0,,0,0,,0.23,2.39,24.54,[]
/dlsu/goks/cam,/dlsu/goks/cam,0.000000,70989.33402299881,0,,0,0,,0.04,1.01,20.41,[]
/dlsu/goks/cam,/dlsu/goks/cam,0.000000,70989.37561106682,0,,0,0,,0.07,1.09,25.20,[]
/dlsu/goks/cam,/dlsu/goks/cam,0.000000,0,0,,0,0,,0.01,0.00,25.10,[]
/dlsu/goks/cam,/dlsu/goks/cam,0.000000,70989.42691493034,0,,0,0,,0.03,1.20,25.27,[]
/dlsu/goks/cam,/dlsu/goks/cam,0.000000,70989.48391008377,0,,0,0,,0.04,0.99,20.77,[]
/dlsu/goks/cam,/dlsu/goks/cam,0.000000,0,0,,0,0,,0.00,0.00,25.08,[]
/dlsu/goks/cam,/dlsu/goks/cam,0.000000,70989.56816101074,0,,0,0,,0.05,0.85,21.23,[]
/dlsu/goks/cam,/dlsu/goks/cam,0.000000,70989.66669297218,0,,0,0,,0.07,1.91,24.93,[]
/dlsu/goks/cam,/dlsu/goks/cam,0.000000,0,0,,0,0,,0.01,0.00,25.09,[]
/dlsu/goks/cam,/dlsu/goks/cam,0.000000,70989.71079492569,0,,0,0,,0.03,0.73,22.75,[]
/dlsu/goks/cam,/dlsu/goks/cam,0.000000,70989.74910211563,0,,0,0,,0.04,1.50,22.11,[]
/dlsu/goks/cam,/dlsu/goks/cam,0.000000,0,0,,0,0,,0.00,0.00,25.13,[]
/dlsu/goks/cam,/dlsu/goks/cam,0.000000,70989.83916592598,0,,0,0,,0.04,0.82,21.56,[]
/dlsu/goks/cam,/dlsu/goks/cam,0.000000,70989.86905288696,0,,0,0,,0.03,0.80,24.69,[]
/dlsu/goks/cam,/dlsu/goks/cam,0.000000,70989.92118906975,0,,0,0,,0.04,0.97,20.97,[]
/dlsu/goks/cam,/dlsu/goks/cam,0.000000,70989.95232701302,0,,0,0,,0.02,0.71,23.92,[]
/dlsu/goks/cam,/dlsu/goks/cam,0.000000,70990.03254508972,0,,0,0,,0.06,1.57,25.15,[]
/dlsu/goks/cam,/dlsu/goks/cam,0.000000,0,0,,0,0,,0.00,0.00,25.10,[]
/dlsu/goks/cam,/dlsu/goks/cam,0.000000,70990.10664391518,0,,0,0,,0.05,1.53,24.54,[]
/dlsu/goks/cam,/dlsu/goks/cam,0.000000,0,0,,0,0,,0.01,0.00,24.07,[]
/dlsu/goks/cam,/dlsu/goks/cam,0.000000,70990.16148710251,0,,0,0,,0.04,0.98,25.14,[]
/dlsu/goks/cam,/dlsu/goks/cam,0.000000,70990.1998269558,0,,0,0,,0.03,0.80,20.76,[]
/dlsu/goks/cam,/dlsu/goks/cam,0.000000,70990.27474308014,0,,0,0,,0.06,1.22,20.80,[]
/dlsu/goks/cam,/dlsu/goks/cam,0.000000,0,0,,0,0,,0.01,0.00,22.01,[]
/dlsu/goks/cam,/dlsu/goks/cam,0.000000,70990.33643698692,0,,0,0,,0.05,0.83,21.43,[]
/dlsu/goks/cam,/dlsu/goks/cam,0.000000,0,0,,0,0,,0.01,0.00,24.11,[]
/dlsu/goks/cam,/dlsu/goks/cam,0.000000,70990.4379119873,0,,0,0,,1.63,18.15,44.48,[]
/dlsu/goks/cam,/dlsu/goks/cam,0.000000,70990.4735031128,0,,0,0,,0.95,5.10,26.71,[]
/dlsu/goks/cam,/dlsu/goks/cam,0.000000,70990.49598789215,0,,0,0,,0.77,7.47,31.57,[]
/dlsu/goks/cam,/dlsu/goks/cam,0.000000,0,0,,0,0,,0.01,0.00,25.19,[]
/dlsu/goks/cam,/dlsu/goks/cam,0.000000,70990.58377099037,0,,0,0,,0.05,0.77,25.73,[]
/dlsu/goks/cam,/dlsu/goks/cam,0.000000,70990.63330698013,0,,0,0,,0.02,0.75,25.16,[]
/dlsu/goks/cam,/dlsu/goks/cam,0.000000,70990.67011499405,0,,0,0,,0.03,0.69,23.90,[]
/dlsu/goks/cam,/dlsu/goks/cam,0.000000,70990.73095011711,0,,0,0,,0.06,1.76,23.05,[]
/dlsu/goks/cam,/dlsu/goks/cam,0.000000,0,0,,0,0,,0.00,0.00,21.53,[]
/dlsu/goks/cam,/dlsu/goks/cam,0.000000,70990.79019188881,0,,0,0,,0.04,0.75,20.52,[]
/dlsu/goks/cam,/dlsu/goks/cam,0.000000,70990.86903905869,0,,0,0,,0.11,1.51,21.09,[]
/dlsu/goks/cam,/dlsu/goks/cam,0.000000,0,0,,0,0,,0.01,0.00,22.22,[]
/dlsu/goks/cam,/dlsu/goks/cam,0.000000,70990.94147896767,0,,0,0,,0.05,0.82,25.10,[]
/dlsu/goks/cam,/dlsu/goks/cam,0.000000,70991.00753808022,0,,0,0,,0.06,1.88,22.00,[]
/dlsu/goks/cam,/dlsu/goks/cam,0.000000,0,0,,0,0,,0.01,0.00,22.72,[]
/dlsu/goks/cam,/dlsu/goks/cam,0.000000,70991.04426693916,0,,0,0,,0.04,1.17,23.83,[]
/dlsu/goks/cam,/dlsu/goks/cam,0.000000,70991.09284806252,0,,0,0,,0.04,1.24,20.99,[]
/dlsu/goks/cam,/dlsu/goks/cam,0.000000,70991.23364496231,0,,0,0,,0.07,0.73,25.15,[]
/dlsu/goks/cam,/dlsu/goks/cam,0.000000,70991.28078007698,0,,0,0,,0.04,1.04,25.12,[]
/dlsu/goks/cam,/dlsu/goks/cam,0.000000,70991.32137393951,0,,0,0,,0.04,0.79,22.61,[]
/dlsu/goks/cam,/dlsu/goks/cam,0.000000,70991.36406302452,0,,0,0,,0.04,1.19,25.20,[]
/dlsu/goks/cam,/dlsu/goks/cam,0.000000,70991.39180207253,0,,0,0,,0.04,0.42,24.75,[]
/dlsu/goks/cam,/dlsu/goks/cam,0.000000,0,0,,0,0,,0.00,0.00,21.14,[]
/dlsu/goks/cam,/dlsu/goks/cam,0.000000,70991.45529103279,0,,0,0,,0.04,1.67,20.62,[]
/dlsu/goks/cam,/dlsu/goks/cam,0.000000,0,0,,0,0,,0.00,0.00,21.54,[]
/dlsu/goks/cam,/dlsu/goks/cam,0.000000,70991.49764490128,0,,0,0,,0.04,0.68,21.16,[]
/dlsu/goks/cam,/dlsu/goks/cam,0.000000,70991.55607509613,0,,0,0,,0.04,0.76,21.32,[]
/dlsu/goks/cam,/dlsu/goks/cam,0.000000,70991.58772993088,0,,0,0,,0.03,0.79,22.91,[]
/dlsu/goks/cam,/dlsu/goks/cam,0.000000,70991.63078904152,0,,0,0,,0.03,1.04,21.09,[]
/dlsu/goks/cam,/dlsu/goks/cam,0.000000,70991.69158291817,0,,0,0,,0.06,1.18,25.12,[]
/dlsu/goks/cam,/dlsu/goks/cam,0.000000,70991.7401649952,0,,0,0,,0.04,0.74,20.53,[]
/dlsu/goks/cam,/dlsu/goks/cam,0.000000,70991.78364610672,0,,0,0,,0.03,1.03,25.29,[]
/dlsu/goks/cam,/dlsu/goks/cam,0.000000,70991.84087204933,0,,0,0,,0.05,0.84,24.48,[]
/dlsu/goks/cam,/dlsu/goks/cam,0.000000,70991.90314602852,0,,0,0,,0.05,1.18,22.69,[]
/dlsu/goks/cam,/dlsu/goks/cam,0.000000,70991.91922593117,0,,0,0,,0.03,0.66,24.58,[]
/dlsu/goks/cam,/dlsu/goks/cam,0.000000,0,0,,0,0,,0.01,0.00,25.11,[]
/dlsu/goks/cam,/dlsu/goks/cam,0.000000,70991.99410510063,0,,0,0,,0.06,1.51,25.18,[]
/dlsu/goks/cam,/dlsu/goks/cam,0.000000,0,0,,0,0,,0.01,0.00,25.12,[]
/dlsu/goks/cam,/dlsu/goks/cam,0.000000,70992.06633996964,0,,0,0,,0.06,1.86,24.46,[]
/dlsu/goks/cam,/dlsu/goks/cam,0.000000,0,0,,0,0,,0.00,0.00,24.24,[]
/dlsu/goks/cam,/dlsu/goks/cam,0.000000,70992.11667990685,0,,0,0,,0.05,0.43,21.76,[]
/dlsu/goks/cam,/dlsu/goks/cam,0.000000,70992.16562509537,0,,0,0,,0.03,0.76,24.42,[]
/dlsu/goks/cam,/dlsu/goks/cam,0.000000,70992.24374699593,0,,0,0,,0.08,2.04,20.49,[]
/dlsu/goks/cam,/dlsu/goks/cam,0.000000,0,0,,0,0,,0.01,0.00,25.07,[]
/dlsu/goks/cam,/dlsu/goks/cam,0.000000,70992.2865729332,0,,0,0,,0.04,0.97,25.19,[]
/dlsu/goks/cam,/dlsu/goks/cam,0.000000,70992.33933997154,0,,0,0,,0.03,0.80,24.13,[]
/dlsu/goks/cam,/dlsu/goks/cam,0.000000,70992.3952729702,0,,0,0,,0.04,0.90,24.40,[]
/dlsu/goks/cam,/dlsu/goks/cam,0.000000,70992.42784190178,0,,0,0,,0.03,0.79,23.72,[]
/dlsu/goks/cam,/dlsu/goks/cam,0.000000,70992.45962405205,0,,0,0,,0.06,0.98,24.87,[]
/dlsu/goks/cam,/dlsu/goks/cam,0.000000,70992.50147390366,0,,0,0,,0.03,0.73,23.38,[]
/dlsu/goks/cam,/dlsu/goks/cam,0.000000,70992.60678005219,0,,0,0,,0.06,1.41,23.42,[]
/dlsu/goks/cam,/dlsu/goks/cam,0.000000,70992.6224269867,0,,0,0,,0.08,0.38,21.94,[]
/dlsu/goks/cam,/dlsu/goks/cam,0.000000,0,0,,0,0,,0.01,0.00,23.82,[]
/dlsu/goks/cam,/dlsu/goks/cam,0.000000,70992.68827009201,0,,0,0,,0.05,0.91,22.38,[]
/dlsu/goks/cam,/dlsu/goks/cam,0.000000,70992.76452088356,0,,0,0,,0.07,1.15,21.25,[]
/dlsu/goks/cam,/dlsu/goks/cam,0.000000,0,0,,0,0,,0.01,0.00,23.38,[]
/dlsu/goks/cam,/dlsu/goks/cam,0.000000,70992.84851503372,0,,0,0,,0.05,1.66,21.51,[]
/dlsu/goks/cam,/dlsu/goks/cam,0.000000,0,0,,0,0,,0.01,0.00,22.10,[]
/dlsu/goks/cam,/dlsu/goks/cam,0.000000,70992.90728402138,0,,0,0,,0.04,0.94,25.35,[]
/dlsu/goks/cam,/dlsu/goks/cam,0.000000,70992.95802998543,0,,0,0,,0.05,1.02,21.80,[]
/dlsu/goks/cam,/dlsu/goks/cam,0.000000,70993.01373100281,0,,0,0,,0.06,1.85,20.95,[]
/dlsu/goks/cam,/dlsu/goks/cam,0.000000,0,0,,0,0,,0.01,0.00,22.72,[]
/dlsu/goks/cam,/dlsu/goks/cam,0.000000,70993.08272504807,0,,0,0,,0.05,0.85,25.18,[]
/dlsu/goks/cam,/dlsu/goks/cam,0.000000,70993.11362600327,0,,0,0,,0.03,0.88,21.23,[]
/dlsu/goks/cam,/dlsu/goks/cam,0.000000,70993.16907691956,0,,0,0,,0.05,1.18,25.45,[]
/dlsu/goks/cam,/dlsu/goks/cam,0.000000,0,0,,0,0,,0.01,0.00,20.42,[]
/dlsu/goks/cam,/dlsu/goks/cam,0.000000,70993.22789311409,0,,0,0,,0.04,1.01,25.19,[]
/dlsu/goks/cam,/dlsu/goks/cam,0.000000,70993.26270198822,0,,0,0,,0.03,0.80,20.76,[]
/dlsu/goks/cam,/dlsu/goks/cam,0.000000,70993.34683203697,0,,0,0,,0.06,1.87,25.80,[]
/dlsu/goks/cam,/dlsu/goks/cam,0.000000,0,0,,0,0,,0.01,0.00,25.09,[]
/dlsu/goks/cam,/dlsu/goks/cam,0.000000,70993.39322090149,0,,0,0,,0.03,0.84,21.41,[]
/dlsu/goks/cam,/dlsu/goks/cam,0.000000,70993.43741607666,0,,0,0,,0.04,0.81,25.18,[]
/dlsu/goks/cam,/dlsu/goks/cam,0.000000,70993.48494696617,0,,0,0,,0.04,0.91,24.61,[]
/dlsu/goks/cam,/dlsu/goks/cam,0.000000,70993.53915905952,0,,0,0,,0.05,1.26,22.68,[]
/dlsu/goks/cam,/dlsu/goks/cam,0.000000,0,0,,0,0,,0.00,0.00,22.06,[]
/dlsu/goks/cam,/dlsu/goks/cam,0.000000,70993.62640595436,0,,0,0,,0.06,1.46,25.16,[]
/dlsu/goks/cam,/dlsu/goks/cam,0.000000,0,0,,0,0,,0.01,0.00,23.38,[]
/dlsu/goks/cam,/dlsu/goks/cam,0.000000,70993.71376800537,0,,0,0,,0.05,1.28,25.50,[]
/dlsu/goks/cam,/dlsu/goks/cam,0.000000,0,0,,0,0,,0.01,0.00,21.49,[]
/dlsu/goks/cam,/dlsu/goks/cam,0.000000,70993.76437497139,0,,0,0,,0.04,0.77,21.68,[]
/dlsu/goks/cam,/dlsu/goks/cam,0.000000,70993.8253788948,0,,0,0,,0.05,1.15,25.06,[]
/dlsu/goks/cam,/dlsu/goks/cam,0.000000,0,0,,0,0,,0.01,0.00,21.21,[]
/dlsu/goks/cam,/dlsu/goks/cam,0.000000,70993.90106391907,0,,0,0,,0.04,1.03,25.18,[]
/dlsu/goks/cam,/dlsu/goks/cam,0.000000,70993.96003103256,0,,0,0,,0.09,1.10,25.17,[]
/dlsu/goks/cam,/dlsu/goks/cam,0.000000,0,0,,0,0,,0.01,0.00,25.09,[]
/dlsu/goks/cam,/dlsu/goks/cam,0.000000,70994.03233504295,0,,0,0,,0.08,1.41,25.13,[]
/dlsu/goks/cam,/dlsu/goks/cam,0.000000,0,0,,0,0,,0.01,0.00,22.82,[]
/dlsu/goks/cam,/dlsu/goks/cam,0.000000,70994.10341405869,0,,0,0,,0.05,0.95,25.15,[]
/dlsu/goks/cam,/dlsu/goks/cam,0.000000,70994.15986204147,0,,0,0,,0.05,1.73,20.65,[]
/dlsu/goks/cam,/dlsu/goks/cam,0.000000,0,0,,0,0,,0.00,0.00,20.17,[]
/dlsu/goks/cam,/dlsu/goks/cam,0.000000,70994.18757390976,0,,0,0,,0.03,0.74,21.84,[]
/dlsu/goks/cam,/dlsu/goks/cam,0.000000,70994.24091410637,0,,0,0,,0.04,0.79,23.72,[]
/dlsu/goks/cam,/dlsu/goks/cam,0.000000,70994.28340005875,0,,0,0,,0.03,0.85,25.12,[]
/dlsu/goks/cam,/dlsu/goks/cam,0.000000,70994.30980992317,0,,0,0,,0.03,0.80,24.78,[]
/dlsu/goks/cam,/dlsu/goks/cam,0.000000,70994.37951493263,0,,0,0,,0.04,0.80,22.33,[]
/dlsu/goks/cam,/dlsu/goks/cam,0.000000,70994.45836210251,0,,0,0,,0.06,1.53,23.86,[]
/dlsu/goks/cam,/dlsu/goks/cam,0.000000,0,0,,0,0,,0.01,0.00,25.09,[]
/dlsu/goks/cam,/dlsu/goks/cam,0.000000,70994.50390410423,0,,0,0,,0.05,1.43,21.32,[]
/dlsu/goks/cam,/dlsu/goks/cam,0.000000,0,0,,0,0,,0.00,0.00,23.60,[]
/dlsu/goks/cam,/dlsu/goks/cam,0.000000,70994.55837488174,0,,0,0,,0.03,0.88,25.20,[]
/dlsu/goks/cam,/dlsu/goks/cam,0.000000,70994.60196805,0,,0,0,,0.04,0.84,21.42,[]
/dlsu/goks/cam,/dlsu/goks/cam,0.000000,70994.6595249176,0,,0,0,,0.04,0.67,21.56,[]
/dlsu/goks/cam,/dlsu/goks/cam,0.000000,70994.69124007225,0,,0,0,,0.03,1.09,25.42,[]
/dlsu/goks/cam,/dlsu/goks/cam,0.000000,70994.75070095062,0,,0,0,,0.08,1.39,20.59,[]
/dlsu/goks/cam,/dlsu/goks/cam,0.000000,0,0,,0,0,,0.02,0.00,24.59,[]
/dlsu/goks/cam,/dlsu/goks/cam,0.000000,70994.80181288719,0,,0,0,,0.03,0.45,24.68,[]
/dlsu/goks/cam,/dlsu/goks/cam,0.000000,70994.85449790955,0,,0,0,,0.04,0.97,22.17,[]
/dlsu/goks/cam,/dlsu/goks/cam,0.000000,70994.90090107918,0,,0,0,,0.04,0.84,22.43,[]
/dlsu/goks/cam,/dlsu/goks/cam,0.000000,70994.93153500557,0,,0,0,,0.04,0.82,25.14,[]
/dlsu/goks/cam,/dlsu/goks/cam,0.000000,70994.9670059681,0,,0,0,,0.05,1.18,25.16,[]
/dlsu/goks/cam,/dlsu/goks/cam,0.000000,70995.01580309868,0,,0,0,,0.04,1.00,25.38,[]
/dlsu/goks/cam,/dlsu/goks/cam,0.000000,70995.06303811073,0,,0,0,,0.03,0.60,21.00,[]
/dlsu/goks/cam,/dlsu/goks/cam,0.000000,70995.09193301201,0,,0,0,,0.13,0.74,23.81,[]
/dlsu/goks/cam,/dlsu/goks/cam,0.000000,70995.14513897896,0,,0,0,,0.05,1.16,25.14,[]
/dlsu/goks/cam,/dlsu/goks/cam,0.000000,0,0,,0,0,,0.01,0.00,24.36,[]
/dlsu/goks/cam,/dlsu/goks/cam,0.000000,70995.27210593224,0,,0,0,,0.06,0.84,21.82,[]
/dlsu/goks/cam,/dlsu/goks/cam,0.000000,70995.30705094337,0,,0,0,,0.04,0.88,25.19,[]
/dlsu/goks/cam,/dlsu/goks/cam,0.000000,70995.34481406212,0,,0,0,,0.02,0.77,25.09,[]
/dlsu/goks/cam,/dlsu/goks/cam,0.000000,70995.41375899315,0,,0,0,,0.05,2.02,21.29,[]
/dlsu/goks/cam,/dlsu/goks/cam,0.000000,0,0,,0,0,,0.00,0.00,23.82,[]
/dlsu/goks/cam,/dlsu/goks/cam,0.000000,70995.45966911316,0,,0,0,,0.04,0.82,25.15,[]
/dlsu/goks/cam,/dlsu/goks/cam,0.000000,70995.52374005318,0,,0,0,,0.05,1.73,20.42,[]
/dlsu/goks/cam,/dlsu/goks/cam,0.000000,0,0,,0,0,,0.01,0.00,23.04,[]
/dlsu/goks/cam,/dlsu/goks/cam,0.000000,70995.60010695457,0,,0,0,,0.05,1.15,24.92,[]
/dlsu/goks/cam,/dlsu/goks/cam,0.000000,70995.65784406662,0,,0,0,,0.05,1.55,25.14,[]
/dlsu/goks/cam,/dlsu/goks/cam,0.000000,0,0,,0,0,,0.01,0.00,22.65,[]
/dlsu/goks/cam,/dlsu/goks/cam,0.000000,70995.72242188454,0,,0,0,,0.04,1.02,24.98,[]
/dlsu/goks/cam,/dlsu/goks/cam,0.000000,70995.76031303406,0,,0,0,,0.02,0.83,24.87,[]
/dlsu/goks/cam,/dlsu/goks/cam,0.000000,70995.78727698326,0,,0,0,,0.03,0.73,21.20,[]
/dlsu/goks/cam,/dlsu/goks/cam,0.000000,70995.85196805,0,,0,0,,0.09,0.70,25.24,[]
/dlsu/goks/cam,/dlsu/goks/cam,0.000000,70995.8845539093,0,,0,0,,0.04,0.93,25.18,[]
/dlsu/goks/cam,/dlsu/goks/cam,0.000000,70995.94462895393,0,,0,0,,0.04,1.57,20.71,[]
/dlsu/goks/cam,/dlsu/goks/cam,0.000000,0,0,,0,0,,0.01,0.00,25.08,[]
/dlsu/goks/cam,/dlsu/goks/cam,0.000000,70996.02750611305,0,,0,0,,0.08,1.52,20.91,[]
/dlsu/goks/cam,/dlsu/goks/cam,0.000000,0,0,,0,0,,0.01,0.00,25.03,[]
/dlsu/goks/cam,/dlsu/goks/cam,0.000000,70996.09589910507,0,,0,0,,0.04,1.57,22.57,[]
/dlsu/goks/cam,/dlsu/goks/cam,0.000000,0,0,,0,0,,0.04,0.00,25.83,[]
/dlsu/goks/cam,/dlsu/goks/cam,0.000000,70996.17429089546,0,,0,0,,0.25,13.42,57.28,[]
/dlsu/goks/cam,/dlsu/goks/cam,0.000000,0,0,,0,0,,0.01,0.00,22.54,[]
/dlsu/goks/cam,/dlsu/goks/cam,0.000000,70996.30599689484,0,,0,0,,0.14,2.30,25.16,[]
/dlsu/goks/cam,/dlsu/goks/cam,0.000000,0,0,,0,0,,0.01,0.00,24.43,[]
/dlsu/goks/cam,/dlsu/goks/cam,0.000000,70996.36932396889,0,,0,0,,0.03,0.79,21.68,[]
/dlsu/goks/cam,/dlsu/goks/cam,0.000000,70996.40683293343,0,,0,0,,0.03,0.84,20.45,[]
/dlsu/goks/cam,/dlsu/goks/cam,0.000000,70996.43327689171,0,,0,0,,0.32,1.27,25.12,[]
/dlsu/goks/cam,/dlsu/goks/cam,0.000000,70996.49077510834,0,,0,0,,0.05,1.82,25.22,[]
/dlsu/goks/cam,/dlsu/goks/cam,0.000000,0,0,,0,0,,0.02,0.00,22.84,[]
/dlsu/goks/cam,/dlsu/goks/cam,0.000000,70996.53431510925,0,,0,0,,0.04,1.62,24.09,[]
/dlsu/goks/cam,/dlsu/goks/cam,0.000000,70996.58425211906,0,,0,0,,0.03,0.78,21.23,[]
/dlsu/goks/cam,/dlsu/goks/cam,0.000000,70996.6325070858,0,,0,0,,0.08,1.00,25.04,[]
/dlsu/goks/cam,/dlsu/goks/cam,0.000000,70996.66411495209,0,,0,0,,0.11,0.67,20.24,[]
/dlsu/goks/cam,/dlsu/goks/cam,0.000000,70996.72187900543,0,,0,0,,0.03,0.87,22.10,[]
/dlsu/goks/cam,/dlsu/goks/cam,0.000000,70996.77722907066,0,,0,0,,0.09,2.09,20.59,[]
/dlsu/goks/cam,/dlsu/goks/cam,0.000000,0,0,,0,0,,0.01,0.00,25.07,[]
/dlsu/goks/cam,/dlsu/goks/cam,0.000000,70996.85391998291,0,,0,0,,0.05,0.94,22.66,[]
/dlsu/goks/cam,/dlsu/goks/cam,0.000000,70996.89240503311,0,,0,0,,0.03,0.90,22.97,[]
/dlsu/goks/cam,/dlsu/goks/cam,0.000000,70996.91883802414,0,,0,0,,0.04,0.81,25.12,[]
/dlsu/goks/cam,/dlsu/goks/cam,0.000000,70996.96702194214,0,,0,0,,0.04,0.90,21.09,[]
/dlsu/goks/cam,/dlsu/goks/cam,0.000000,70996.99486494064,0,,0,0,,0.06,0.86,25.16,[]
/dlsu/goks/cam,/dlsu/goks/cam,0.000000,70997.05011701584,0,,0,0,,0.04,1.00,21.00,[]
/dlsu/goks/cam,/dlsu/goks/cam,0.000000,70997.10615110397,0,,0,0,,0.09,1.14,25.11,[]
/dlsu/goks/cam,/dlsu/goks/cam,0.000000,70997.1379210949,0,,0,0,,0.06,0.81,25.16,[]
/dlsu/goks/cam,/dlsu/goks/cam,0.000000,70997.2243309021,0,,0,0,,0.05,1.06,25.19,[]
/dlsu/goks/cam,/dlsu/goks/cam,0.000000,70997.27733707428,0,,0,0,,0.03,1.06,25.18,[]
/dlsu/goks/cam,/dlsu/goks/cam,0.000000,70997.30673909187,0,,0,0,,0.03,0.86,20.33,[]
/dlsu/goks/cam,/dlsu/goks/cam,0.000000,70997.36718297005,0,,0,0,,0.06,1.33,24.25,[]
/dlsu/goks/cam,/dlsu/goks/cam,0.000000,0,0,,0,0,,0.01,0.00,22.75,[]
/dlsu/goks/cam,/dlsu/goks/cam,0.000000,70997.45428705215,0,,0,0,,0.07,1.26,21.63,[]
/dlsu/goks/cam,/dlsu/goks/cam,0.000000,0,0,,0,0,,0.01,0.00,25.14,[]
/dlsu/goks/cam,/dlsu/goks/cam,0.000000,70997.50237488747,0,,0,0,,0.03,0.71,25.18,[]
/dlsu/goks/cam,/dlsu/goks/cam,0.000000,70997.53589010239,0,,0,0,,0.02,0.72,24.76,[]
/dlsu/goks/cam,/dlsu/goks/cam,0.000000,70997.60377192497,0,,0,0,,0.06,1.47,20.61,[]
/dlsu/goks/cam,/dlsu/goks/cam,0.000000,0,0,,0,0,,0.00,0.00,24.92,[]
/dlsu/goks/cam,/dlsu/goks/cam,0.000000,70997.65475702286,0,,0,0,,0.04,0.76,23.82,[]
/dlsu/goks/cam,/dlsu/goks/cam,0.000000,70997.70055699348,0,,0,0,,0.05,0.41,25.08,[]
/dlsu/goks/cam,/dlsu/goks/cam,0.000000,70997.76172399521,0,,0,0,,0.05,1.45,25.15,[]
/dlsu/goks/cam,/dlsu/goks/cam,0.000000,70997.77452492714,0,,0,0,,0.02,0.74,22.27,[]
/dlsu/goks/cam,/dlsu/goks/cam,0.000000,0,0,,0,0,,0.00,0.00,21.98,[]
/dlsu/goks/cam,/dlsu/goks/cam,0.000000,70997.85731506348,0,,0,0,,0.06,1.21,20.55,[]
/dlsu/goks/cam,/dlsu/goks/cam,0.000000,0,0,,0,0,,0.01,0.00,24.16,[]
/dlsu/goks/cam,/dlsu/goks/cam,0.000000,70997.92177200317,0,,0,0,,0.04,1.18,20.60,[]
/dlsu/goks/cam,/dlsu/goks/cam,0.000000,70997.95352292061,0,,0,0,,0.03,0.76,24.24,[]
/dlsu/goks/cam,/dlsu/goks/cam,0.000000,70997.99512696266,0,,0,0,,0.03,1.06,25.19,[]
/dlsu/goks/cam,/dlsu/goks/cam,0.000000,70998.03733801842,0,,0,0,,0.04,1.08,25.14,[]
/dlsu/goks/cam,/dlsu/goks/cam,0.000000,70998.07357692719,0,,0,0,,0.06,1.22,23.94,[]
/dlsu/goks/cam,/dlsu/goks/cam,0.000000,70998.12258195877,0,,0,0,,0.04,1.01,25.11,[]
/dlsu/goks/cam,/dlsu/goks/cam,0.000000,70998.18018293381,0,,0,0,,0.06,0.69,21.05,[]
/dlsu/goks/cam,/dlsu/goks/cam,0.000000,0,0,,0,0,,0.01,0.00,21.20,[]
/dlsu/goks/cam,/dlsu/goks/cam,0.000000,70998.27071809769,0,,0,0,,0.06,0.99,22.07,[]
/dlsu/goks/cam,/dlsu/goks/cam,0.000000,70998.28680896759,0,,0,0,,0.02,0.41,24.22,[]
/dlsu/goks/cam,/dlsu/goks/cam,0.000000,0,0,,0,0,,0.03,0.00,25.11,[]
/dlsu/goks/cam,/dlsu/goks/cam,0.000000,70998.35057592392,0,,0,0,,0.04,1.11,24.97,[]
/dlsu/goks/cam,/dlsu/goks/cam,0.000000,70998.37716603279,0,,0,0,,0.03,0.75,25.09,[]
/dlsu/goks/cam,/dlsu/goks/cam,0.000000,70998.4141600132,0,,0,0,,0.04,0.93,21.33,[]
/dlsu/goks/cam,/dlsu/goks/cam,0.000000,70998.44866609573,0,,0,0,,0.03,0.74,21.55,[]
/dlsu/goks/cam,/dlsu/goks/cam,0.000000,70998.49077010155,0,,0,0,,0.03,0.81,21.09,[]
/dlsu/goks/cam,/dlsu/goks/cam,0.000000,70998.53466510773,0,,0,0,,0.03,0.71,24.91,[]
/dlsu/goks/cam,/dlsu/goks/cam,0.000000,70998.56607103348,0,,0,0,,0.06,0.88,22.02,[]
/dlsu/goks/cam,/dlsu/goks/cam,0.000000,70998.61170196533,0,,0,0,,0.03,0.95,20.47,[]
/dlsu/goks/cam,/dlsu/goks/cam,0.000000,70998.6500980854,0,,0,0,,0.03,0.83,21.02,[]
/dlsu/goks/cam,/dlsu/goks/cam,0.000000,70998.68054008484,0,,0,0,,0.04,1.44,25.14,[]
/dlsu/goks/cam,/dlsu/goks/cam,0.000000,70998.71839404106,0,,0,0,,0.03,0.74,24.53,[]
/dlsu/goks/cam,/dlsu/goks/cam,0.000000,70998.78584003448,0,,0,0,,0.04,0.88,21.18,[]
/dlsu/goks/cam,/dlsu/goks/cam,0.000000,70998.85648488998,0,,0,0,,0.05,1.14,24.50,[]
/dlsu/goks/cam,/dlsu/goks/cam,0.000000,0,0,,0,0,,0.01,0.00,21.19,[]
/dlsu/goks/cam,/dlsu/goks/cam,0.000000,70998.90188097954,0,,0,0,,0.03,0.89,25.78,[]
/dlsu/goks/cam,/dlsu/goks/cam,0.000000,70998.96946310997,0,,0,0,,0.04,1.08,25.45,[]
/dlsu/goks/cam,/dlsu/goks/cam,0.000000,70999.02989411354,0,,0,0,,0.13,1.09,25.24,[]
/dlsu/goks/cam,/dlsu/goks/cam,0.000000,70999.06328201294,0,,0,0,,0.03,0.73,25.28,[]
/dlsu/goks/cam,/dlsu/goks/cam,0.000000,70999.12714099884,0,,0,0,,0.07,4.10,25.35,[]
/dlsu/goks/cam,/dlsu/goks/cam,0.000000,0,0,,0,0,,0.01,0.00,23.02,[]
/dlsu/goks/cam,/dlsu/goks/cam,0.000000,70999.19783306122,0,,0,0,,0.03,0.87,22.03,[]
/dlsu/goks/cam,/dlsu/goks/cam,0.000000,70999.25069999695,0,,0,0,,0.11,1.51,25.20,[]
/dlsu/goks/cam,/dlsu/goks/cam,0.000000,0,0,,0,0,,0.01,0.00,21.95,[]
/dlsu/goks/cam,/dlsu/goks/cam,0.000000,70999.29360699654,0,,0,0,,0.03,0.73,25.16,[]
/dlsu/goks/cam,/dlsu/goks/cam,0.000000,70999.37331199646,0,,0,0,,0.05,0.75,21.86,[]
/dlsu/goks/cam,/dlsu/goks/cam,0.000000,70999.42414188385,0,,0,0,,0.04,0.80,25.16,[]
/dlsu/goks/cam,/dlsu/goks/cam,0.000000,70999.5039730072,0,,0,0,,0.09,1.47,22.59,[]
/dlsu/goks/cam,/dlsu/goks/cam,0.000000,0,0,,0,0,,0.01,0.00,23.93,[]
/dlsu/goks/cam,/dlsu/goks/cam,0.000000,70999.55059289932,0,,0,0,,0.04,0.99,20.93,[]
/dlsu/goks/cam,/dlsu/goks/cam,0.000000,70999.58212304115,0,,0,0,,0.03,1.13,24.14,[]
/dlsu/goks/cam,/dlsu/goks/cam,0.000000,70999.64233493805,0,,0,0,,0.04,0.81,22.92,[]
/dlsu/goks/cam,/dlsu/goks/cam,0.000000,70999.6913049221,0,,0,0,,0.04,0.74,25.16,[]
/dlsu/goks/cam,/dlsu/goks/cam,0.000000,70999.74402809143,0,,0,0,,0.06,1.37,20.28,[]
/dlsu/goks/cam,/dlsu/goks/cam,0.000000,70999.78540802002,0,,0,0,,0.04,0.91,24.69,[]
/dlsu/goks/cam,/dlsu/goks/cam,0.000000,70999.83214688301,0,,0,0,,0.03,0.79,23.70,[]
/dlsu/goks/cam,/dlsu/goks/cam,0.000000,70999.89187192917,0,,0,0,,0.05,2.07,24.77,[]
/dlsu/goks/cam,/dlsu/goks/cam,0.000000,0,0,,0,0,,0.01,0.00,24.39,[]
/dlsu/goks/cam,/dlsu/goks/cam,0.000000,70999.96193909645,0,,0,0,,0.05,1.67,20.33,[]
/dlsu/goks/cam,/dlsu/goks/cam,0.000000,0,0,,0,0,,0.00,0.00,25.07,[]
/dlsu/goks/cam,/dlsu/goks/cam,0.000000,71000.02510404587,0,,0,0,,0.04,0.87,23.87,[]
/dlsu/goks/cam,/dlsu/goks/cam,0.000000,71000.05772304535,0,,0,0,,0.05,0.77,20.82,[]
/dlsu/goks/cam,/dlsu/goks/cam,0.000000,71000.09644198418,0,,0,0,,0.03,1.07,25.18,[]
/dlsu/goks/cam,/dlsu/goks/cam,0.000000,71000.15097093582,0,,0,0,,0.04,1.21,25.21,[]
/dlsu/goks/cam,/dlsu/goks/cam,0.000000,0,0,,0,0,,0.01,0.00,25.09,[]
/dlsu/goks/cam,/dlsu/goks/cam,0.000000,71000.22953104973,0,,0,0,,0.06,1.60,24.49,[]
/dlsu/goks/cam,/dlsu/goks/cam,0.000000,0,0,,0,0,,0.01,0.00,21.89,[]
/dlsu/goks/cam,/dlsu/goks/cam,0.000000,0,0,,0,0,,0.01,0.00,20.28,[]
/dlsu/goks/cam,/dlsu/goks/cam,0.000000,71000.35639500618,0,,0,0,,0.04,0.91,25.12,[]
/dlsu/goks/cam,/dlsu/goks/cam,0.000000,71000.40497207642,0,,0,0,,0.04,0.76,21.47,[]
/dlsu/goks/cam,/dlsu/goks/cam,0.000000,71000.45078897476,0,,0,0,,0.07,1.99,25.16,[]
/dlsu/goks/cam,/dlsu/goks/cam,0.000000,0,0,,0,0,,0.01,0.00,25.09,[]
/dlsu/goks/cam,/dlsu/goks/cam,0.000000,71000.50176811218,0,,0,0,,0.03,0.84,24.85,[]
/dlsu/goks/cam,/dlsu/goks/cam,0.000000,71000.57387590408,0,,0,0,,0.05,1.44,25.19,[]
/dlsu/goks/cam,/dlsu/goks/cam,0.000000,0,0,,0,0,,0.01,0.00,23.95,[]
/dlsu/goks/cam,/dlsu/goks/cam,0.000000,71000.63219809532,0,,0,0,,0.04,0.98,20.74,[]
/dlsu/goks/cam,/dlsu/goks/cam,0.000000,71000.72839689255,0,,0,0,,0.07,0.80,25.16,[]
/dlsu/goks/cam,/dlsu/goks/cam,0.000000,71000.80312991142,0,,0,0,,0.06,1.63,21.77,[]
/dlsu/goks/cam,/dlsu/goks/cam,0.000000,0,0,,0,0,,0.01,0.00,25.10,[]
/dlsu/goks/cam,/dlsu/goks/cam,0.000000,71000.85350990295,0,,0,0,,0.03,1.05,25.44,[]
/dlsu/goks/cam,/dlsu/goks/cam,0.000000,71000.88021492958,0,,0,0,,0.04,0.86,22.91,[]
/dlsu/goks/cam,/dlsu/goks/cam,0.000000,71000.96179294586,0,,0,0,,0.09,1.54,25.17,[]
/dlsu/goks/cam,/dlsu/goks/cam,0.000000,0,0,,0,0,,0.01,0.00,25.11,[]
/dlsu/goks/cam,/dlsu/goks/cam,0.000000,71001.0251379013,0,,0,0,,0.04,1.06,24.21,[]
/dlsu/goks/cam,/dlsu/goks/cam,0.000000,71001.06828093529,0,,0,0,,0.07,1.50,21.21,[]
/dlsu/goks/cam,/dlsu/goks/cam,0.000000,0,0,,0,0,,0.02,0.00,25.09,[]
/dlsu/goks/cam,/dlsu/goks/cam,0.000000,71001.11617803574,0,,0,0,,0.03,0.80,25.16,[]
/dlsu/goks/cam,/dlsu/goks/cam,0.000000,71001.15375208855,0,,0,0,,0.03,0.82,25.17,[]
/dlsu/goks/cam,/dlsu/goks/cam,0.000000,71001.19071006775,0,,0,0,,0.13,1.56,23.27,[]
/dlsu/goks/cam,/dlsu/goks/cam,0.000000,0,0,,0,0,,0.02,0.00,25.08,[]
/dlsu/goks/cam,/dlsu/goks/cam,0.000000,71001.23540997505,0,,0,0,,0.37,0.91,22.36,[]
/dlsu/goks/cam,/dlsu/goks/cam,0.000000,71001.29267811775,0,,0,0,,0.06,1.65,20.24,[]
/dlsu/goks/cam,/dlsu/goks/cam,0.000000,0,0,,0,0,,0.01,0.00,22.62,[]
/dlsu/goks/cam,/dlsu/goks/cam,0.000000,71001.34614610672,0,,0,0,,0.06,0.94,21.28,[]
/dlsu/goks/cam,/dlsu/goks/cam,0.000000,71001.3938639164,0,,0,0,,0.03,1.25,25.07,[]
/dlsu/goks/cam,/dlsu/goks/cam,0.000000,71001.43566989899,0,,0,0,,0.04,1.00,24.78,[]
/dlsu/goks/cam,/dlsu/goks/cam,0.000000,71001.52049899101,0,,0,0,,0.08,1.74,25.18,[]
/dlsu/goks/cam,/dlsu/goks/cam,0.000000,0,0,,0,0,,0.02,0.00,25.09,[]
/dlsu/goks/cam,/dlsu/goks/cam,0.000000,71001.56960391998,0,,0,0,,0.04,0.73,24.46,[]
/dlsu/goks/cam,/dlsu/goks/cam,0.000000,71001.63739800453,0,,0,0,,0.04,0.80,23.26,[]
/dlsu/goks/cam,/dlsu/goks/cam,0.000000,71001.68494296074,0,,0,0,,0.03,0.73,21.36,[]
/dlsu/goks/cam,/dlsu/goks/cam,0.000000,71001.71634101868,0,,0,0,,0.03,0.89,24.05,[]
/dlsu/goks/cam,/dlsu/goks/cam,0.000000,71001.79003500938,0,,0,0,,0.05,1.04,21.46,[]
/dlsu/goks/cam,/dlsu/goks/cam,0.000000,71001.83575892448,0,,0,0,,0.03,1.08,24.92,[]
/dlsu/goks/cam,/dlsu/goks/cam,0.000000,71001.89959406853,0,,0,0,,0.12,0.72,25.34,[]
/dlsu/goks/cam,/dlsu/goks/cam,0.000000,0,0,,0,0,,0.01,0.95,25.07,[]
/dlsu/goks/cam,/dlsu/goks/cam,0.000000,71001.93104100227,0,,0,0,,0.03,0.68,25.77,[]
/dlsu/goks/cam,/dlsu/goks/cam,0.000000,71001.9786260128,0,,0,0,,0.05,0.92,25.14,[]
/dlsu/goks/cam,/dlsu/goks/cam,0.000000,71002.01029491425,0,,0,0,,0.03,0.97,25.70,[]
/dlsu/goks/cam,/dlsu/goks/cam,0.000000,71002.0786280632,0,,0,0,,0.05,1.48,25.15,[]
/dlsu/goks/cam,/dlsu/goks/cam,0.000000,0,0,,0,0,,0.01,0.00,25.17,[]
/dlsu/goks/cam,/dlsu/goks/cam,0.000000,71002.13165092468,0,,0,0,,0.04,1.10,22.45,[]
/dlsu/goks/cam,/dlsu/goks/cam,0.000000,71002.19870996475,0,,0,0,,0.08,1.05,20.36,[]
/dlsu/goks/cam,/dlsu/goks/cam,0.000000,71002.24533200264,0,,0,0,,0.05,1.83,22.59,[]
/dlsu/goks/cam,/dlsu/goks/cam,0.000000,0,0,,0,0,,0.01,0.00,24.31,[]
/dlsu/goks/cam,/dlsu/goks/cam,0.000000,71002.31990695,0,,0,0,,0.08,2.09,25.24,[]
/dlsu/goks/cam,/dlsu/goks/cam,0.000000,71002.33614897728,0,,0,0,,0.02,0.82,25.10,[]
/dlsu/goks/cam,/dlsu/goks/cam,0.000000,71002.36230802536,0,,0,0,,0.02,0.82,21.52,[]
/dlsu/goks/cam,/dlsu/goks/cam,0.000000,0,0,,0,0,,0.01,0.00,25.11,[]
/dlsu/goks/cam,/dlsu/goks/cam,0.000000,0,0,,0,0,,0.01,0.00,25.09,[]
/dlsu/goks/cam,/dlsu/goks/cam,0.000000,71002.43186688423,0,,0,0,,0.13,0.83,25.15,[]
/dlsu/goks/cam,/dlsu/goks/cam,0.000000,71002.48909306526,0,,0,0,,0.04,0.83,25.73,[]
/dlsu/goks/cam,/dlsu/goks/cam,0.000000,71002.51778507233,0,,0,0,,0.03,0.78,21.45,[]
/dlsu/goks/cam,/dlsu/goks/cam,0.000000,71002.55972409248,0,,0,0,,0.03,0.75,24.89,[]
/dlsu/goks/cam,/dlsu/goks/cam,0.000000,71002.62366104126,0,,0,0,,0.09,1.55,20.38,[]
/dlsu/goks/cam,/dlsu/goks/cam,0.000000,0,0,,0,0,,0.01,0.00,22.89,[]
/dlsu/goks/cam,/dlsu/goks/cam,0.000000,71002.70425796509,0,,0,0,,0.07,1.91,22.01,[]
/dlsu/goks/cam,/dlsu/goks/cam,0.000000,0,0,,0,0,,0.00,0.00,23.94,[]
/dlsu/goks/cam,/dlsu/goks/cam,0.000000,71002.76214194298,0,,0,0,,0.04,0.72,23.09,[]
/dlsu/goks/cam,/dlsu/goks/cam,0.000000,71002.8229470253,0,,0,0,,0.07,1.84,25.41,[]
/dlsu/goks/cam,/dlsu/goks/cam,0.000000,0,0,,0,0,,0.00,0.00,25.10,[]
/dlsu/goks/cam,/dlsu/goks/cam,0.000000,71002.8878018856,0,,0,0,,0.04,0.67,25.34,[]
/dlsu/goks/cam,/dlsu/goks/cam,0.000000,71002.91442799568,0,,0,0,,0.04,0.96,20.25,[]
/dlsu/goks/cam,/dlsu/goks/cam,0.000000,71002.97206401825,0,,0,0,,0.04,0.72,21.95,[]
/dlsu/goks/cam,/dlsu/goks/cam,0.000000,71003.02690005302,0,,0,0,,0.04,1.66,25.15,[]
/dlsu/goks/cam,/dlsu/goks/cam,0.000000,0,0,,0,0,,0.01,0.00,23.31,[]
/dlsu/goks/cam,/dlsu/goks/cam,0.000000,71003.09253406525,0,,0,0,,0.07,1.02,24.82,[]
/dlsu/goks/cam,/dlsu/goks/cam,0.000000,71003.12945389748,0,,0,0,,0.03,0.77,22.41,[]
/dlsu/goks/cam,/dlsu/goks/cam,0.000000,71003.18614792824,0,,0,0,,0.05,0.82,22.27,[]
/dlsu/goks/cam,/dlsu/goks/cam,0.000000,0,0,,0,0,,0.01,0.00,23.84,[]
/dlsu/goks/cam,/dlsu/goks/cam,0.000000,71003.24718809128,0,,0,0,,0.04,0.91,21.23,[]
/dlsu/goks/cam,/dlsu/goks/cam,0.000000,71003.27737188339,0,,0,0,,0.03,0.92,25.15,[]
/dlsu/goks/cam,/dlsu/goks/cam,0.000000,71003.35178208351,0,,0,0,,0.06,1.31,25.14,[]
/dlsu/goks/cam,/dlsu/goks/cam,0.000000,0,0,,0,0,,0.01,0.00,25.12,[]
/dlsu/goks/cam,/dlsu/goks/cam,0.000000,71003.40688991547,0,,0,0,,0.05,0.91,23.71,[]
/dlsu/goks/cam,/dlsu/goks/cam,0.000000,71003.44932794571,0,,0,0,,0.04,1.14,25.09,[]
/dlsu/goks/cam,/dlsu/goks/cam,0.000000,71003.48933792114,0,,0,0,,0.04,1.18,25.08,[]
/dlsu/goks/cam,/dlsu/goks/cam,0.000000,0,0,,0,0,,0.01,0.00,22.50,[]
/dlsu/goks/cam,/dlsu/goks/cam,0.000000,71003.55368900299,0,,0,0,,0.03,0.89,23.93,[]
/dlsu/goks/cam,/dlsu/goks/cam,0.000000,71003.64255189896,0,,0,0,,0.06,1.49,25.17,[]
/dlsu/goks/cam,/dlsu/goks/cam,0.000000,0,0,,0,0,,0.01,0.00,24.22,[]
/dlsu/goks/cam,/dlsu/goks/cam,0.000000,71003.7388548851,0,,0,0,,0.07,1.46,20.56,[]
/dlsu/goks/cam,/dlsu/goks/cam,0.000000,0,0,,0,0,,0.01,0.00,20.23,[]
/dlsu/goks/cam,/dlsu/goks/cam,0.000000,71003.78226399422,0,,0,0,,0.03,0.92,21.10,[]
/dlsu/goks/cam,/dlsu/goks/cam,0.000000,71003.8304040432,0,,0,0,,0.14,1.87,20.67,[]
/dlsu/goks/cam,/dlsu/goks/cam,0.000000,71003.91739988327,0,,0,0,,0.06,1.48,21.37,[]
/dlsu/goks/cam,/dlsu/goks/cam,0.000000,0,0,,0,0,,0.01,0.00,20.88,[]
/dlsu/goks/cam,/dlsu/goks/cam,0.000000,71003.96262001991,0,,0,0,,0.03,0.79,23.12,[]
/dlsu/goks/cam,/dlsu/goks/cam,0.000000,71004.00118088722,0,,0,0,,0.06,0.86,20.63,[]
/dlsu/goks/cam,/dlsu/goks/cam,0.000000,71004.07746696472,0,,0,0,,0.03,0.82,24.27,[]
/dlsu/goks/cam,/dlsu/goks/cam,0.000000,71004.14592194557,0,,0,0,,0.05,0.98,21.30,[]
/dlsu/goks/cam,/dlsu/goks/cam,0.000000,71004.21950793266,0,,0,0,,0.05,1.19,23.45,[]
/dlsu/goks/cam,/dlsu/goks/cam,0.000000,71004.26998710632,0,,0,0,,0.05,1.12,21.54,[]
/dlsu/goks/cam,/dlsu/goks/cam,0.000000,0,0,,0,0,,0.00,0.00,25.07,[]
/dlsu/goks/cam,/dlsu/goks/cam,0.000000,71004.33944010735,0,,0,0,,0.04,1.02,22.40,[]
/dlsu/goks/cam,/dlsu/goks/cam,0.000000,71004.38158893585,0,,0,0,,0.05,1.72,25.15,[]
/dlsu/goks/cam,/dlsu/goks/cam,0.000000,0,0,,0,0,,0.01,0.00,25.09,[]
/dlsu/goks/cam,/dlsu/goks/cam,0.000000,71004.48253202438,0,,0,0,,0.06,1.62,25.61,[]
/dlsu/goks/cam,/dlsu/goks/cam,0.000000,0,0,,0,0,,0.01,0.00,25.09,[]
/dlsu/goks/cam,/dlsu/goks/cam,0.000000,71004.52697205544,0,,0,0,,0.03,0.94,24.74,[]
/dlsu/goks/cam,/dlsu/goks/cam,0.000000,71004.571144104,0,,0,0,,0.09,1.05,22.04,[]
/dlsu/goks/cam,/dlsu/goks/cam,0.000000,71004.67802405357,0,,0,0,,0.07,1.04,25.49,[]
/dlsu/goks/cam,/dlsu/goks/cam,0.000000,71004.7107720375,0,,0,0,,0.03,1.42,24.36,[]
/dlsu/goks/cam,/dlsu/goks/cam,0.000000,71004.7753829956,0,,0,0,,0.05,0.92,25.14,[]
/dlsu/goks/cam,/dlsu/goks/cam,0.000000,71004.82524609566,0,,0,0,,0.04,1.08,20.36,[]
/dlsu/goks/cam,/dlsu/goks/cam,0.000000,71004.88619589806,0,,0,0,,0.06,1.81,22.90,[]
/dlsu/goks/cam,/dlsu/goks/cam,0.000000,0,0,,0,0,,0.01,0.00,25.13,[]
/dlsu/goks/cam,/dlsu/goks/cam,0.000000,71004.94525694847,0,,0,0,,0.04,1.42,23.51,[]
/dlsu/goks/cam,/dlsu/goks/cam,0.000000,0,0,,0,0,,0.01,0.00,24.70,[]
/dlsu/goks/cam,/dlsu/goks/cam,0.000000,71005.00777602196,0,,0,0,,0.04,1.04,24.27,[]
/dlsu/goks/cam,/dlsu/goks/cam,0.000000,71005.05588388443,0,,0,0,,0.04,1.14,21.11,[]
/dlsu/goks/cam,/dlsu/goks/cam,0.000000,71005.10593390465,0,,0,0,,0.07,1.68,22.18,[]
/dlsu/goks/cam,/dlsu/goks/cam,0.000000,0,0,,0,0,,0.01,0.00,25.07,[]
/dlsu/goks/cam,/dlsu/goks/cam,0.000000,71005.16949391365,0,,0,0,,0.22,6.86,27.29,[]
/dlsu/goks/cam,/dlsu/goks/cam,0.000000,71005.20758295059,0,,0,0,,0.11,14.04,23.39,[]
/dlsu/goks/cam,/dlsu/goks/cam,0.000000,71005.29157710075,0,,0,0,,0.17,1.94,25.89,[]
/dlsu/goks/cam,/dlsu/goks/cam,0.000000,0,0,,0,0,,0.02,0.00,23.35,[]
/dlsu/goks/cam,/dlsu/goks/cam,0.000000,71005.37208795547,0,,0,0,,0.05,1.49,23.28,[]
/dlsu/goks/cam,/dlsu/goks/cam,0.000000,0,0,,0,0,,0.01,0.00,25.07,[]
/dlsu/goks/cam,/dlsu/goks/cam,0.000000,71005.41497993469,0,,0,0,,0.05,1.30,20.79,[]
/dlsu/goks/cam,/dlsu/goks/cam,0.000000,71005.48939108849,0,,0,0,,0.04,0.74,22.39,[]
/dlsu/goks/cam,/dlsu/goks/cam,0.000000,71005.5236260891,0,,0,0,,0.04,0.77,25.17,[]
/dlsu/goks/cam,/dlsu/goks/cam,0.000000,71005.57590198517,0,,0,0,,0.05,0.97,25.39,[]
/dlsu/goks/cam,/dlsu/goks/cam,0.000000,71005.64572191238,0,,0,0,,0.04,0.87,23.75,[]
/dlsu/goks/cam,/dlsu/goks/cam,0.000000,71005.67066597939,0,,0,0,,0.03,0.81,23.30,[]
/dlsu/goks/cam,/dlsu/goks/cam,0.000000,71005.73509597778,0,,0,0,,0.04,1.24,24.96,[]
/dlsu/goks/cam,/dlsu/goks/cam,0.000000,71005.76484489441,0,,0,0,,0.03,0.85,25.14,[]
/dlsu/goks/cam,/dlsu/goks/cam,0.000000,71005.82361292839,0,,0,0,,0.04,0.89,20.42,[]
/dlsu/goks/cam,/dlsu/goks/cam,0.000000,71005.88106608391,0,,0,0,,0.06,2.21,25.14,[]
/dlsu/goks/cam,/dlsu/goks/cam,0.000000,71005.9132399559,0,,0,0,,0.11,1.50,22.23,[]
/dlsu/goks/cam,/dlsu/goks/cam,0.000000,0,0,,0,0,,0.01,0.00,20.67,[]
/dlsu/goks/cam,/dlsu/goks/cam,0.000000,71005.97755002975,0,,0,0,,0.04,0.89,25.22,[]
/dlsu/goks/cam,/dlsu/goks/cam,0.000000,71006.03744411469,0,,0,0,,0.06,1.59,25.19,[]
/dlsu/goks/cam,/dlsu/goks/cam,0.000000,0,0,,0,0,,0.00,0.00,25.10,[]
/dlsu/goks/cam,/dlsu/goks/cam,0.000000,71006.07954001427,0,,0,0,,0.07,1.43,25.24,[]
/dlsu/goks/cam,/dlsu/goks/cam,0.000000,71006.11402201653,0,,0,0,,0.03,1.26,22.12,[]
/dlsu/goks/cam,/dlsu/goks/cam,0.000000,71006.15724301338,0,,0,0,,0.05,1.12,21.29,[]
/dlsu/goks/cam,/dlsu/goks/cam,0.000000,71006.19465994835,0,,0,0,,0.02,0.71,23.34,[]
/dlsu/goks/cam,/dlsu/goks/cam,0.000000,0,0,,0,0,,0.01,0.00,25.10,[]
/dlsu/goks/cam,/dlsu/goks/cam,0.000000,71006.24044108391,0,,0,0,,0.03,0.90,20.21,[]
/dlsu/goks/cam,/dlsu/goks/cam,0.000000,71006.27671599388,0,,0,0,,0.03,0.82,25.17,[]
/dlsu/goks/cam,/dlsu/goks/cam,0.000000,71006.34102511406,0,,0,0,,0.05,1.47,20.82,[]
/dlsu/goks/cam,/dlsu/goks/cam,0.000000,71006.43135595322,0,,0,0,,0.14,2.05,24.71,[]
/dlsu/goks/cam,/dlsu/goks/cam,0.000000,0,0,,0,0,,0.01,0.00,24.08,[]
/dlsu/goks/cam,/dlsu/goks/cam,0.000000,71006.48246407509,0,,0,0,,0.05,0.39,24.75,[]
/dlsu/goks/cam,/dlsu/goks/cam,0.000000,71006.49854207039,0,,0,0,,0.10,0.79,24.59,[]
/dlsu/goks/cam,/dlsu/goks/cam,0.000000,0,0,,0,0,,0.01,0.00,20.44,[]
/dlsu/goks/cam,/dlsu/goks/cam,0.000000,71006.55532002449,0,,0,0,,0.04,0.96,25.63,[]
/dlsu/goks/cam,/dlsu/goks/cam,0.000000,71006.59191203117,0,,0,0,,0.05,0.93,20.43,[]
/dlsu/goks/cam,/dlsu/goks/cam,0.000000,71006.64608693123,0,,0,0,,0.04,0.82,23.08,[]
/dlsu/goks/cam,/dlsu/goks/cam,0.000000,71006.67248606682,0,,0,0,,0.03,0.75,20.44,[]
/dlsu/goks/cam,/dlsu/goks/cam,0.000000,71006.71441888809,0,,0,0,,0.08,1.26,21.71,[]
/dlsu/goks/cam,/dlsu/goks/cam,0.000000,0,0,,0,0,,0.01,0.00,25.09,[]
/dlsu/goks/cam,/dlsu/goks/cam,0.000000,71006.76969695091,0,,0,0,,0.04,0.98,24.30,[]
/dlsu/goks/cam,/dlsu/goks/cam,0.000000,71006.80063295364,0,,0,0,,0.03,0.81,25.07,[]
/dlsu/goks/cam,/dlsu/goks/cam,0.000000,71006.82773590088,0,,0,0,,0.03,1.10,22.70,[]
/dlsu/goks/cam,/dlsu/goks/cam,0.000000,71006.8927950859,0,,0,0,,0.09,1.24,23.07,[]
/dlsu/goks/cam,/dlsu/goks/cam,0.000000,0,0,,0,0,,0.01,0.00,21.95,[]
/dlsu/goks/cam,/dlsu/goks/cam,0.000000,71006.93182706833,0,,0,0,,0.03,0.87,21.08,[]
/dlsu/goks/cam,/dlsu/goks/cam,0.000000,71006.98807501793,0,,0,0,,0.05,0.83,25.39,[]
/dlsu/goks/cam,/dlsu/goks/cam,0.000000,71007.05986690521,0,,0,0,,0.05,1.40,25.00,[]
/dlsu/goks/cam,/dlsu/goks/cam,0.000000,0,0,,0,0,,0.01,0.00,24.18,[]
/dlsu/goks/cam,/dlsu/goks/cam,0.000000,71007.11505007744,0,,0,0,,0.04,1.15,24.55,[]
/dlsu/goks/cam,/dlsu/goks/cam,0.000000,71007.15611505508,0,,0,0,,0.04,0.92,21.26,[]
/dlsu/goks/cam,/dlsu/goks/cam,0.000000,71007.19266200066,0,,0,0,,0.03,0.76,22.20,[]
/dlsu/goks/cam,/dlsu/goks/cam,0.000000,71007.24483990669,0,,0,0,,0.05,0.87,23.68,[]
/dlsu/goks/cam,/dlsu/goks/cam,0.000000,71007.31931900978,0,,0,0,,0.08,1.35,21.66,[]
/dlsu/goks/cam,/dlsu/goks/cam,0.000000,0,0,,0,0,,0.01,0.00,23.57,[]
/dlsu/goks/cam,/dlsu/goks/cam,0.000000,71007.38134598732,0,,0,0,,0.07,1.67,22.49,[]
/dlsu/goks/cam,/dlsu/goks/cam,0.000000,0,0,,0,0,,0.00,0.00,21.67,[]
/dlsu/goks/cam,/dlsu/goks/cam,0.000000,71007.43568301201,0,,0,0,,0.03,0.72,25.14,[]
/dlsu/goks/cam,/dlsu/goks/cam,0.000000,71007.4692389965,0,,0,0,,0.07,0.77,25.11,[]
/dlsu/goks/cam,/dlsu/goks/cam,0.000000,71007.54761910439,0,,0,0,,0.06,1.66,24.73,[]
/dlsu/goks/cam,/dlsu/goks/cam,0.000000,0,0,,0,0,,0.00,0.00,25.02,[]
/dlsu/goks/cam,/dlsu/goks/cam,0.000000,71007.60036993027,0,,0,0,,0.04,1.03,25.41,[]
/dlsu/goks/cam,/dlsu/goks/cam,0.000000,71007.65570998192,0,,0,0,,0.04,0.84,25.14,[]
/dlsu/goks/cam,/dlsu/goks/cam,0.000000,71007.71125388145,0,,0,0,,0.04,0.82,24.92,[]
/dlsu/goks/cam,/dlsu/goks/cam,0.000000,0,0,,0,0,,0.01,0.00,20.43,[]
/dlsu/goks/cam,/dlsu/goks/cam,0.000000,71007.76055693626,0,,0,0,,0.03,0.94,20.77,[]
/dlsu/goks/cam,/dlsu/goks/cam,0.000000,71007.79215598106,0,,0,0,,0.03,0.75,22.81,[]
/dlsu/goks/cam,/dlsu/goks/cam,0.000000,71007.85592889786,0,,0,0,,0.05,1.54,25.01,[]
/dlsu/goks/cam,/dlsu/goks/cam,0.000000,71007.89305400848,0,,0,0,,0.04,0.74,23.57,[]
/dlsu/goks/cam,/dlsu/goks/cam,0.000000,0,0,,0,0,,0.01,0.00,20.42,[]
/dlsu/goks/cam,/dlsu/goks/cam,0.000000,71007.92680692673,0,,0,0,,0.03,0.69,25.17,[]
/dlsu/goks/cam,/dlsu/goks/cam,0.000000,71007.96696901321,0,,0,0,,0.05,1.02,25.13,[]
/dlsu/goks/cam,/dlsu/goks/cam,0.000000,71007.99965810776,0,,0,0,,0.04,0.88,20.71,[]
/dlsu/goks/cam,/dlsu/goks/cam,0.000000,71008.03074097633,0,,0,0,,0.04,0.90,25.12,[]
/dlsu/goks/cam,/dlsu/goks/cam,0.000000,71008.10337901115,0,,0,0,,0.10,1.55,20.60,[]
/dlsu/goks/cam,/dlsu/goks/cam,0.000000,0,0,,0,0,,0.00,0.00,25.14,[]
/dlsu/goks/cam,/dlsu/goks/cam,0.000000,71008.2101290226,0,,0,0,,0.08,1.86,20.76,[]
/dlsu/goks/cam,/dlsu/goks/cam,0.000000,0,0,,0,0,,0.01,0.00,25.08,[]
/dlsu/goks/cam,/dlsu/goks/cam,0.000000,71008.24196410179,0,,0,0,,0.03,0.80,21.54,[]
/dlsu/goks/cam,/dlsu/goks/cam,0.000000,71008.30619502068,0,,0,0,,0.06,2.12,20.54,[]
/dlsu/goks/cam,/dlsu/goks/cam,0.000000,0,0,,0,0,,0.01,0.00,24.10,[]
/dlsu/goks/cam,/dlsu/goks/cam,0.000000,71008.37970590591,0,,0,0,,0.04,0.79,22.88,[]
/dlsu/goks/cam,/dlsu/goks/cam,0.000000,71008.44572091103,0,,0,0,,0.05,1.84,22.77,[]
/dlsu/goks/cam,/dlsu/goks/cam,0.000000,0,0,,0,0,,0.00,0.00,24.25,[]
/dlsu/goks/cam,/dlsu/goks/cam,0.000000,71008.50248098373,0,,0,0,,0.06,0.86,23.70,[]
/dlsu/goks/cam,/dlsu/goks/cam,0.000000,71008.57938194275,0,,0,0,,0.04,1.02,22.12,[]
/dlsu/goks/cam,/dlsu/goks/cam,0.000000,71008.61152601242,0,,0,0,,0.03,0.69,25.18,[]
/dlsu/goks/cam,/dlsu/goks/cam,0.000000,71008.65853905678,0,,0,0,,0.03,0.62,22.69,[]
/dlsu/goks/cam,/dlsu/goks/cam,0.000000,71008.71149301529,0,,0,0,,0.05,2.28,21.18,[]
/dlsu/goks/cam,/dlsu/goks/cam,0.000000,0,0,,0,0,,0.00,0.00,25.09,[]
/dlsu/goks/cam,/dlsu/goks/cam,0.000000,71008.79464697838,0,,0,0,,0.06,2.01,24.42,[]
/dlsu/goks/cam,/dlsu/goks/cam,0.000000,0,0,,0,0,,0.00,0.00,25.13,[]
/dlsu/goks/cam,/dlsu/goks/cam,0.000000,71008.85571694374,0,,0,0,,0.04,0.73,21.54,[]
/dlsu/goks/cam,/dlsu/goks/cam,0.000000,71008.90403103828,0,,0,0,,0.04,0.84,22.57,[]
/dlsu/goks/cam,/dlsu/goks/cam,0.000000,71009.00123691559,0,,0,0,,0.06,1.86,22.52,[]
/dlsu/goks/cam,/dlsu/goks/cam,0.000000,71009.02186894417,0,,0,0,,0.02,0.74,24.87,[]
/dlsu/goks/cam,/dlsu/goks/cam,0.000000,71009.03718709946,0,,0,0,,0.03,0.40,21.34,[]
/dlsu/goks/cam,/dlsu/goks/cam,0.000000,0,0,,0,0,,0.00,0.00,21.01,[]
/dlsu/goks/cam,/dlsu/goks/cam,0.000000,71009.17353010178,0,,0,0,,0.07,1.05,20.92,[]
/dlsu/goks/cam,/dlsu/goks/cam,0.000000,71009.21573495865,0,,0,0,,0.03,0.97,25.11,[]
/dlsu/goks/cam,/dlsu/goks/cam,0.000000,71009.28165698051,0,,0,0,,0.05,0.86,25.25,[]
/dlsu/goks/cam,/dlsu/goks/cam,0.000000,71009.35991406441,0,,0,0,,0.06,1.73,21.80,[]
/dlsu/goks/cam,/dlsu/goks/cam,0.000000,0,0,,0,0,,0.00,0.00,21.03,[]
/dlsu/goks/cam,/dlsu/goks/cam,0.000000,71009.43118810654,0,,0,0,,0.05,1.04,25.19,[]
/dlsu/goks/cam,/dlsu/goks/cam,0.000000,71009.46645593643,0,,0,0,,0.04,1.13,25.12,[]
/dlsu/goks/cam,/dlsu/goks/cam,0.000000,71009.51936602592,0,,0,0,,0.04,1.45,23.90,[]
/dlsu/goks/cam,/dlsu/goks/cam,0.000000,0,0,,0,0,,0.00,0.00,25.07,[]
/dlsu/goks/cam,/dlsu/goks/cam,0.000000,71009.60416793823,0,,0,0,,0.07,1.68,25.42,[]
/dlsu/goks/cam,/dlsu/goks/cam,0.000000,0,0,,0,0,,0.01,0.00,25.14,[]
/dlsu/goks/cam,/dlsu/goks/cam,0.000000,71009.6647310257,0,,0,0,,0.04,0.90,25.81,[]
/dlsu/goks/cam,/dlsu/goks/cam,0.000000,71009.70076203346,0,,0,0,,0.03,1.26,25.11,[]
/dlsu/goks/cam,/dlsu/goks/cam,0.000000,71009.73234796524,0,,0,0,,0.04,1.01,25.17,[]
/dlsu/goks/cam,/dlsu/goks/cam,0.000000,71009.76967096329,0,,0,0,,0.03,0.74,24.37,[]
/dlsu/goks/cam,/dlsu/goks/cam,0.000000,71009.83517694473,0,,0,0,,0.05,1.35,24.76,[]
/dlsu/goks/cam,/dlsu/goks/cam,0.000000,0,0,,0,0,,0.01,0.00,24.23,[]
/dlsu/goks/cam,/dlsu/goks/cam,0.000000,71009.9178071022,0,,0,0,,0.07,1.53,20.94,[]
/dlsu/goks/cam,/dlsu/goks/cam,0.000000,0,0,,0,0,,0.00,0.00,23.65,[]
/dlsu/goks/cam,/dlsu/goks/cam,0.000000,71009.98697209358,0,,0,0,,0.05,0.94,23.25,[]
/dlsu/goks/cam,/dlsu/goks/cam,0.000000,71010.01846194267,0,,0,0,,0.03,0.89,25.16,[]
/dlsu/goks/cam,/dlsu/goks/cam,0.000000,71010.06809592247,0,,0,0,,0.03,0.77,20.51,[]
/dlsu/goks/cam,/dlsu/goks/cam,0.000000,71010.12562203407,0,,0,0,,0.07,3.16,24.72,[]
/dlsu/goks/cam,/dlsu/goks/cam,0.000000,71010.2096259594,0,,0,0,,0.25,3.56,21.75,[]
/dlsu/goks/cam,/dlsu/goks/cam,0.000000,0,0,,0,0,,0.02,0.00,22.21,[]
/dlsu/goks/cam,/dlsu/goks/cam,0.000000,71010.26210188866,0,,0,0,,0.11,2.88,25.23,[]
/dlsu/goks/cam,/dlsu/goks/cam,0.000000,71010.3408370018,0,,0,0,,0.35,6.10,20.43,[]
/dlsu/goks/cam,/dlsu/goks/cam,0.000000,0,0,,0,0,,0.01,0.00,20.71,[]
/dlsu/goks/cam,/dlsu/goks/cam,0.000000,71010.38240695,0,,0,0,,0.16,2.66,25.59,[]
/dlsu/goks/cam,/dlsu/goks/cam,0.000000,71010.45286011696,0,,0,0,,0.19,4.01,20.81,[]
/dlsu/goks/cam,/dlsu/goks/cam,0.000000,0,0,,0,0,,0.01,0.00,25.05,[]
/dlsu/goks/cam,/dlsu/goks/cam,0.000000,71010.50464391708,0,,0,0,,0.03,0.95,22.77,[]
/dlsu/goks/cam,/dlsu/goks/cam,0.000000,71010.57534694672,0,,0,0,,0.05,1.19,20.35,[]
/dlsu/goks/cam,/dlsu/goks/cam,0.000000,71010.61964988708,0,,0,0,,0.03,1.19,23.50,[]
/dlsu/goks/cam,/dlsu/goks/cam,0.000000,71010.67263102531,0,,0,0,,0.03,0.88,25.17,[]
/dlsu/goks/cam,/dlsu/goks/cam,0.000000,71010.73457193375,0,,0,0,,0.05,1.24,24.30,[]
/dlsu/goks/cam,/dlsu/goks/cam,0.000000,71010.79362988472,0,,0,0,,0.07,1.07,25.19,[]
/dlsu/goks/cam,/dlsu/goks/cam,0.000000,71010.84251093864,0,,0,0,,0.05,1.61,25.13,[]
/dlsu/goks/cam,/dlsu/goks/cam,0.000000,0,0,,0,0,,0.02,0.00,25.11,[]
/dlsu/goks/cam,/dlsu/goks/cam,0.000000,71010.91969704628,0,,0,0,,0.06,1.07,24.25,[]
/dlsu/goks/cam,/dlsu/goks/cam,0.000000,71010.95082592964,0,,0,0,,0.03,1.02,25.07,[]
/dlsu/goks/cam,/dlsu/goks/cam,0.000000,71010.99538111687,0,,0,0,,0.04,0.79,25.14,[]
/dlsu/goks/cam,/dlsu/goks/cam,0.000000,71011.06203198433,0,,0,0,,0.10,1.61,24.39,[]
/dlsu/goks/cam,/dlsu/goks/cam,0.000000,0,0,,0,0,,0.01,0.00,20.85,[]
/dlsu/goks/cam,/dlsu/goks/cam,0.000000,71011.11961698532,0,,0,0,,0.04,1.10,24.31,[]
/dlsu/goks/cam,/dlsu/goks/cam,0.000000,71011.17019796371,0,,0,0,,0.07,0.88,25.27,[]
/dlsu/goks/cam,/dlsu/goks/cam,0.000000,71011.20261693001,0,,0,0,,0.07,0.96,24.20,[]
/dlsu/goks/cam,/dlsu/goks/cam,0.000000,71011.23818302155,0,,0,0,,0.03,0.75,21.48,[]
/dlsu/goks/cam,/dlsu/goks/cam,0.000000,71011.26962089539,0,,0,0,,0.07,0.96,21.30,[]
/dlsu/goks/cam,/dlsu/goks/cam,0.000000,71011.31823801994,0,,0,0,,0.03,0.98,25.67,[]
/dlsu/goks/cam,/dlsu/goks/cam,0.000000,71011.39138889313,0,,0,0,,0.04,0.95,22.24,[]
/dlsu/goks/cam,/dlsu/goks/cam,0.000000,71011.42260193825,0,,0,0,,0.04,0.86,20.51,[]
/dlsu/goks/cam,/dlsu/goks/cam,0.000000,71011.48937797546,0,,0,0,,0.38,1.28,25.89,[]
/dlsu/goks/cam,/dlsu/goks/cam,0.000000,0,0,,0,0,,0.01,0.00,25.08,[]
/dlsu/goks/cam,/dlsu/goks/cam,0.000000,71011.5819940567,0,,0,0,,0.05,1.60,21.32,[]
/dlsu/goks/cam,/dlsu/goks/cam,0.000000,0,0,,0,0,,0.04,0.00,21.46,[]
/dlsu/goks/cam,/dlsu/goks/cam,0.000000,71011.65739893913,0,,0,0,,0.04,0.87,25.12,[]
/dlsu/goks/cam,/dlsu/goks/cam,0.000000,71011.68927788734,0,,0,0,,0.02,0.89,25.21,[]
/dlsu/goks/cam,/dlsu/goks/cam,0.000000,71011.73765492439,0,,0,0,,0.04,0.82,25.16,[]
/dlsu/goks/cam,/dlsu/goks/cam,0.000000,71011.77635598183,0,,0,0,,0.03,1.05,24.87,[]
/dlsu/goks/cam,/dlsu/goks/cam,0.000000,71011.8124639988,0,,0,0,,0.11,0.91,25.18,[]
/dlsu/goks/cam,/dlsu/goks/cam,0.000000,71011.85589003563,0,,0,0,,0.13,0.63,20.44,[]
/dlsu/goks/cam,/dlsu/goks/cam,0.000000,71011.90281796455,0,,0,0,,0.03,1.06,24.01,[]
/dlsu/goks/cam,/dlsu/goks/cam,0.000000,71011.93630099297,0,,0,0,,0.09,0.78,25.17,[]
/dlsu/goks/cam,/dlsu/goks/cam,0.000000,71012.00415706635,0,,0,0,,0.06,1.58,21.49,[]
/dlsu/goks/cam,/dlsu/goks/cam,0.000000,0,0,,0,0,,0.00,0.00,25.06,[]
/dlsu/goks/cam,/dlsu/goks/cam,0.000000,71012.05781006813,0,,0,0,,0.07,1.66,23.79,[]
/dlsu/goks/cam,/dlsu/goks/cam,0.000000,0,0,,0,0,,0.00,0.00,21.82,[]
/dlsu/goks/cam,/dlsu/goks/cam,0.000000,71012.12709188461,0,,0,0,,0.03,0.91,24.73,[]
/dlsu/goks/cam,/dlsu/goks/cam,0.000000,71012.16918897629,0,,0,0,,0.05,0.99,23.74,[]
/dlsu/goks/cam,/dlsu/goks/cam,0.000000,71012.2176361084,0,,0,0,,0.06,1.43,25.40,[]
/dlsu/goks/cam,/dlsu/goks/cam,0.000000,0,0,,0,0,,0.00,0.00,24.25,[]
/dlsu/goks/cam,/dlsu/goks/cam,0.000000,71012.29384493828,0,,0,0,,0.05,0.78,24.70,[]
/dlsu/goks/cam,/dlsu/goks/cam,0.000000,71012.36069107056,0,,0,0,,0.05,1.72,22.45,[]
/dlsu/goks/cam,/dlsu/goks/cam,0.000000,71012.38034701347,0,,0,0,,0.02,0.43,23.22,[]
/dlsu/goks/cam,/dlsu/goks/cam,0.000000,0,0,,0,0,,0.01,0.00,23.02,[]
/dlsu/goks/cam,/dlsu/goks/cam,0.000000,71012.43948698044,0,,0,0,,0.04,1.12,25.10,[]
/dlsu/goks/cam,/dlsu/goks/cam,0.000000,71012.46941399574,0,,0,0,,0.03,0.85,24.51,[]
/dlsu/goks/cam,/dlsu/goks/cam,0.000000,71012.51110005379,0,,0,0,,0.03,0.84,22.09,[]
/dlsu/goks/cam,/dlsu/goks/cam,0.000000,71012.55804300308,0,,0,0,,0.03,1.16,25.15,[]
/dlsu/goks/cam,/dlsu/goks/cam,0.000000,71012.62336707115,0,,0,0,,0.04,0.90,21.50,[]
/dlsu/goks/cam,/dlsu/goks/cam,0.000000,71012.69189310074,0,,0,0,,0.07,1.87,23.60,[]
/dlsu/goks/cam,/dlsu/goks/cam,0.000000,71012.72393894196,0,,0,0,,0.03,0.70,25.16,[]
/dlsu/goks/cam,/dlsu/goks/cam,0.000000,0,0,,0,0,,0.00,0.00,25.20,[]
/dlsu/goks/cam,/dlsu/goks/cam,0.000000,71012.78577208519,0,,0,0,,0.14,0.96,24.87,[]
/dlsu/goks/cam,/dlsu/goks/cam,0.000000,71012.85399603844,0,,0,0,,0.05,1.51,24.17,[]
/dlsu/goks/cam,/dlsu/goks/cam,0.000000,0,0,,0,0,,0.01,0.00,24.17,[]
/dlsu/goks/cam,/dlsu/goks/cam,0.000000,71012.94132995605,0,,0,0,,0.07,2.02,23.78,[]
/dlsu/goks/cam,/dlsu/goks/cam,0.000000,0,0,,0,0,,0.01,0.00,23.34,[]
/dlsu/goks/cam,/dlsu/goks/cam,0.000000,0,0,,0,0,,0.01,0.00,24.14,[]
/dlsu/goks/cam,/dlsu/goks/cam,0.000000,71012.999532938,0,,0,0,,0.17,0.71,23.56,[]
/dlsu/goks/cam,/dlsu/goks/cam,0.000000,71013.0517270565,0,,0,0,,0.05,0.96,20.37,[]
/dlsu/goks/cam,/dlsu/goks/cam,0.000000,71013.06867194176,0,,0,0,,0.03,0.77,24.91,[]
/dlsu/goks/cam,/dlsu/goks/cam,0.000000,0,0,,0,0,,0.01,0.00,24.17,[]
/dlsu/goks/cam,/dlsu/goks/cam,0.000000,71013.1112549305,0,,0,0,,0.03,0.87,25.13,[]
/dlsu/goks/cam,/dlsu/goks/cam,0.000000,71013.15384101868,0,,0,0,,0.03,0.82,23.53,[]
/dlsu/goks/cam,/dlsu/goks/cam,0.000000,71013.191010952,0,,0,0,,0.03,0.86,21.60,[]
/dlsu/goks/cam,/dlsu/goks/cam,0.000000,71013.2218170166,0,,0,0,,0.02,0.71,25.09,[]
/dlsu/goks/cam,/dlsu/goks/cam,0.000000,71013.31358909607,0,,0,0,,0.06,1.88,21.82,[]
/dlsu/goks/cam,/dlsu/goks/cam,0.000000,0,0,,0,0,,0.00,0.00,21.49,[]
/dlsu/goks/cam,/dlsu/goks/cam,0.000000,71013.35824394226,0,,0,0,,0.03,0.73,25.19,[]
/dlsu/goks/cam,/dlsu/goks/cam,0.000000,71013.43110108376,0,,0,0,,0.05,0.82,25.16,[]
/dlsu/goks/cam,/dlsu/goks/cam,0.000000,71013.46290707588,0,,0,0,,0.06,0.80,22.39,[]
/dlsu/goks/cam,/dlsu/goks/cam,0.000000,71013.50205492973,0,,0,0,,0.05,1.45,23.14,[]
/dlsu/goks/cam,/dlsu/goks/cam,0.000000,0,0,,0,0,,0.00,0.00,22.96,[]
/dlsu/goks/cam,/dlsu/goks/cam,0.000000,71013.56042289734,0,,0,0,,0.04,0.85,25.14,[]
/dlsu/goks/cam,/dlsu/goks/cam,0.000000,71013.61312699318,0,,0,0,,0.04,1.26,25.55,[]
/dlsu/goks/cam,/dlsu/goks/cam,0.000000,0,0,,0,0,,0.01,0.00,25.20,[]
/dlsu/goks/cam,/dlsu/goks/cam,0.000000,71013.67428898811,0,,0,0,,0.04,0.88,23.12,[]
/dlsu/goks/cam,/dlsu/goks/cam,0.000000,71013.72867894173,0,,0,0,,0.08,2.01,25.15,[]
/dlsu/goks/cam,/dlsu/goks/cam,0.000000,0,0,,0,0,,0.01,0.00,25.23,[]
/dlsu/goks/cam,/dlsu/goks/cam,0.000000,71013.83599591255,0,,0,0,,0.04,1.08,23.25,[]
/dlsu/goks/cam,/dlsu/goks/cam,0.000000,71013.86818099022,0,,0,0,,0.02,0.83,25.14,[]
/dlsu/goks/cam,/dlsu/goks/cam,0.000000,71013.91316604614,0,,0,0,,0.07,1.44,21.23,[]
/dlsu/goks/cam,/dlsu/goks/cam,0.000000,71013.96871709824,0,,0,0,,0.06,1.69,24.14,[]
/dlsu/goks/cam,/dlsu/goks/cam,0.000000,71013.98502993584,0,,0,0,,0.22,0.98,25.65,[]
/dlsu/goks/cam,/dlsu/goks/cam,0.000000,0,0,,0,0,,0.01,0.00,28.78,[]
/dlsu/goks/cam,/dlsu/goks/cam,0.000000,71014.09471106529,0,,0,0,,0.26,8.68,30.32,[]
/dlsu/goks/cam,/dlsu/goks/cam,0.000000,0,0,,0,0,,0.03,0.00,27.19,[]
/dlsu/goks/cam,/dlsu/goks/cam,0.000000,71014.17651200294,0,,0,0,,0.13,16.93,25.90,[]
/dlsu/goks/cam,/dlsu/goks/cam,0.000000,71014.20584607124,0,,0,0,,0.11,0.92,25.70,[]
/dlsu/goks/cam,/dlsu/goks/cam,0.000000,0,0,,0,0,,0.01,0.00,22.29,[]
/dlsu/goks/cam,/dlsu/goks/cam,0.000000,71014.25488495827,0,,0,0,,0.16,0.81,22.28,[]
/dlsu/goks/cam,/dlsu/goks/cam,0.000000,71014.287348032,0,,0,0,,0.03,0.92,23.33,[]
/dlsu/goks/cam,/dlsu/goks/cam,0.000000,71014.341837883,0,,0,0,,0.05,1.53,23.31,[]
/dlsu/goks/cam,/dlsu/goks/cam,0.000000,71014.35760307312,0,,0,0,,0.02,0.63,24.86,[]
/dlsu/goks/cam,/dlsu/goks/cam,0.000000,0,0,,0,0,,0.01,0.00,24.13,[]
/dlsu/goks/cam,/dlsu/goks/cam,0.000000,71014.41164398193,0,,0,0,,0.02,0.89,25.19,[]
/dlsu/goks/cam,/dlsu/goks/cam,0.000000,71014.46230101585,0,,0,0,,0.04,1.20,25.16,[]
/dlsu/goks/cam,/dlsu/goks/cam,0.000000,71014.50094890594,0,,0,0,,0.03,0.76,25.17,[]
/dlsu/goks/cam,/dlsu/goks/cam,0.000000,71014.57126402855,0,,0,0,,0.06,1.81,20.19,[]
/dlsu/goks/cam,/dlsu/goks/cam,0.000000,0,0,,0,0,,0.00,0.00,25.10,[]
/dlsu/goks/cam,/dlsu/goks/cam,0.000000,71014.64011192322,0,,0,0,,0.06,1.94,24.91,[]
/dlsu/goks/cam,/dlsu/goks/cam,0.000000,71014.6629641056,0,,0,0,,0.03,0.78,24.76,[]
/dlsu/goks/cam,/dlsu/goks/cam,0.000000,0,0,,0,0,,0.00,0.00,24.66,[]
/dlsu/goks/cam,/dlsu/goks/cam,0.000000,71014.7412970066,0,,0,0,,0.04,0.89,23.38,[]
/dlsu/goks/cam,/dlsu/goks/cam,0.000000,71014.79134988785,0,,0,0,,0.03,0.77,25.72,[]
/dlsu/goks/cam,/dlsu/goks/cam,0.000000,71014.84026694298,0,,0,0,,0.04,1.28,25.14,[]
/dlsu/goks/cam,/dlsu/goks/cam,0.000000,71014.89093589783,0,,0,0,,0.07,1.51,25.23,[]
/dlsu/goks/cam,/dlsu/goks/cam,0.000000,0,0,,0,0,,0.01,0.00,21.11,[]
/dlsu/goks/cam,/dlsu/goks/cam,0.000000,71014.94256305695,0,,0,0,,0.04,0.82,25.45,[]
/dlsu/goks/cam,/dlsu/goks/cam,0.000000,71014.99313092232,0,,0,0,,0.04,0.80,25.19,[]
/dlsu/goks/cam,/dlsu/goks/cam,0.000000,71015.06239008904,0,,0,0,,0.10,1.65,24.62,[]
/dlsu/goks/cam,/dlsu/goks/cam,0.000000,0,0,,0,0,,0.01,0.00,20.16,[]
/dlsu/goks/cam,/dlsu/goks/cam,0.000000,71015.10220193863,0,,0,0,,0.06,1.07,25.11,[]
/dlsu/goks/cam,/dlsu/goks/cam,0.000000,71015.19423699379,0,,0,0,,0.06,0.86,20.93,[]
/dlsu/goks/cam,/dlsu/goks/cam,0.000000,0,0,,0,0,,0.00,0.00,23.82,[]
/dlsu/goks/cam,/dlsu/goks/cam,0.000000,71015.26626205444,0,,0,0,,0.06,1.53,25.07,[]
/dlsu/goks/cam,/dlsu/goks/cam,0.000000,0,0,,0,0,,0.01,0.00,20.63,[]
/dlsu/goks/cam,/dlsu/goks/cam,0.000000,71015.40748810768,0,,0,0,,0.09,1.54,25.21,[]
/dlsu/goks/cam,/dlsu/goks/cam,0.000000,0,0,,0,0,,0.01,0.00,25.08,[]
/dlsu/goks/cam,/dlsu/goks/cam,0.000000,71015.46445894241,0,,0,0,,0.04,1.01,25.15,[]
/dlsu/goks/cam,/dlsu/goks/cam,0.000000,71015.50308203697,0,,0,0,,0.03,0.82,25.15,[]
/dlsu/goks/cam,/dlsu/goks/cam,0.000000,71015.64424300194,0,,0,0,,0.07,1.78,25.27,[]
/dlsu/goks/cam,/dlsu/goks/cam,0.000000,0,0,,0,0,,0.01,0.00,21.92,[]
/dlsu/goks/cam,/dlsu/goks/cam,0.000000,71015.68881392479,0,,0,0,,0.04,0.88,25.13,[]
/dlsu/goks/cam,/dlsu/goks/cam,0.000000,71015.74679803848,0,,0,0,,0.06,1.64,24.86,[]
/dlsu/goks/cam,/dlsu/goks/cam,0.000000,71015.76276302338,0,,0,0,,0.02,0.67,21.40,[]
/dlsu/goks/cam,/dlsu/goks/cam,0.000000,0,0,,0,0,,0.01,0.00,23.29,[]
/dlsu/goks/cam,/dlsu/goks/cam,0.000000,71015.81838488579,0,,0,0,,0.04,0.41,25.63,[]
/dlsu/goks/cam,/dlsu/goks/cam,0.000000,71015.8666100502,0,,0,0,,0.03,0.82,25.17,[]
/dlsu/goks/cam,/dlsu/goks/cam,0.000000,71022.9401268959,0,,0,0,,0.56,1.90,22.02,[]
/dlsu/goks/cam,/dlsu/goks/cam,0.000000,71022.97162890434,0,,0,0,,0.05,1.01,25.37,[]
/dlsu/goks/cam,/dlsu/goks/cam,0.000000,0,0,,0,0,,0.00,0.00,20.65,[]
/dlsu/goks/cam,/dlsu/goks/cam,0.000000,71023.0941131115,0,,0,0,,0.19,13.09,32.58,[]
/dlsu/goks/cam,/dlsu/goks/cam,0.000000,71023.17274093628,0,,0,0,,0.04,20.23,25.61,[]
/dlsu/goks/cam,/dlsu/goks/cam,0.000000,0,0,,0,0,,0.04,0.00,26.34,[]
/dlsu/goks/cam,/dlsu/goks/cam,0.000000,71023.23241996765,0,,0,0,,0.09,0.96,25.10,[]
/dlsu/goks/cam,/dlsu/goks/cam,0.000000,0,0,,0,0,,0.01,0.00,20.25,[]
/dlsu/goks/cam,/dlsu/goks/cam,0.000000,71023.31136798859,0,,0,0,,0.03,0.88,23.83,[]
/dlsu/goks/cam,/dlsu/goks/cam,0.000000,71023.35228705406,0,,0,0,,0.03,0.72,21.22,[]
/dlsu/goks/cam,/dlsu/goks/cam,0.000000,71023.4027440548,0,,0,0,,0.04,0.73,25.16,[]
/dlsu/goks/cam,/dlsu/goks/cam,0.000000,71023.46185708046,0,,0,0,,0.08,1.95,24.22,[]
/dlsu/goks/cam,/dlsu/goks/cam,0.000000,0,0,,0,0,,0.01,0.00,25.08,[]
/dlsu/goks/cam,/dlsu/goks/cam,0.000000,71023.51752901077,0,,0,0,,0.06,1.84,20.62,[]
/dlsu/goks/cam,/dlsu/goks/cam,0.000000,0,0,,0,0,,0.01,0.00,21.49,[]
/dlsu/goks/cam,/dlsu/goks/cam,0.000000,71023.57652497292,0,,0,0,,0.05,1.21,25.23,[]
/dlsu/goks/cam,/dlsu/goks/cam,0.000000,71023.64691400528,0,,0,0,,0.05,0.83,23.02,[]
/dlsu/goks/cam,/dlsu/goks/cam,0.000000,0,0,,0,0,,0.00,0.00,24.21,[]
/dlsu/goks/cam,/dlsu/goks/cam,0.000000,71023.68268895149,0,,0,0,,0.24,0.76,25.16,[]
/dlsu/goks/cam,/dlsu/goks/cam,0.000000,71023.72871994972,0,,0,0,,0.04,1.36,23.27,[]
/dlsu/goks/cam,/dlsu/goks/cam,0.000000,71023.79395389557,0,,0,0,,0.06,1.43,21.81,[]
/dlsu/goks/cam,/dlsu/goks/cam,0.000000,0,0,,0,0,,0.01,0.00,25.09,[]
/dlsu/goks/cam,/dlsu/goks/cam,0.000000,71023.84706306458,0,,0,0,,0.04,0.98,22.35,[]
/dlsu/goks/cam,/dlsu/goks/cam,0.000000,71023.89538288116,0,,0,0,,0.04,0.98,22.90,[]
/dlsu/goks/cam,/dlsu/goks/cam,0.000000,71023.92498111725,0,,0,0,,0.03,1.04,22.57,[]
/dlsu/goks/cam,/dlsu/goks/cam,0.000000,71023.9549601078,0,,0,0,,0.05,0.91,22.33,[]
/dlsu/goks/cam,/dlsu/goks/cam,0.000000,71024.00050497055,0,,0,0,,0.04,0.82,25.13,[]
/dlsu/goks/cam,/dlsu/goks/cam,0.000000,71024.03972792625,0,,0,0,,0.03,0.74,22.26,[]
/dlsu/goks/cam,/dlsu/goks/cam,0.000000,71024.1034629345,0,,0,0,,0.06,0.93,23.85,[]
/dlsu/goks/cam,/dlsu/goks/cam,0.000000,71024.13829302788,0,,0,0,,0.03,0.93,23.47,[]
/dlsu/goks/cam,/dlsu/goks/cam,0.000000,71024.18560004234,0,,0,0,,0.03,0.82,23.97,[]
/dlsu/goks/cam,/dlsu/goks/cam,0.000000,71024.22821807861,0,,0,0,,0.04,1.04,20.74,[]
/dlsu/goks/cam,/dlsu/goks/cam,0.000000,71024.27462005615,0,,0,0,,0.03,0.77,20.63,[]
/dlsu/goks/cam,/dlsu/goks/cam,0.000000,71024.32409310341,0,,0,0,,0.04,0.78,21.19,[]
/dlsu/goks/cam,/dlsu/goks/cam,0.000000,71024.37826299667,0,,0,0,,0.05,1.65,20.60,[]
/dlsu/goks/cam,/dlsu/goks/cam,0.000000,0,0,,0,0,,0.00,0.00,25.10,[]
/dlsu/goks/cam,/dlsu/goks/cam,0.000000,71024.4391450882,0,,0,0,,0.05,1.18,25.55,[]
/dlsu/goks/cam,/dlsu/goks/cam,0.000000,71024.4975540638,0,,0,0,,0.07,1.89,20.55,[]
/dlsu/goks/cam,/dlsu/goks/cam,0.000000,0,0,,0,0,,0.01,0.00,24.47,[]
/dlsu/goks/cam,/dlsu/goks/cam,0.000000,71024.54247689247,0,,0,0,,0.04,0.98,25.15,[]
/dlsu/goks/cam,/dlsu/goks/cam,0.000000,71024.61892604828,0,,0,0,,0.05,0.82,25.18,[]
/dlsu/goks/cam,/dlsu/goks/cam,0.000000,71024.65318107605,0,,0,0,,0.03,0.60,23.04,[]
/dlsu/goks/cam,/dlsu/goks/cam,0.000000,71024.70491600037,0,,0,0,,0.04,0.80,22.50,[]
/dlsu/goks/cam,/dlsu/goks/cam,0.000000,71024.74001789093,0,,0,0,,0.03,1.27,21.11,[]
/dlsu/goks/cam,/dlsu/goks/cam,0.000000,71024.84697198868,0,,0,0,,0.08,1.89,22.33,[]
/dlsu/goks/cam,/dlsu/goks/cam,0.000000,0,0,,0,0,,0.01,0.00,23.19,[]
/dlsu/goks/cam,/dlsu/goks/cam,0.000000,71024.93718791008,0,,0,0,,0.08,1.69,25.10,[]
/dlsu/goks/cam,/dlsu/goks/cam,0.000000,0,0,,0,0,,0.01,0.00,24.96,[]
/dlsu/goks/cam,/dlsu/goks/cam,0.000000,71024.99942088127,0,,0,0,,0.07,1.55,20.56,[]
/dlsu/goks/cam,/dlsu/goks/cam,0.000000,0,0,,0,0,,0.01,0.00,23.43,[]
/dlsu/goks/cam,/dlsu/goks/cam,0.000000,71025.09558606148,0,,0,0,,0.13,2.96,25.10,[]
/dlsu/goks/cam,/dlsu/goks/cam,0.000000,0,0,,0,0,,0.01,0.00,23.66,[]
/dlsu/goks/cam,/dlsu/goks/cam,0.000000,71025.14141011238,0,,0,0,,0.03,0.99,25.22,[]
/dlsu/goks/cam,/dlsu/goks/cam,0.000000,71025.17338109016,0,,0,0,,0.10,0.75,20.70,[]
/dlsu/goks/cam,/dlsu/goks/cam,0.000000,71025.22661805153,0,,0,0,,0.05,1.62,23.33,[]
/dlsu/goks/cam,/dlsu/goks/cam,0.000000,0,0,,0,0,,0.01,0.00,23.71,[]
/dlsu/goks/cam,/dlsu/goks/cam,0.000000,71025.3409640789,0,,0,0,,0.07,1.17,25.16,[]
/dlsu/goks/cam,/dlsu/goks/cam,0.000000,0,0,,0,0,,0.01,0.00,21.05,[]
/dlsu/goks/cam,/dlsu/goks/cam,0.000000,71025.4406030178,0,,0,0,,0.06,1.55,21.87,[]
/dlsu/goks/cam,/dlsu/goks/cam,0.000000,0,0,,0,0,,0.01,0.00,25.13,[]
/dlsu/goks/cam,/dlsu/goks/cam,0.000000,71025.49045300484,0,,0,0,,0.03,0.82,20.14,[]
/dlsu/goks/cam,/dlsu/goks/cam,0.000000,71025.53543996811,0,,0,0,,0.15,1.96,20.20,[]
/dlsu/goks/cam,/dlsu/goks/cam,0.000000,0,0,,0,0,,0.00,0.00,24.56,[]
/dlsu/goks/cam,/dlsu/goks/cam,0.000000,71025.6028020382,0,,0,0,,0.04,0.85,23.38,[]
/dlsu/goks/cam,/dlsu/goks/cam,0.000000,71025.68883109093,0,,0,0,,0.04,0.43,21.75,[]
/dlsu/goks/cam,/dlsu/goks/cam,0.000000,71025.76722693443,0,,0,0,,0.90,1.44,25.23,[]
/dlsu/goks/cam,/dlsu/goks/cam,0.000000,71025.81495690346,0,,0,0,,0.10,2.00,20.39,[]
/dlsu/goks/cam,/dlsu/goks/cam,0.000000,0,0,,0,0,,0.01,0.00,23.01,[]
/dlsu/goks/cam,/dlsu/goks/cam,0.000000,71025.90042710304,0,,0,0,,0.22,2.84,24.75,[]
/dlsu/goks/cam,/dlsu/goks/cam,0.000000,0,0,,0,0,,0.01,0.00,25.42,[]
/dlsu/goks/cam,/dlsu/goks/cam,0.000000,71025.95185804367,0,,0,0,,0.06,1.07,20.50,[]
/dlsu/goks/cam,/dlsu/goks/cam,0.000000,71025.99734592438,0,,0,0,,0.04,1.23,25.31,[]
/dlsu/goks/cam,/dlsu/goks/cam,0.000000,71026.04460310936,0,,0,0,,0.04,0.94,25.17,[]
/dlsu/goks/cam,/dlsu/goks/cam,0.000000,71026.12350511551,0,,0,0,,0.05,0.96,25.09,[]
/dlsu/goks/cam,/dlsu/goks/cam,0.000000,71026.17333698273,0,,0,0,,0.06,1.24,21.23,[]
/dlsu/goks/cam,/dlsu/goks/cam,0.000000,0,0,,0,0,,0.01,0.00,25.07,[]
/dlsu/goks/cam,/dlsu/goks/cam,0.000000,71026.2552409172,0,,0,0,,0.06,0.98,26.01,[]
/dlsu/goks/cam,/dlsu/goks/cam,0.000000,0,0,,0,0,,0.01,0.00,21.31,[]
/dlsu/goks/cam,/dlsu/goks/cam,0.000000,71026.297508955,0,,0,0,,0.12,1.17,21.80,[]
/dlsu/goks/cam,/dlsu/goks/cam,0.000000,0,0,,0,0,,0.00,0.00,23.80,[]
/dlsu/goks/cam,/dlsu/goks/cam,0.000000,71026.34507489204,0,,0,0,,0.04,1.16,24.03,[]
/dlsu/goks/cam,/dlsu/goks/cam,0.000000,0,0,,0,0,,0.01,0.00,25.08,[]
/dlsu/goks/cam,/dlsu/goks/cam,0.000000,71026.43720006943,0,,0,0,,0.06,1.43,25.79,[]
/dlsu/goks/cam,/dlsu/goks/cam,0.000000,0,0,,0,0,,0.01,0.00,20.46,[]
/dlsu/goks/cam,/dlsu/goks/cam,0.000000,71026.51718306541,0,,0,0,,0.17,1.85,22.10,[]
/dlsu/goks/cam,/dlsu/goks/cam,0.000000,0,0,,0,0,,0.00,0.00,25.10,[]
/dlsu/goks/cam,/dlsu/goks/cam,0.000000,71026.56701493263,0,,0,0,,0.05,1.16,20.65,[]
/dlsu/goks/cam,/dlsu/goks/cam,0.000000,71026.62525105476,0,,0,0,,0.22,1.34,21.26,[]
/dlsu/goks/cam,/dlsu/goks/cam,0.000000,71026.66691708565,0,,0,0,,0.05,1.77,21.40,[]
/dlsu/goks/cam,/dlsu/goks/cam,0.000000,0,0,,0,0,,0.01,0.00,23.21,[]
/dlsu/goks/cam,/dlsu/goks/cam,0.000000,71026.72065496445,0,,0,0,,0.07,1.51,25.21,[]
/dlsu/goks/cam,/dlsu/goks/cam,0.000000,0,0,,0,0,,0.01,0.00,20.19,[]
/dlsu/goks/cam,/dlsu/goks/cam,0.000000,71026.79024910927,0,,0,0,,0.04,0.80,25.16,[]
/dlsu/goks/cam,/dlsu/goks/cam,0.000000,71026.87481188774,0,,0,0,,0.08,1.78,25.08,[]
/dlsu/goks/cam,/dlsu/goks/cam,0.000000,0,0,,0,0,,0.01,0.00,24.93,[]
/dlsu/goks/cam,/dlsu/goks/cam,0.000000,71026.90877890587,0,,0,0,,0.04,1.32,24.44,[]
/dlsu/goks/cam,/dlsu/goks/cam,0.000000,71026.98098492622,0,,0,0,,0.04,0.81,25.09,[]
/dlsu/goks/cam,/dlsu/goks/cam,0.000000,71027.04786801338,0,,0,0,,0.04,0.77,24.92,[]
/dlsu/goks/cam,/dlsu/goks/cam,0.000000,71027.08431792259,0,,0,0,,0.05,0.88,25.11,[]
/dlsu/goks/cam,/dlsu/goks/cam,0.000000,71027.15006303787,0,,0,0,,0.06,1.88,25.78,[]
/dlsu/goks/cam,/dlsu/goks/cam,0.000000,0,0,,0,0,,0.01,0.00,25.08,[]
/dlsu/goks/cam,/dlsu/goks/cam,0.000000,71027.20869493484,0,,0,0,,0.04,0.77,22.99,[]
/dlsu/goks/cam,/dlsu/goks/cam,0.000000,71027.30399394035,0,,0,0,,0.07,1.63,21.45,[]
/dlsu/goks/cam,/dlsu/goks/cam,0.000000,0,0,,0,0,,0.01,0.00,24.91,[]
/dlsu/goks/cam,/dlsu/goks/cam,0.000000,71027.40222406387,0,,0,0,,0.05,1.07,25.44,[]
/dlsu/goks/cam,/dlsu/goks/cam,0.000000,71027.4351029396,0,,0,0,,0.03,0.81,24.64,[]
/dlsu/goks/cam,/dlsu/goks/cam,0.000000,71027.47882199287,0,,0,0,,0.03,0.88,25.14,[]
/dlsu/goks/cam,/dlsu/goks/cam,0.000000,71027.5576839447,0,,0,0,,0.09,1.02,25.35,[]
/dlsu/goks/cam,/dlsu/goks/cam,0.000000,0,0,,0,0,,0.01,0.00,22.66,[]
/dlsu/goks/cam,/dlsu/goks/cam,0.000000,71027.60682606697,0,,0,0,,0.03,0.95,21.75,[]
/dlsu/goks/cam,/dlsu/goks/cam,0.000000,71027.64195299149,0,,0,0,,0.04,0.45,26.10,[]
/dlsu/goks/cam,/dlsu/goks/cam,0.000000,71027.68346691132,0,,0,0,,0.04,1.11,24.97,[]
/dlsu/goks/cam,/dlsu/goks/cam,0.000000,71027.71582508087,0,,0,0,,0.06,0.90,20.67,[]
/dlsu/goks/cam,/dlsu/goks/cam,0.000000,71027.75968003273,0,,0,0,,0.04,0.75,25.24,[]
/dlsu/goks/cam,/dlsu/goks/cam,0.000000,71027.79107689857,0,,0,0,,0.03,0.94,22.60,[]
/dlsu/goks/cam,/dlsu/goks/cam,0.000000,71027.83532595634,0,,0,0,,0.03,0.79,22.39,[]
/dlsu/goks/cam,/dlsu/goks/cam,0.000000,71027.8771789074,0,,0,0,,0.05,1.12,25.21,[]
/dlsu/goks/cam,/dlsu/goks/cam,0.000000,71027.9308719635,0,,0,0,,0.12,1.90,25.07,[]
/dlsu/goks/cam,/dlsu/goks/cam,0.000000,0,0,,0,0,,0.00,0.00,25.13,[]
/dlsu/goks/cam,/dlsu/goks/cam,0.000000,71027.97675609589,0,,0,0,,0.03,0.69,25.20,[]
/dlsu/goks/cam,/dlsu/goks/cam,0.000000,71028.00701093674,0,,0,0,,0.05,0.73,24.30,[]
/dlsu/goks/cam,/dlsu/goks/cam,0.000000,71028.05910611153,0,,0,0,,0.03,0.72,21.29,[]
/dlsu/goks/cam,/dlsu/goks/cam,0.000000,71028.12165093422,0,,0,0,,0.05,0.84,24.08,[]
/dlsu/goks/cam,/dlsu/goks/cam,0.000000,0,0,,0,0,,0.01,0.00,23.58,[]
/dlsu/goks/cam,/dlsu/goks/cam,0.000000,71028.17496800423,0,,0,0,,0.03,0.84,25.11,[]
/dlsu/goks/cam,/dlsu/goks/cam,0.000000,71028.20204806328,0,,0,0,,0.03,1.07,24.84,[]
/dlsu/goks/cam,/dlsu/goks/cam,0.000000,71028.23462605476,0,,0,0,,0.03,1.22,24.37,[]
/dlsu/goks/cam,/dlsu/goks/cam,0.000000,71028.2974588871,0,,0,0,,0.04,0.86,22.45,[]
/dlsu/goks/cam,/dlsu/goks/cam,0.000000,71028.32986497879,0,,0,0,,0.03,0.96,25.16,[]
/dlsu/goks/cam,/dlsu/goks/cam,0.000000,71028.39955496788,0,,0,0,,0.04,0.88,25.16,[]
/dlsu/goks/cam,/dlsu/goks/cam,0.000000,71028.44564700127,0,,0,0,,0.03,0.88,22.94,[]
/dlsu/goks/cam,/dlsu/goks/cam,0.000000,71028.50957393646,0,,0,0,,0.07,1.68,20.96,[]
/dlsu/goks/cam,/dlsu/goks/cam,0.000000,0,0,,0,0,,0.00,0.00,21.17,[]
/dlsu/goks/cam,/dlsu/goks/cam,0.000000,71028.56659507751,0,,0,0,,0.04,0.68,20.20,[]
/dlsu/goks/cam,/dlsu/goks/cam,0.000000,71028.6752769947,0,,0,0,,0.04,0.75,25.15,[]
/dlsu/goks/cam,/dlsu/goks/cam,0.000000,71028.73368501663,0,,0,0,,0.04,1.28,21.02,[]
/dlsu/goks/cam,/dlsu/goks/cam,0.000000,71028.76583909988,0,,0,0,,0.06,0.67,25.19,[]
/dlsu/goks/cam,/dlsu/goks/cam,0.000000,71028.80071306229,0,,0,0,,0.14,0.79,25.16,[]
/dlsu/goks/cam,/dlsu/goks/cam,0.000000,71028.84833097458,0,,0,0,,0.03,0.89,25.10,[]
/dlsu/goks/cam,/dlsu/goks/cam,0.000000,71028.93359804153,0,,0,0,,0.08,1.56,22.28,[]
/dlsu/goks/cam,/dlsu/goks/cam,0.000000,0,0,,0,0,,0.00,0.00,25.10,[]
/dlsu/goks/cam,/dlsu/goks/cam,0.000000,71028.9868888855,0,,0,0,,0.03,0.71,21.37,[]
/dlsu/goks/cam,/dlsu/goks/cam,0.000000,71029.03648900986,0,,0,0,,0.04,1.17,25.18,[]
/dlsu/goks/cam,/dlsu/goks/cam,0.000000,71029.07207894325,0,,0,0,,0.03,0.80,21.41,[]
/dlsu/goks/cam,/dlsu/goks/cam,0.000000,71029.10395002365,0,,0,0,,0.05,0.85,23.44,[]
/dlsu/goks/cam,/dlsu/goks/cam,0.000000,71029.15030288696,0,,0,0,,0.03,0.76,25.13,[]
/dlsu/goks/cam,/dlsu/goks/cam,0.000000,71029.22441291809,0,,0,0,,0.06,0.93,25.36,[]
/dlsu/goks/cam,/dlsu/goks/cam,0.000000,71029.26401305199,0,,0,0,,0.11,0.99,22.28,[]
/dlsu/goks/cam,/dlsu/goks/cam,0.000000,71029.3289129734,0,,0,0,,0.07,1.63,24.52,[]
/dlsu/goks/cam,/dlsu/goks/cam,0.000000,71029.34399104118,0,,0,0,,0.13,0.67,25.11,[]
/dlsu/goks/cam,/dlsu/goks/cam,0.000000,71029.37578010559,0,,0,0,,0.03,0.77,25.10,[]
/dlsu/goks/cam,/dlsu/goks/cam,0.000000,71029.40391302109,0,,0,0,,0.02,0.39,20.86,[]
/dlsu/goks/cam,/dlsu/goks/cam,0.000000,71029.42286396027,0,,0,0,,0.02,0.64,21.12,[]
/dlsu/goks/cam,/dlsu/goks/cam,0.000000,0,0,,0,0,,0.01,0.00,25.08,[]
/dlsu/goks/cam,/dlsu/goks/cam,0.000000,71029.50362706184,0,,0,0,,0.05,1.21,22.76,[]
/dlsu/goks/cam,/dlsu/goks/cam,0.000000,71029.51962208748,0,,0,0,,0.02,0.39,25.08,[]
/dlsu/goks/cam,/dlsu/goks/cam,0.000000,71029.55211496353,0,,0,0,,0.02,0.73,24.42,[]
/dlsu/goks/cam,/dlsu/goks/cam,0.000000,0,0,,0,0,,0.01,0.00,24.29,[]
/dlsu/goks/cam,/dlsu/goks/cam,0.000000,71029.60067892075,0,,0,0,,0.05,1.49,25.06,[]
/dlsu/goks/cam,/dlsu/goks/cam,0.000000,0,0,,0,0,,0.01,0.00,24.14,[]
/dlsu/goks/cam,/dlsu/goks/cam,0.000000,71029.65341496468,0,,0,0,,0.04,0.94,25.14,[]
/dlsu/goks/cam,/dlsu/goks/cam,0.000000,71029.7290289402,0,,0,0,,0.06,1.45,25.59,[]
/dlsu/goks/cam,/dlsu/goks/cam,0.000000,0,0,,0,0,,0.01,0.00,25.11,[]
/dlsu/goks/cam,/dlsu/goks/cam,0.000000,71029.7774579525,0,,0,0,,0.03,0.96,23.97,[]
/dlsu/goks/cam,/dlsu/goks/cam,0.000000,71029.8503139019,0,,0,0,,0.09,1.28,21.30,[]
/dlsu/goks/cam,/dlsu/goks/cam,0.000000,71029.88075900078,0,,0,0,,0.02,0.60,20.39,[]
/dlsu/goks/cam,/dlsu/goks/cam,0.000000,0,0,,0,0,,0.00,0.00,22.51,[]
/dlsu/goks/cam,/dlsu/goks/cam,0.000000,71029.92818808556,0,,0,0,,0.03,0.70,23.69,[]
/dlsu/goks/cam,/dlsu/goks/cam,0.000000,71029.97491788864,0,,0,0,,0.03,0.86,21.91,[]
/dlsu/goks/cam,/dlsu/goks/cam,0.000000,71030.03954911232,0,,0,0,,0.07,1.34,25.36,[]
/dlsu/goks/cam,/dlsu/goks/cam,0.000000,0,0,,0,0,,0.01,0.00,22.06,[]
/dlsu/goks/cam,/dlsu/goks/cam,0.000000,71030.10333395004,0,,0,0,,0.04,0.75,24.57,[]
/dlsu/goks/cam,/dlsu/goks/cam,0.000000,71030.16206002235,0,,0,0,,0.04,0.95,25.14,[]
/dlsu/goks/cam,/dlsu/goks/cam,0.000000,71030.23657989502,0,,0,0,,0.04,0.90,24.23,[]
/dlsu/goks/cam,/dlsu/goks/cam,0.000000,71030.29571199417,0,,0,0,,0.04,0.74,23.54,[]
/dlsu/goks/cam,/dlsu/goks/cam,0.000000,71030.3821220398,0,,0,0,,0.08,1.87,20.81,[]
/dlsu/goks/cam,/dlsu/goks/cam,0.000000,0,0,,0,0,,0.00,0.00,25.09,[]
/dlsu/goks/cam,/dlsu/goks/cam,0.000000,71030.42175793648,0,,0,0,,0.03,0.82,21.63,[]
/dlsu/goks/cam,/dlsu/goks/cam,0.000000,71030.46200799942,0,,0,0,,0.03,0.90,23.11,[]
/dlsu/goks/cam,/dlsu/goks/cam,0.000000,71030.50977110863,0,,0,0,,0.04,0.85,25.50,[]
/dlsu/goks/cam,/dlsu/goks/cam,0.000000,71030.62140488625,0,,0,0,,0.06,1.61,20.71,[]
/dlsu/goks/cam,/dlsu/goks/cam,0.000000,0,0,,0,0,,0.00,0.00,25.07,[]
/dlsu/goks/cam,/dlsu/goks/cam,0.000000,71030.65934896469,0,,0,0,,0.06,0.84,22.11,[]
/dlsu/goks/cam,/dlsu/goks/cam,0.000000,71030.73120498657,0,,0,0,,0.05,1.27,25.52,[]
/dlsu/goks/cam,/dlsu/goks/cam,0.000000,0,0,,0,0,,0.00,0.00,25.13,[]
/dlsu/goks/cam,/dlsu/goks/cam,0.000000,71030.8274679184,0,,0,0,,0.08,1.71,25.16,[]
/dlsu/goks/cam,/dlsu/goks/cam,0.000000,0,0,,0,0,,0.01,0.00,24.77,[]
/dlsu/goks/cam,/dlsu/goks/cam,0.000000,71030.87279605865,0,,0,0,,0.05,0.93,21.27,[]
/dlsu/goks/cam,/dlsu/goks/cam,0.000000,71030.93618392944,0,,0,0,,0.07,1.62,23.86,[]
/dlsu/goks/cam,/dlsu/goks/cam,0.000000,0,0,,0,0,,0.01,0.00,21.39,[]
/dlsu/goks/cam,/dlsu/goks/cam,0.000000,71030.99493598938,0,,0,0,,0.03,0.77,25.16,[]
/dlsu/goks/cam,/dlsu/goks/cam,0.000000,71031.06046700478,0,,0,0,,0.10,0.76,25.19,[]
/dlsu/goks/cam,/dlsu/goks/cam,0.000000,71036.41792106628,0,,0,0,,9.09,29.00,20.67,[]
/dlsu/goks/cam,/dlsu/goks/cam,0.000000,71036.46814107895,0,,0,0,,1.12,2.80,26.18,[]
/dlsu/goks/cam,/dlsu/goks/cam,0.000000,0,0,,0,0,,0.24,0.00,22.45,[]
/dlsu/goks/cam,/dlsu/goks/cam,0.000000,71036.51398396492,0,,0,0,,0.19,4.37,22.33,[]
/dlsu/goks/cam,/dlsu/goks/cam,0.000000,71036.56081795692,0,,0,0,,0.54,12.23,28.79,[]
/dlsu/goks/cam,/dlsu/goks/cam,0.000000,71036.57438993454,0,,0,0,,0.29,0.96,21.03,[]
/dlsu/goks/cam,/dlsu/goks/cam,0.000000,0,0,,0,0,,0.02,0.00,25.10,[]
/dlsu/goks/cam,/dlsu/goks/cam,0.000000,71036.66179394722,0,,0,0,,0.07,1.55,22.03,[]
/dlsu/goks/cam,/dlsu/goks/cam,0.000000,0,0,,0,0,,0.00,0.00,23.12,[]
/dlsu/goks/cam,/dlsu/goks/cam,0.000000,71036.79814004898,0,,0,0,,0.10,1.99,20.62,[]
/dlsu/goks/cam,/dlsu/goks/cam,0.000000,0,0,,0,0,,0.01,0.00,24.34,[]
/dlsu/goks/cam,/dlsu/goks/cam,0.000000,71036.8364200592,0,,0,0,,0.04,1.27,24.55,[]
/dlsu/goks/cam,/dlsu/goks/cam,0.000000,71036.86271095276,0,,0,0,,0.03,0.84,23.73,[]
/dlsu/goks/cam,/dlsu/goks/cam,0.000000,71036.90601110458,0,,0,0,,0.06,1.74,22.15,[]
/dlsu/goks/cam,/dlsu/goks/cam,0.000000,0,0,,0,0,,0.01,0.00,23.36,[]
/dlsu/goks/cam,/dlsu/goks/cam,0.000000,71036.97455596924,0,,0,0,,0.07,1.14,25.19,[]
/dlsu/goks/cam,/dlsu/goks/cam,0.000000,71037.03372907639,0,,0,0,,0.04,0.83,20.88,[]
/dlsu/goks/cam,/dlsu/goks/cam,0.000000,71037.0819349289,0,,0,0,,0.04,0.85,20.47,[]
/dlsu/goks/cam,/dlsu/goks/cam,0.000000,71037.11517310143,0,,0,0,,0.15,3.84,21.66,[]
/dlsu/goks/cam,/dlsu/goks/cam,0.000000,71037.16833591461,0,,0,0,,0.04,0.89,20.34,[]
/dlsu/goks/cam,/dlsu/goks/cam,0.000000,71037.23688292503,0,,0,0,,0.12,1.54,25.25,[]
/dlsu/goks/cam,/dlsu/goks/cam,0.000000,0,0,,0,0,,0.01,0.00,25.07,[]
/dlsu/goks/cam,/dlsu/goks/cam,0.000000,71037.31522488594,0,,0,0,,0.05,1.46,21.63,[]
/dlsu/goks/cam,/dlsu/goks/cam,0.000000,0,0,,0,0,,0.01,0.00,21.90,[]
/dlsu/goks/cam,/dlsu/goks/cam,0.000000,71037.35330295563,0,,0,0,,0.15,1.03,25.13,[]
/dlsu/goks/cam,/dlsu/goks/cam,0.000000,71037.3821940422,0,,0,0,,0.05,0.89,22.95,[]
/dlsu/goks/cam,/dlsu/goks/cam,0.000000,71037.4156730175,0,,0,0,,0.06,0.95,24.38,[]
/dlsu/goks/cam,/dlsu/goks/cam,0.000000,71037.46270394325,0,,0,0,,0.05,0.61,25.34,[]
/dlsu/goks/cam,/dlsu/goks/cam,0.000000,71037.50640702248,0,,0,0,,0.03,0.87,22.90,[]
/dlsu/goks/cam,/dlsu/goks/cam,0.000000,71037.56570100784,0,,0,0,,0.05,1.79,22.04,[]
/dlsu/goks/cam,/dlsu/goks/cam,0.000000,0,0,,0,0,,0.01,0.00,21.81,[]
/dlsu/goks/cam,/dlsu/goks/cam,0.000000,71037.63681292534,0,,0,0,,0.04,0.78,25.09,[]
/dlsu/goks/cam,/dlsu/goks/cam,0.000000,71037.70331597328,0,,0,0,,0.04,0.81,21.33,[]
/dlsu/goks/cam,/dlsu/goks/cam,0.000000,71037.76042699814,0,,0,0,,0.06,2.20,25.12,[]
/dlsu/goks/cam,/dlsu/goks/cam,0.000000,0,0,,0,0,,0.01,0.00,24.41,[]
/dlsu/goks/cam,/dlsu/goks/cam,0.000000,71037.79746294022,0,,0,0,,0.02,1.00,20.63,[]
/dlsu/goks/cam,/dlsu/goks/cam,0.000000,71037.86621689796,0,,0,0,,0.05,1.45,25.19,[]
/dlsu/goks/cam,/dlsu/goks/cam,0.000000,0,0,,0,0,,0.01,0.00,24.09,[]
/dlsu/goks/cam,/dlsu/goks/cam,0.000000,71037.91818499565,0,,0,0,,0.03,0.88,25.14,[]
/dlsu/goks/cam,/dlsu/goks/cam,0.000000,71037.96574306488,0,,0,0,,0.03,1.11,20.62,[]
/dlsu/goks/cam,/dlsu/goks/cam,0.000000,71037.99772810936,0,,0,0,,0.03,0.44,24.94,[]
/dlsu/goks/cam,/dlsu/goks/cam,0.000000,71038.0242459774,0,,0,0,,0.03,1.04,25.41,[]
/dlsu/goks/cam,/dlsu/goks/cam,0.000000,71038.07707309723,0,,0,0,,0.02,0.76,25.15,[]
/dlsu/goks/cam,/dlsu/goks/cam,0.000000,71038.11444807053,0,,0,0,,0.07,1.52,21.34,[]
/dlsu/goks/cam,/dlsu/goks/cam,0.000000,0,0,,0,0,,0.01,0.00,23.13,[]
/dlsu/goks/cam,/dlsu/goks/cam,0.000000,71038.17504096031,0,,0,0,,0.03,0.90,25.14,[]
/dlsu/goks/cam,/dlsu/goks/cam,0.000000,71038.22287797928,0,,0,0,,0.05,0.93,21.19,[]
/dlsu/goks/cam,/dlsu/goks/cam,0.000000,71038.25072097778,0,,0,0,,0.04,0.91,23.06,[]
/dlsu/goks/cam,/dlsu/goks/cam,0.000000,71038.28358197212,0,,0,0,,0.03,0.89,25.14,[]
/dlsu/goks/cam,/dlsu/goks/cam,0.000000,71038.35809588432,0,,0,0,,0.03,1.24,25.15,[]
/dlsu/goks/cam,/dlsu/goks/cam,0.000000,71038.41684389114,0,,0,0,,0.04,1.14,25.16,[]
/dlsu/goks/cam,/dlsu/goks/cam,0.000000,71038.44930005074,0,,0,0,,0.02,0.82,25.12,[]
/dlsu/goks/cam,/dlsu/goks/cam,0.000000,71038.51270794868,0,,0,0,,0.12,1.20,23.14,[]
/dlsu/goks/cam,/dlsu/goks/cam,0.000000,0,0,,0,0,,0.01,0.00,24.26,[]
/dlsu/goks/cam,/dlsu/goks/cam,0.000000,71038.59004998207,0,,0,0,,0.03,1.07,21.86,[]
/dlsu/goks/cam,/dlsu/goks/cam,0.000000,71038.62459897995,0,,0,0,,0.03,1.11,25.17,[]
/dlsu/goks/cam,/dlsu/goks/cam,0.000000,71038.69120502472,0,,0,0,,0.04,1.05,25.17,[]
/dlsu/goks/cam,/dlsu/goks/cam,0.000000,71038.72615599632,0,,0,0,,0.13,3.39,26.54,[]
/dlsu/goks/cam,/dlsu/goks/cam,0.000000,71038.8020439148,0,,0,0,,2.36,2.43,21.95,[]
/dlsu/goks/cam,/dlsu/goks/cam,0.000000,71038.82480406761,0,,0,0,,0.42,0.91,22.31,[]
/dlsu/goks/cam,/dlsu/goks/cam,0.000000,0,0,,0,0,,0.02,0.00,25.12,[]
/dlsu/goks/cam,/dlsu/goks/cam,0.000000,71038.9009540081,0,,0,0,,0.13,1.36,25.19,[]
/dlsu/goks/cam,/dlsu/goks/cam,0.000000,0,0,,0,0,,0.00,0.00,25.08,[]
/dlsu/goks/cam,/dlsu/goks/cam,0.000000,71043.42483901978,0,,0,0,,0.15,1.48,25.22,[]
/dlsu/goks/cam,/dlsu/goks/cam,0.000000,71043.48789191246,0,,0,0,,0.10,1.74,20.54,[]
/dlsu/goks/cam,/dlsu/goks/cam,0.000000,0,0,,0,0,,0.00,0.00,21.47,[]
/dlsu/goks/cam,/dlsu/goks/cam,0.000000,71043.53332304955,0,,0,0,,0.03,0.78,25.20,[]
/dlsu/goks/cam,/dlsu/goks/cam,0.000000,71043.56241297722,0,,0,0,,0.04,1.29,25.12,[]
/dlsu/goks/cam,/dlsu/goks/cam,0.000000,71043.59463500977,0,,0,0,,0.03,0.89,23.94,[]
/dlsu/goks/cam,/dlsu/goks/cam,0.000000,71043.64305305481,0,,0,0,,0.04,0.80,25.13,[]
/dlsu/goks/cam,/dlsu/goks/cam,0.000000,71043.76214289665,0,,0,0,,0.07,0.81,22.09,[]
/dlsu/goks/cam,/dlsu/goks/cam,0.000000,0,0,,0,0,,0.01,0.00,22.44,[]
/dlsu/goks/cam,/dlsu/goks/cam,0.000000,71043.81324005127,0,,0,0,,0.04,0.96,22.93,[]
/dlsu/goks/cam,/dlsu/goks/cam,0.000000,71043.83930301666,0,,0,0,,0.04,1.08,21.17,[]
/dlsu/goks/cam,/dlsu/goks/cam,0.000000,71043.8816370964,0,,0,0,,0.03,1.11,25.28,[]
/dlsu/goks/cam,/dlsu/goks/cam,0.000000,71043.90861701965,0,,0,0,,0.01,1.02,25.12,[]
